load,timestamp,compose-post-service,home-timeline-redis,home-timeline-service,jaeger,media-frontend,media-memcached,media-mongodb,media-service,nginx-thrift,post-storage-memcached,post-storage-mongodb,post-storage-service,social-graph-mongodb,social-graph-redis,social-graph-service,text-service,unique-id-service,url-shorten-memcached,url-shorten-mongodb,url-shorten-service,user-memcached,user-mention-service,user-mongodb,user-service,user-timeline-mongodb,user-timeline-redis,user-timeline-service
25,2025-03-19T22:46:09.813605,0.0016383333333333345,0.0,0.011936833333333337,0.0058471666666667,0.0,0.0,0.0,0.0,0.0,0.0,0.04080833333333334,0.005053,0.0,0.007348333333333337,0.0,0.010667166666666669,0.0034985000000000007,0.0,0.0,0.0,0.0,0.0,0.0,0.006734000000000002,0.0,0.007456166666666667,0.011576166666666669
25,2025-03-19T22:46:12.816550,0.0,0.0,0.011936833333333337,0.0058471666666667,0.0,0.0,0.0,0.0,0.0,0.0,0.0,0.0,0.028648666666666697,0.007348333333333337,0.024037833333333335,0.0,0.0,0.0,0.0,0.011895833333333333,0.009496000000000003,0.0,0.021925166666666666,0.006734000000000002,0.0,0.007456166666666667,0.0
25,2025-03-19T22:46:15.819482,0.0,0.0,0.0,0.0,0.0,0.0013483333333333335,0.015069666666666686,0.011580166666666667,0.08848216666666668,0.0,0.0,0.0,0.028648666666666697,0.0,0.024037833333333335,0.0,0.0,0.0,0.0,0.011895833333333333,0.009496000000000003,0.0,0.021925166666666666,0.0,0.0,0.0,0.0
25,2025-03-19T22:46:18.820518,0.0,0.0,0.0,0.0,0.0,0.0013483333333333335,0.015069666666666686,0.011580166666666667,0.08848216666666668,0.0014856666666666677,0.0,0.0,0.0,0.0,0.0,0.0,0.0,0.0015873333333333332,0.28791033333333355,0.0,0.0,0.05157095786666667,0.0,0.0,0.0,0.0,0.0
25,2025-03-19T22:46:21.823436,0.0,0.006456666666666667,0.0,0.0,0.0010864999999999996,0.0,0.0,0.0,0.0,0.0014856666666666677,0.037870166666666615,0.0,0.0,0.0,0.0,0.0,0.0,0.0015873333333333332,0.28791033333333355,0.0,0.0,0.05156042933333334,0.0,0.014674833333333335,0.3692721666666668,0.0,0.0390485
25,2025-03-19T22:46:24.826372,0.14819225226666669,0.006456666666666667,0.028752666666666666,0.11877216666666658,0.0010864999999999996,0.0,0.0,0.0,0.0,0.0,0.037870166666666615,0.03963433333333334,0.0,0.0,0.04063833333333334,0.07695166666666668,0.02254,0.0,0.0,0.023423333333333334,0.0,0.0,0.0,0.014674833333333335,0.3692721666666668,0.011100500000000001,0.0390485
25,2025-03-19T22:46:27.829290,0.14822427020000004,0.0,0.028752666666666666,0.11877216666666658,0.0,0.0011021666666666658,0.013038999999999988,0.0,0.10377916666666666,0.0,0.0,0.03963433333333334,0.0,0.013651666666666666,0.04063833333333334,0.07695166666666668,0.02254,0.0,0.0,0.023423333333333334,0.02213566666666667,0.0,0.03707733333333334,0.0,0.0,0.011100500000000001,0.0
25,2025-03-19T22:46:30.832222,0.0,0.0,0.0,0.0,0.0,0.0011021666666666658,0.013038999999999988,0.01708266666666667,0.10377916666666666,0.0,0.0,0.0,0.0473428333333333,0.013651666666666666,0.0,0.0,0.0,0.0,0.0,0.0,0.02213566666666667,0.054077,0.03707733333333334,0.0,0.0,0.0,0.0
25,2025-03-19T22:46:33.835144,0.0,0.003765,0.0,0.0,0.0006423333333333351,0.0,0.0,0.01708266666666667,0.0,0.0,0.0,0.0,0.0473428333333333,0.0,0.0,0.0,0.0,0.0013401666666666679,0.2554356666666665,0.0,0.0,0.054077,0.0,0.0,0.0,0.0,0.0
25,2025-03-19T22:46:36.836526,0.11324766666666665,0.003765,0.0,0.11111883333333344,0.0006423333333333351,0.0,0.010711833333333367,0.0,0.0,0.0013216666666666657,0.04848416666666674,0.03171716666666667,0.0,0.0,0.0,0.04535000000000001,0.0,0.0013401666666666679,0.2554356666666665,0.0,0.0,0.0,0.0,0.0,0.0,0.0,0.0
25,2025-03-19T22:46:39.839429,0.11324766666666665,0.0,0.03271800000000001,0.11111883333333344,0.0,0.0009208333333333338,0.010711833333333367,0.0,0.0,0.0013216666666666657,0.04848416666666674,0.03171716666666667,0.0,0.0,0.0,0.04535000000000001,0.0,0.0,0.0,0.027703666666666668,0.0,0.0,0.027757666666666646,0.021298333333333332,0.40294749999999985,0.015177333333333331,0.05603800000000001
25,2025-03-19T22:46:42.842361,0.0,0.003718333333333333,0.03271800000000001,0.0,0.0,0.0009208333333333338,0.0,0.0,0.117969,0.0,0.0,0.0,0.0,0.0,0.06455083333333335,0.0,0.0,0.0,0.0,0.027703666666666668,0.022292833333333328,0.0,0.027757666666666646,0.021298333333333332,0.40294749999999985,0.015177333333333331,0.05603800000000001
25,2025-03-19T22:46:45.845277,0.08832633333333337,0.003718333333333333,0.0,0.0,0.0006288333333333331,0.0,0.0,0.0,0.117969,0.0,0.0,0.0,0.03174583333333337,0.015467333333333335,0.06455083333333335,0.0,0.025389000000000002,0.0,0.0,0.0,0.022292833333333328,0.05076800000000002,0.0,0.0,0.0,0.0,0.0
25,2025-03-19T22:46:48.848209,0.08832633333333337,0.0,0.0,0.0,0.0006288333333333331,0.0,0.0,0.022776,0.0,0.0,0.0,0.0,0.03174583333333337,0.015467333333333335,0.0,0.0,0.025389000000000002,0.0011388333333333322,0.25465950000000015,0.0,0.0,0.05076800000000002,0.0,0.0,0.0,0.0,0.0
25,2025-03-19T22:46:51.850547,0.0,0.0,0.022993500000000004,0.0,0.0,0.0008989999999999994,0.0,0.022776,0.0,0.0012395,0.0,0.0,0.0,0.0,0.0,0.0,0.0,0.0011388333333333322,0.25465950000000015,0.0,0.0,0.0,0.0,0.0,0.0,0.009343166666666671,0.03591166666666668
25,2025-03-19T22:46:54.853480,0.0,0.0,0.022993500000000004,0.15436566666666665,0.0,0.0008989999999999994,0.01943716666666662,0.0,0.0,0.0012395,0.0,0.03504,0.0,0.0,0.03719216666666666,0.07488466666666667,0.0,0.0,0.0,0.027908333333333344,0.01532533333333334,0.0,0.0,0.0,0.0,0.009343166666666671,0.03591166666666668
25,2025-03-19T22:46:57.855588,0.0,0.004380833333333335,0.0,0.15436566666666665,0.0,0.0,0.01943716666666662,0.0,0.0,0.0,0.052661666666666614,0.03504,0.027797333333333306,0.0,0.03719216666666666,0.07488466666666667,0.0,0.0,0.0,0.027908333333333344,0.01532533333333334,0.05549783333333333,0.03915850000000003,0.0,0.3912955000000001,0.0,0.0
25,2025-03-19T22:47:00.858502,0.13592500000000002,0.004380833333333335,0.0,0.0,0.0,0.0,0.0,0.01313316666666667,0.13346333333333335,0.0,0.052661666666666614,0.0,0.027797333333333306,0.009449166666666666,0.0,0.0,0.0,0.0,0.2028588333333333,0.0,0.0,0.05549783333333333,0.03915850000000003,0.02270466666666667,0.3912955000000001,0.0,0.030884500000000002
25,2025-03-19T22:47:03.861427,0.13592500000000002,0.0,0.0,0.0,0.0009774999999999994,0.0,0.0,0.01313316666666667,0.13346333333333335,0.0,0.0,0.0,0.0,0.009449166666666666,0.0,0.0,0.0,0.0013388333333333332,0.2028588333333333,0.0,0.0,0.0,0.0,0.02270466666666667,0.0,0.010705500000000008,0.030884500000000002
25,2025-03-19T22:47:06.864333,0.0,0.0,0.03092666666666666,0.12049116666666661,0.0009774999999999994,0.0,0.011558166666666649,0.0,0.0,0.001201000000000001,0.0,0.031529000000000015,0.0,0.0,0.0,0.0,0.02585516666666666,0.0013388333333333332,0.0,0.017872499999999996,0.0,0.0,0.0,0.0,0.0,0.010705500000000008,0.0
25,2025-03-19T22:47:09.867265,0.0,0.0,0.03092666666666666,0.12049116666666661,0.0,0.0014840000000000016,0.011558166666666649,0.0,0.0,0.001201000000000001,0.03487650000000005,0.031529000000000015,0.028319333333333366,0.008667499999999996,0.0,0.0,0.02585516666666666,0.0,0.0,0.017872499999999996,0.02122633333333334,0.0,0.02944249999999997,0.0,0.0,0.0,0.0
25,2025-03-19T22:47:12.868761,0.09932666666666665,0.0,0.0,0.0,0.0,0.0014840000000000016,0.0,0.0,0.0,0.0,0.03487650000000005,0.0,0.028319333333333366,0.008667499999999996,0.04985816666666669,0.07529383333333332,0.0,0.0,0.20351583333333306,0.0,0.02122633333333334,0.06201766666666668,0.02944249999999997,0.0,0.0,0.0,0.0
25,2025-03-19T22:47:15.871652,0.09932666666666665,0.006316666666666666,0.0,0.0,0.0006385000000000003,0.0,0.0,0.019444,0.0,0.0,0.0,0.0,0.0,0.0,0.04985816666666669,0.07529383333333332,0.0,0.0,0.20351583333333306,0.0,0.0,0.06201766666666668,0.0,0.0,0.3987596666666669,0.0,0.0
25,2025-03-19T22:47:18.872507,0.0,0.006316666666666666,0.0,0.1429858333333334,0.0006385000000000003,0.0,0.01250016666666672,0.019444,0.14159533333333338,0.0,0.0,0.02521700000000001,0.0,0.0,0.0,0.0,0.0,0.0010793333333333351,0.0,0.022654500000000004,0.0,0.0,0.0,0.02141466666666667,0.3987596666666669,0.011738333333333333,0.052818000000000004
25,2025-03-19T22:47:21.872851,0.0,0.0,0.03008283333333334,0.1429858333333334,0.0,0.0,0.01250016666666672,0.0,0.14159533333333338,0.0,0.0,0.02521700000000001,0.0,0.009358833333333335,0.0,0.0,0.02083300000000001,0.0010793333333333351,0.0,0.022654500000000004,0.015548833333333328,0.0,0.0,0.02141466666666667,0.0,0.011738333333333333,0.052818000000000004
25,2025-03-19T22:47:24.875575,0.0,0.0,0.03008283333333334,0.0,0.0,0.001129166666666665,0.0,0.0,0.0,0.0013430000000000017,0.0446335,0.0,0.0,0.009358833333333335,0.0,0.059105833333333385,0.02083300000000001,0.0,0.0,0.0,0.015548833333333328,0.043005,0.0,0.0,0.0,0.0,0.0
25,2025-03-19T22:47:27.876520,0.0,0.004662666666666667,0.0,0.0,0.0,0.001129166666666665,0.0,0.0,0.0,0.0013430000000000017,0.0446335,0.0,0.04615016666666668,0.0,0.052551833333333325,0.059105833333333385,0.0,0.0,0.0,0.0,0.0,0.043005,0.0,0.0,0.0,0.0,0.0
25,2025-03-19T22:47:30.879454,0.16229316666666666,0.004662666666666667,0.0,0.0,0.0009001666666666673,0.0,0.0,0.0,0.0,0.0,0.0,0.0,0.04615016666666668,0.0,0.052551833333333325,0.0,0.0,0.0,0.0,0.0,0.01334433333333333,0.0,0.04363950000000006,0.0,0.0,0.0,0.0
25,2025-03-19T22:47:33.882376,0.16229316666666666,0.0,0.0,0.0,0.0009001666666666673,0.0,0.0,0.01955516666666666,0.09972333333333332,0.0,0.0,0.035340500000000004,0.0,0.009161833333333333,0.0,0.0,0.015463833333333326,0.0,0.33999316666666723,0.024100833333333353,0.01334433333333333,0.0,0.04363950000000006,0.0,0.0,0.0,0.0
25,2025-03-19T22:47:36.884524,0.0,0.0,0.03483666666666667,0.13674233333333333,0.0,0.0,0.020929666666666662,0.01955516666666666,0.09972333333333332,0.0,0.035457999999999996,0.035340500000000004,0.0,0.009161833333333333,0.031472166666666676,0.0,0.015463833333333326,0.0015719999999999994,0.33999316666666723,0.024100833333333353,0.0,0.0,0.0,0.023576000000000007,0.44477183333333303,0.016412166666666655,0.05584199999999999
25,2025-03-19T22:47:39.887419,0.0,0.0,0.03483666666666667,0.13674233333333333,0.0,0.001381500000000001,0.020929666666666662,0.0,0.0,0.0,0.035457999999999996,0.0,0.0,0.0,0.031472166666666676,0.0,0.0,0.0015719999999999994,0.0,0.0,0.0,0.0,0.0,0.023576000000000007,0.44477183333333303,0.016412166666666655,0.05584199999999999
25,2025-03-19T22:47:42.890328,0.0934358333333334,0.0,0.0,0.0,0.000627333333333334,0.001381500000000001,0.0,0.013156499999999998,0.0,0.0015591666666666649,0.0,0.0,0.031667333333333346,0.0,0.0,0.0,0.0,0.0,0.0,0.0,0.01512583333333334,0.07174116666666665,0.0,0.0,0.0,0.0,0.0
25,2025-03-19T22:47:45.893192,0.0934358333333334,0.005104999999999999,0.0,0.0,0.000627333333333334,0.0,0.0,0.013156499999999998,0.0868508333333334,0.0015591666666666649,0.0,0.0,0.031667333333333346,0.0,0.0,0.08066300000000001,0.0,0.0,0.0,0.0,0.01512583333333334,0.07174116666666665,0.0,0.0,0.0,0.0,0.0
25,2025-03-19T22:47:48.896123,0.0,0.005104999999999999,0.0,0.1398303333333333,0.0,0.0008251666666666663,0.0,0.0,0.0868508333333334,0.0,0.033720999999999966,0.03123233333333331,0.0,0.010929166666666676,0.0,0.08066300000000001,0.0,0.0,0.25525749999999964,0.028718499999999984,0.0,0.0,0.046186833333333295,0.0,0.2888636666666672,0.0,0.0
25,2025-03-19T22:47:51.896506,0.0,0.0,0.029712666666666686,0.1398303333333333,0.0,0.0008251666666666663,0.0,0.0,0.0,0.0008595000000000015,0.033720999999999966,0.03123233333333331,0.0,0.010929166666666676,0.04491649999999999,0.0,0.024695500000000002,0.0012171666666666674,0.25525749999999964,0.028718499999999984,0.0,0.0,0.046186833333333295,0.0,0.2888636666666672,0.0,0.04066433333333338
25,2025-03-19T22:47:54.899422,0.0,0.0,0.029712666666666686,0.0,0.0006644999999999985,0.0,0.0,0.0,0.0,0.0008595000000000015,0.0,0.0,0.0,0.0,0.04491649999999999,0.0,0.024695500000000002,0.0012171666666666674,0.0,0.0,0.0,0.0,0.0,0.020361166666666673,0.0,0.0,0.04066433333333338
25,2025-03-19T22:47:57.902302,0.0,0.004116500000000005,0.0,0.06051066666666691,0.0006644999999999985,0.0,0.020539833333333316,0.01640700000000001,0.0,0.0,0.0,0.0,0.03717850000000001,0.0,0.0,0.0,0.0,0.0,0.0,0.0,0.022679166666666677,0.0,0.0,0.020361166666666673,0.0,0.01619266666666667,0.0
25,2025-03-19T22:48:00.904505,0.18091149999999998,0.004116500000000005,0.0,0.06051066666666691,0.0,0.0,0.020539833333333316,0.01640700000000001,0.0,0.0,0.030259500000000036,0.0,0.03717850000000001,0.0,0.0,0.06714283333333335,0.0,0.0,0.0,0.0,0.022679166666666677,0.07622250000000001,0.0,0.0,0.2617831666666663,0.01619266666666667,0.0
25,2025-03-19T22:48:03.907439,0.18091149999999998,0.0,0.02512316666666666,0.0,0.0,0.0,0.0,0.0,0.12292283333333329,0.0,0.030259500000000036,0.0,0.0,0.0,0.0,0.06714283333333335,0.0,0.0011739999999999993,0.0,0.0,0.0,0.07622250000000001,0.034279500000000025,0.0,0.2617831666666663,0.0,0.04379883333333331
25,2025-03-19T22:48:06.910334,0.0,0.0,0.02512316666666666,0.0,0.0,0.0,0.011864500000000019,0.0,0.12292283333333329,0.0,0.0,0.039952166666666684,0.0,0.0,0.04958116666666672,0.0,0.018410000000000003,0.0011739999999999993,0.3191635000000002,0.030274500000000024,0.0,0.0,0.034279500000000025,0.01565,0.0,0.009725000000000003,0.04379883333333331
25,2025-03-19T22:48:09.912556,0.0,0.0,0.0,0.0,0.0,0.0015798333333333337,0.011864500000000019,0.0,0.0,0.0,0.0,0.039952166666666684,0.0,0.01548666666666667,0.04958116666666672,0.0,0.018410000000000003,0.0,0.3191635000000002,0.030274500000000024,0.0,0.0,0.0,0.01565,0.0,0.009725000000000003,0.0
25,2025-03-19T22:48:12.915455,0.0,0.0,0.0,0.0,0.000921666666666668,0.0015798333333333337,0.0,0.017633500000000007,0.0,0.001512166666666664,0.0,0.0,0.038649833333333314,0.01548666666666667,0.0,0.04074716666666663,0.0,0.0,0.0,0.0,0.0,0.04133650000000004,0.0,0.0,0.0,0.0,0.0
25,2025-03-19T22:48:15.918340,0.14088933333333345,0.005980166666666667,0.0,0.22201566666666664,0.000921666666666668,0.0,0.0,0.017633500000000007,0.0,0.001512166666666664,0.04567599999999998,0.0,0.038649833333333314,0.0,0.0,0.04074716666666663,0.0,0.000822833333333333,0.0,0.0,0.024677499999999984,0.04133650000000004,0.0,0.0,0.2890123333333333,0.0,0.0
25,2025-03-19T22:48:18.920516,0.14088933333333345,0.005980166666666667,0.0,0.22201566666666664,0.0,0.0,0.0,0.0,0.0,0.0,0.04567599999999998,0.0,0.0,0.0,0.0,0.0,0.014697666666666685,0.000822833333333333,0.0,0.0,0.024677499999999984,0.0,0.03131583333333336,0.0,0.2890123333333333,0.0,0.0
25,2025-03-19T22:48:21.923417,0.0,0.0,0.03740250000000001,0.0,0.0,0.0,0.015320833333333304,0.0,0.11812033333333333,0.0,0.0,0.03618700000000001,0.0,0.0,0.0,0.0,0.014697666666666685,0.0,0.22149933333333338,0.0,0.0,0.0,0.03131583333333336,0.015295999999999997,0.0,0.0,0.0
25,2025-03-19T22:48:24.926315,0.0,0.0,0.03740250000000001,0.0,0.0,0.0,0.015320833333333304,0.0,0.11812033333333333,0.0,0.0,0.03618700000000001,0.02844916666666664,0.013062999999999993,0.05296233333333334,0.06302600000000004,0.0,0.0,0.22149933333333338,0.02994566666666665,0.0,0.0,0.0,0.015295999999999997,0.0,0.013585166666666669,0.05718133333333331
25,2025-03-19T22:48:27.929249,0.0,0.004258833333333342,0.0,0.0,0.0,0.0013930000000000008,0.0,0.0,0.0,0.0013823333333333374,0.0,0.0,0.02844916666666664,0.013062999999999993,0.05296233333333334,0.06302600000000004,0.0,0.001064333333333334,0.0,0.02994566666666665,0.0,0.057555666666666644,0.0,0.0,0.0,0.013585166666666669,0.05718133333333331
25,2025-03-19T22:48:30.932100,0.0,0.004258833333333342,0.0,0.09070900000000008,0.0010499999999999978,0.0013930000000000008,0.0,0.020420833333333315,0.0,0.0013823333333333374,0.04172966666666674,0.0,0.0,0.0,0.0,0.0,0.01566183333333334,0.001064333333333334,0.0,0.0,0.022336000000000026,0.057555666666666644,0.03175666666666666,0.0,0.0,0.0,0.0
25,2025-03-19T22:48:33.934955,0.1644560000000001,0.0,0.0,0.09070900000000008,0.0010499999999999978,0.0,0.01131883333333339,0.020420833333333315,0.0,0.0,0.04172966666666674,0.0,0.0,0.0,0.0,0.0,0.01566183333333334,0.0,0.0,0.0,0.022336000000000026,0.0,0.03175666666666666,0.0,0.40908833333333366,0.0,0.0
25,2025-03-19T22:48:36.937779,0.1644560000000001,0.0,0.032325500000000014,0.0,0.0,0.0,0.01131883333333339,0.0,0.0,0.0,0.0,0.03243283333333336,0.0,0.0,0.0,0.0,0.0,0.0,0.2550408333333335,0.024303,0.0,0.0,0.0,0.01781583333333333,0.40908833333333366,0.0,0.0
25,2025-03-19T22:48:39.940507,0.0,0.0,0.032325500000000014,0.0,0.0,0.000978000000000002,0.0,0.0,0.132087,0.0,0.0,0.03243283333333336,0.03021866666666677,0.0,0.05259183333333329,0.0,0.012880166666666656,0.0,0.2550408333333335,0.024303,0.0,0.05523400000000001,0.0,0.01781583333333333,0.0,0.0,0.0
25,2025-03-19T22:48:42.943431,0.0,0.0,0.0,0.0,0.0,0.000978000000000002,0.0,0.014023666666666695,0.132087,0.0,0.0,0.0,0.03021866666666677,0.0,0.05259183333333329,0.06350716666666668,0.012880166666666656,0.0,0.0,0.0,0.0,0.05523400000000001,0.0,0.0,0.0,0.01638916666666668,0.059123000000000044
25,2025-03-19T22:48:45.946308,0.0,0.005244666666666657,0.0,0.21613716666666666,0.0,0.0,0.015832333333333302,0.014023666666666695,0.0,0.0013979999999999967,0.0,0.0,0.0,0.015210833333333342,0.0,0.06350716666666668,0.0,0.001579666666666669,0.0,0.0,0.0,0.0,0.0,0.0,0.0,0.01638916666666668,0.059123000000000044
25,2025-03-19T22:48:48.948511,0.0,0.005244666666666657,0.0,0.21613716666666666,0.0008625000000000023,0.0009603333333333317,0.015832333333333302,0.0,0.0,0.0013979999999999967,0.05638349999999993,0.0,0.0,0.015210833333333342,0.0,0.0,0.0,0.001579666666666669,0.24928300000000017,0.020664500000000013,0.023622833333333336,0.04247416666666674,0.04021833333333332,0.0,0.3421104999999999,0.0,0.0
25,2025-03-19T22:48:51.951395,0.0,0.0,0.0,0.0,0.0008625000000000023,0.0009603333333333317,0.0,0.0,0.0,0.0,0.05638349999999993,0.03258166666666666,0.02811166666666661,0.0,0.031243833333333363,0.0,0.0,0.0,0.24928300000000017,0.020664500000000013,0.023622833333333336,0.04247416666666674,0.04021833333333332,0.0,0.3421104999999999,0.0,0.0
25,2025-03-19T22:48:54.952514,0.18352183333333313,0.0032468333333333286,0.033022999999999955,0.046534444444444316,0.0,0.0,0.0,0.014796833333333335,0.10811516666666673,0.0,0.0,0.03258166666666666,0.02811166666666661,0.0,0.031243833333333363,0.05544550000000004,0.0,0.0,0.0,0.0,0.0,0.0,0.0,0.02357349999999999,0.0,0.011478333333333332,0.03770183333333329
25,2025-03-19T22:48:57.954211,0.18352183333333313,0.0032468333333333286,0.033022999999999955,0.06980166666666647,0.0,0.0,0.0,0.014796833333333335,0.10811516666666673,0.0,0.0,0.0,0.0,0.0,0.0,0.05544550000000004,0.0,0.0,0.0,0.0,0.0,0.0,0.0,0.02357349999999999,0.0,0.011478333333333332,0.03770183333333329
25,2025-03-19T22:49:00.956516,0.0,0.0,0.0,0.06980166666666647,0.0,0.0,0.0,0.0,0.0,0.0011413333333333369,0.0,0.0,0.0,0.0,0.0,0.0,0.02546266666666667,0.0,0.0,0.024220166666666675,0.0,0.0,0.025361333333333274,0.0,0.0,0.0,0.0
50,2025-03-19T22:50:22.202382,0.012910666666666517,0.0,0.0,0.0018287777777779015,0.0,0.0,0.012412000000000017,0.010226333333333351,0.0,0.0009379999999999992,0.0,0.004122999999999951,0.0,0.007101333333333331,0.0,0.009074166666666569,0.012874833333333354,0.0,0.1849883333333335,0.0,0.0,0.0,0.012389555555555494,0.008752222222222224,0.0,0.0,0.0
50,2025-03-19T22:50:25.205358,0.0,0.0,0.0,0.0,0.0005268888888888885,0.0009123333333333345,0.012412000000000017,0.010226333333333351,0.09873600000000002,0.0,0.047046000000000074,0.0,0.03653199999999994,0.0,0.0,0.0,0.012874833333333354,0.0,0.1849883333333335,0.0,0.014117222222222213,0.0,0.012389555555555494,0.008752222222222224,0.0,0.011412500000000011,0.050106333333333294
50,2025-03-19T22:50:28.208275,0.0,0.005903833333333331,0.030268000000000014,0.08174833333333315,0.0005268888888888885,0.0009123333333333345,0.0,0.010226333333333351,0.09873600000000002,0.0,0.047046000000000074,0.0,0.03653199999999994,0.0,0.0,0.0,0.0,0.0,0.1849883333333335,0.0,0.014117222222222213,0.0,0.0,0.008752222222222224,0.2782126666666661,0.011412500000000011,0.050106333333333294
50,2025-03-19T22:50:31.211229,0.0,0.005903833333333331,0.030268000000000014,0.08174833333333315,0.0005268888888888885,0.0,0.0,0.0,0.0,0.0008163333333333357,0.0,0.051342000000000006,0.0,0.0,0.08386466666666678,0.09167100000000014,0.0,0.0009568888888888899,0.0,0.041005166666666655,0.014117222222222213,0.0,0.0,0.0,0.2782126666666661,0.0,0.0
50,2025-03-19T22:50:34.214161,0.16756122222222225,0.0,0.030268000000000014,0.08174833333333315,0.0,0.0,0.01241933333333334,0.01930977777777776,0.0,0.0008163333333333357,0.0,0.051342000000000006,0.0,0.0,0.08386466666666678,0.09167100000000014,0.0,0.0009568888888888899,0.1795666666666662,0.041005166666666655,0.0,0.09886950000000003,0.0,0.0,0.0,0.0,0.0
50,2025-03-19T22:50:37.215455,0.16756122222222225,0.0,0.0,0.0,0.00042388888888889037,0.0,0.01241933333333334,0.01930977777777776,0.0,0.0,0.0,0.0,0.03752550000000011,0.02165733333333331,0.0,0.0,0.028723166666666675,0.0009568888888888899,0.1795666666666662,0.0,0.0,0.09886950000000003,0.045578444444444505,0.0,0.0,0.0,0.06112133333333337
50,2025-03-19T22:50:40.218374,0.16756122222222225,0.0,0.0,0.10019288888888925,0.00042388888888889037,0.0,0.0,0.01930977777777776,0.22268599999999983,0.0008573333333333304,0.0,0.0,0.03752550000000011,0.02165733333333331,0.0,0.0,0.028723166666666675,0.0,0.1795666666666662,0.0,0.0,0.0,0.045578444444444505,0.028598222222222205,0.39931116666666716,0.019733000000000004,0.06112133333333337
50,2025-03-19T22:50:43.220514,0.0,0.0,0.038797,0.10019288888888925,0.00042388888888889037,0.0015466666666666639,0.0,0.0,0.22268599999999983,0.0008573333333333304,0.08000400000000005,0.0,0.0,0.0,0.07047149999999988,0.0,0.0,0.0007418888888888876,0.0,0.0,0.03118699999999998,0.0,0.045578444444444505,0.028598222222222205,0.39931116666666716,0.019733000000000004,0.0
50,2025-03-19T22:50:46.223453,0.0,0.0,0.038797,0.10019288888888925,0.0,0.0015466666666666639,0.0,0.0,0.0,0.0,0.08000400000000005,0.0,0.0,0.0,0.07047149999999988,0.0,0.0,0.0007418888888888876,0.0,0.052313333333333364,0.03118699999999998,0.06880133333333335,0.0,0.028598222222222205,0.0,0.0,0.0
50,2025-03-19T22:50:49.226377,0.0,0.006664999999999996,0.038797,0.0,0.0,0.0,0.0,0.022031000000000012,0.0,0.0,0.0,0.07900250000000002,0.038148333333333305,0.0,0.0,0.0,0.0,0.0007418888888888876,0.0,0.052313333333333364,0.03118699999999998,0.06880133333333335,0.023078777777777722,0.0,0.0,0.015356333333333307,0.0704033333333333
50,2025-03-19T22:50:52.229291,0.1623984444444445,0.006664999999999996,0.0,0.21166944444444427,0.0,0.0,0.02019366666666667,0.022031000000000012,0.18985250000000006,0.0,0.0,0.07900250000000002,0.038148333333333305,0.019383166666666694,0.0,0.1300618333333333,0.038260999999999996,0.0,0.17931055555555592,0.0,0.0,0.0,0.023078777777777722,0.0,0.0,0.015356333333333307,0.0704033333333333
50,2025-03-19T22:50:55.232213,0.1623984444444445,0.0,0.03743355555555559,0.21166944444444427,0.000604222222222222,0.0011011666666666672,0.02019366666666667,0.022031000000000012,0.18985250000000006,0.0,0.0,0.0,0.0,0.019383166666666694,0.07595616666666669,0.1300618333333333,0.038260999999999996,0.0,0.17931055555555592,0.0,0.0,0.0,0.023078777777777722,0.0,0.0,0.0,0.0
50,2025-03-19T22:50:58.235100,0.1623984444444445,0.0,0.03743355555555559,0.21166944444444427,0.000604222222222222,0.0011011666666666672,0.0,0.0,0.0,0.001418999999999999,0.0,0.0,0.0,0.0,0.07595616666666669,0.0,0.0,0.0,0.17931055555555592,0.0,0.0,0.0,0.0,0.024879111111111126,0.49547166666666703,0.0,0.0
50,2025-03-19T22:51:01.237056,0.0,0.0,0.03743355555555559,0.0,0.000604222222222222,0.0,0.0,0.0,0.0,0.001418999999999999,0.0,0.0,0.0,0.0,0.0,0.0,0.026300333333333335,0.0,0.0,0.0,0.03314155555555558,0.0,0.025320444444444493,0.024879111111111126,0.49547166666666703,0.0,0.0
50,2025-03-19T22:51:04.239949,0.0,0.004808833333333337,0.0,0.0,0.0,0.0,0.01195283333333334,0.018451555555555554,0.0,0.0,0.08338966666666656,0.0,0.06049233333333338,0.0,0.0,0.0,0.026300333333333335,0.0009818888888888902,0.0,0.055882166666666684,0.03314155555555558,0.11114900000000003,0.025320444444444493,0.024879111111111126,0.0,0.0,0.0
50,2025-03-19T22:51:07.242853,0.16196700000000006,0.004808833333333337,0.0,0.0,0.0,0.0,0.01195283333333334,0.018451555555555554,0.0,0.0,0.08338966666666656,0.06851016666666669,0.06049233333333338,0.0,0.0,0.0,0.0,0.0009818888888888902,0.0,0.055882166666666684,0.03314155555555558,0.11114900000000003,0.025320444444444493,0.0,0.0,0.025738500000000036,0.10989583333333332
50,2025-03-19T22:51:10.245778,0.16196700000000006,0.0,0.03371888888888888,0.3197504444444444,0.0,0.0,0.0,0.018451555555555554,0.0,0.0,0.0,0.06851016666666669,0.0,0.0,0.0,0.1394688333333334,0.0,0.0009818888888888902,0.23685433333333272,0.0,0.0,0.0,0.0,0.0,0.0,0.025738500000000036,0.10989583333333332
50,2025-03-19T22:51:13.248677,0.16196700000000006,0.0,0.03371888888888888,0.3197504444444444,0.000603222222222221,0.0,0.0,0.0,0.2601275,0.001269833333333336,0.0,0.0,0.0,0.024652333333333314,0.1130076666666667,0.1394688333333334,0.0,0.0,0.23685433333333272,0.0,0.0,0.0,0.0,0.023667888888888898,0.0,0.0,0.0
50,2025-03-19T22:51:16.251580,0.0,0.0035886666666666662,0.03371888888888888,0.3197504444444444,0.000603222222222221,0.0015748333333333356,0.0,0.0,0.2601275,0.001269833333333336,0.0,0.0,0.0,0.024652333333333314,0.1130076666666667,0.0,0.03032516666666663,0.0007501111111111088,0.23685433333333272,0.039097333333333324,0.027912555555555548,0.0,0.0,0.023667888888888898,0.4604199999999992,0.0,0.0
50,2025-03-19T22:51:19.254476,0.0,0.0035886666666666662,0.0,0.0,0.000603222222222221,0.0015748333333333356,0.0,0.0,0.0,0.0,0.0,0.0,0.0,0.0,0.0,0.0,0.03032516666666663,0.0007501111111111088,0.0,0.039097333333333324,0.027912555555555548,0.0,0.04420144444444447,0.023667888888888898,0.4604199999999992,0.018242833333333323,0.0
50,2025-03-19T22:51:22.256898,0.11652977777777768,0.0,0.0,0.1016411111111112,0.0,0.0,0.015132499999999995,0.028103333333333345,0.0,0.0,0.08297416666666665,0.06342833333333328,0.0,0.0,0.0,0.0,0.0,0.0007501111111111088,0.0,0.0,0.027912555555555548,0.11890016666666671,0.04420144444444447,0.0,0.0,0.018242833333333323,0.0
50,2025-03-19T22:51:25.259817,0.11652977777777768,0.0,0.0,0.1016411111111112,0.00034466666666666906,0.0,0.015132499999999995,0.028103333333333345,0.0,0.0009898333333333335,0.08297416666666665,0.06342833333333328,0.0649889999999999,0.0,0.0,0.12243333333333326,0.026334833333333384,0.0,0.16566988888888942,0.0,0.0,0.11890016666666671,0.04420144444444447,0.0,0.0,0.0,0.11354200000000012
50,2025-03-19T22:51:28.262698,0.11652977777777768,0.0,0.05127988888888885,0.1016411111111112,0.00034466666666666906,0.0,0.0,0.028103333333333345,0.23099766666666682,0.0009898333333333335,0.0,0.0,0.0649889999999999,0.017396000000000005,0.09468450000000007,0.12243333333333326,0.026334833333333384,0.0,0.16566988888888942,0.03922966666666665,0.021046000000000023,0.0,0.0,0.02326399999999998,0.41551766666666745,0.0,0.11354200000000012
50,2025-03-19T22:51:31.265632,0.0,0.004843000000000005,0.05127988888888885,0.0,0.00034466666666666906,0.0012898333333333327,0.0,0.0,0.23099766666666682,0.0,0.0,0.0,0.0,0.017396000000000005,0.09468450000000007,0.0,0.0,0.0,0.16566988888888942,0.03922966666666665,0.021046000000000023,0.062474499999999995,0.026729777777777745,0.02326399999999998,0.41551766666666745,0.0,0.0
50,2025-03-19T22:51:34.268639,0.0,0.004843000000000005,0.05127988888888885,0.0,0.0,0.0012898333333333327,0.0,0.0,0.0,0.0,0.0,0.05932716666666668,0.0,0.0,0.0,0.0,0.0,0.0009207777777777797,0.0,0.0,0.021046000000000023,0.062474499999999995,0.026729777777777745,0.02326399999999998,0.0,0.0,0.0
50,2025-03-19T22:51:37.271489,0.0,0.0,0.0,0.11614055555555562,0.0,0.0,0.01672949999999999,0.0,0.0,0.0,0.0,0.05932716666666668,0.05012266666666677,0.0,0.0,0.0,0.028258499999999968,0.0009207777777777797,0.0,0.0,0.0,0.0,0.026729777777777745,0.0,0.0,0.022705000000000013,0.0
50,2025-03-19T22:51:40.274445,0.19279377777777798,0.0,0.02455533333333341,0.11614055555555562,0.0005327777777777771,0.0,0.01672949999999999,0.02537455555555557,0.0,0.0,0.0,0.0,0.05012266666666677,0.0,0.07890266666666658,0.08756599999999996,0.028258499999999968,0.0009207777777777797,0.16928077777777795,0.0,0.0,0.0,0.0,0.0,0.0,0.022705000000000013,0.0
50,2025-03-19T22:51:43.277362,0.19279377777777798,0.0,0.02455533333333341,0.11614055555555562,0.0005327777777777771,0.0,0.0,0.02537455555555557,0.0,0.0015915000000000005,0.09264800000000008,0.0,0.0,0.0,0.07890266666666658,0.08756599999999996,0.0,0.0005604444444444437,0.16928077777777795,0.0,0.027898111111111106,0.0,0.0,0.02221811111111115,0.0,0.0,0.09286933333333326
50,2025-03-19T22:51:46.280267,0.19279377777777798,0.005532333333333325,0.02455533333333341,0.0,0.0005327777777777771,0.0,0.0,0.02537455555555557,0.0,0.0015915000000000005,0.09264800000000008,0.049910333333333355,0.0,0.023245833333333337,0.0,0.0,0.0,0.0005604444444444437,0.16928077777777795,0.05551000000000003,0.027898111111111106,0.0,0.0,0.02221811111111115,0.5167085000000001,0.0,0.09286933333333326
50,2025-03-19T22:51:49.283169,0.0,0.005532333333333325,0.0,0.26645111111111086,0.0,0.0015695000000000017,0.012312666666666713,0.0,0.267912,0.0,0.0,0.049910333333333355,0.0,0.023245833333333337,0.0,0.08064283333333341,0.0,0.0005604444444444437,0.0,0.05551000000000003,0.027898111111111106,0.1147778333333333,0.04508755555555559,0.02221811111111115,0.5167085000000001,0.0,0.0
50,2025-03-19T22:51:52.286081,0.11207722222222218,0.0,0.0,0.26645111111111086,0.00040177777777777873,0.0015695000000000017,0.012312666666666713,0.013640555555555533,0.267912,0.0,0.0480281666666668,0.0,0.0,0.0,0.0,0.08064283333333341,0.0,0.0,0.0,0.0,0.0,0.1147778333333333,0.04508755555555559,0.0,0.0,0.022629000000000014,0.0
50,2025-03-19T22:51:55.289020,0.11207722222222218,0.0,0.03894888888888885,0.26645111111111086,0.00040177777777777873,0.0,0.0,0.013640555555555533,0.0,0.0009194999999999991,0.0480281666666668,0.0,0.060317999999999955,0.0,0.0,0.0,0.0377355,0.0,0.0,0.0,0.0,0.0,0.04508755555555559,0.0,0.0,0.022629000000000014,0.0
50,2025-03-19T22:51:58.291897,0.11207722222222218,0.0,0.03894888888888885,0.09183488888888924,0.00040177777777777873,0.0,0.011963999999999865,0.013640555555555533,0.0,0.0009194999999999991,0.0,0.0,0.060317999999999955,0.0,0.10872900000000002,0.0,0.0377355,0.0007505555555555568,0.22083044444444433,0.04565866666666667,0.026103111111111115,0.0,0.0,0.019174333333333307,0.30132216666666645,0.0,0.09214983333333335
50,2025-03-19T22:52:01.292513,0.0,0.004639000000000005,0.03894888888888885,0.09183488888888924,0.0,0.0,0.011963999999999865,0.0,0.13690133333333362,0.0,0.0,0.06011666666666675,0.0,0.019819166666666686,0.10872900000000002,0.09246066666666676,0.0,0.0007505555555555568,0.22083044444444433,0.04565866666666667,0.026103111111111115,0.0,0.0,0.019174333333333307,0.30132216666666645,0.0,0.09214983333333335
50,2025-03-19T22:52:04.295440,0.11260944444444437,0.004639000000000005,0.0,0.09183488888888924,0.0,0.0011228333333333322,0.0,0.0,0.13690133333333362,0.0,0.0487906666666665,0.06011666666666675,0.0,0.019819166666666686,0.0,0.09246066666666676,0.0,0.0007505555555555568,0.22083044444444433,0.0,0.026103111111111115,0.08952249999999988,0.03513077777777775,0.019174333333333307,0.0,0.0,0.0
50,2025-03-19T22:52:07.298351,0.11260944444444437,0.0,0.03501499999999997,0.0,0.0005407777777777759,0.0011228333333333322,0.0,0.0,0.0,0.0009096666666666652,0.0487906666666665,0.0,0.0414863333333333,0.0,0.0,0.0,0.0,0.0,0.0,0.0,0.0,0.08952249999999988,0.03513077777777775,0.0,0.31603266666666724,0.02107,0.0
50,2025-03-19T22:52:10.301261,0.11260944444444437,0.0,0.03501499999999997,0.0,0.0005407777777777759,0.0,0.0,0.02755033333333332,0.0,0.0009096666666666652,0.0,0.0,0.0414863333333333,0.0,0.0,0.0,0.0,0.0,0.15838766666666657,0.034818166666666636,0.0,0.0,0.03513077777777775,0.0,0.31603266666666724,0.02107,0.08361000000000005
50,2025-03-19T22:52:13.304166,0.0,0.0,0.03501499999999997,0.0,0.0005407777777777759,0.0,0.0,0.02755033333333332,0.0,0.0,0.0,0.04690849999999995,0.0,0.0,0.09459800000000011,0.0,0.04766950000000004,0.0,0.15838766666666657,0.034818166666666636,0.0,0.0,0.0,0.0,0.0,0.0,0.08361000000000005
50,2025-03-19T22:52:16.307076,0.0,0.0053351666666666695,0.0,0.14468955555555538,0.0,0.0,0.0,0.02755033333333332,0.0,0.0,0.0,0.04690849999999995,0.0,0.01757066666666666,0.09459800000000011,0.10046399999999997,0.04766950000000004,0.0010905555555555577,0.15838766666666657,0.0,0.0,0.0,0.0,0.02614922222222221,0.0,0.0,0.0
50,2025-03-19T22:52:19.308525,0.13050044444444434,0.0053351666666666695,0.0,0.14468955555555538,0.0004178888888888905,0.0,0.020381500000000056,0.0,0.2579559999999995,0.0,0.06695300000000012,0.0,0.0,0.01757066666666666,0.0,0.10046399999999997,0.0,0.0010905555555555577,0.0,0.0,0.034267444444444434,0.0,0.031966000000000015,0.02614922222222221,0.0,0.0,0.0
50,2025-03-19T22:52:22.311434,0.13050044444444434,0.0,0.0,0.14468955555555538,0.0004178888888888905,0.0,0.020381500000000056,0.018603444444444457,0.2579559999999995,0.0,0.06695300000000012,0.0,0.0,0.0,0.0,0.0,0.0,0.0010905555555555577,0.1398274444444441,0.03881549999999997,0.034267444444444434,0.10411766666666693,0.031966000000000015,0.02614922222222221,0.40005150000000006,0.021110333333333346,0.059439833333333254
50,2025-03-19T22:52:25.312523,0.13050044444444434,0.0,0.04039800000000001,0.0,0.0004178888888888905,0.0015601666666666635,0.0,0.018603444444444457,0.0,0.0014649999999999989,0.0,0.055802833333333364,0.06730149999999999,0.0,0.0,0.0,0.0,0.0,0.1398274444444441,0.03881549999999997,0.034267444444444434,0.10411766666666693,0.031966000000000015,0.0,0.40005150000000006,0.021110333333333346,0.059439833333333254
50,2025-03-19T22:52:28.315436,0.0,0.003770833333333335,0.04039800000000001,0.0,0.0,0.0015601666666666635,0.0,0.018603444444444457,0.0,0.0014649999999999989,0.0,0.055802833333333364,0.06730149999999999,0.0,0.0,0.0,0.030616833333333357,0.000631111111111107,0.1398274444444441,0.0,0.0,0.0,0.0,0.017064777777777807,0.0,0.0,0.0
50,2025-03-19T22:52:31.318318,0.0,0.003770833333333335,0.04039800000000001,0.0,0.0,0.0,0.0,0.0,0.15716800000000045,0.0,0.0,0.0,0.0,0.0,0.10479583333333337,0.10107399999999997,0.030616833333333357,0.000631111111111107,0.0,0.0,0.0,0.0,0.0,0.017064777777777807,0.0,0.0,0.0
50,2025-03-19T22:52:34.321201,0.15726766666666672,0.0,0.0,0.4385351111111114,0.000484555555555556,0.0,0.01772383333333331,0.017253888888888902,0.15716800000000045,0.0,0.0,0.0,0.0,0.024201166666666683,0.10479583333333337,0.10107399999999997,0.0,0.000631111111111107,0.0,0.045143166666666776,0.0,0.08145749999999997,0.0,0.017064777777777807,0.0,0.0,0.07717600000000015
50,2025-03-19T22:52:37.324070,0.15726766666666672,0.0,0.0,0.4385351111111114,0.000484555555555556,0.0010503333333333384,0.01772383333333331,0.017253888888888902,0.0,0.0010520000000000067,0.0884469999999998,0.0,0.03511916666666674,0.024201166666666683,0.0,0.0,0.0,0.0,0.0,0.045143166666666776,0.03039333333333335,0.08145749999999997,0.0414536666666667,0.0,0.39272416666666626,0.020815166666666645,0.07717600000000015
50,2025-03-19T22:52:40.324525,0.15726766666666672,0.0,0.04236444444444448,0.4385351111111114,0.000484555555555556,0.0010503333333333384,0.0,0.017253888888888902,0.0,0.0010520000000000067,0.0884469999999998,0.06890616666666668,0.03511916666666674,0.0,0.0,0.0,0.027427500000000014,0.0,0.21579866666666686,0.0,0.03039333333333335,0.0,0.0414536666666667,0.02054222222222224,0.39272416666666626,0.020815166666666645,0.0
50,2025-03-19T22:52:43.327413,0.0,0.0,0.04236444444444448,0.0,0.0,0.0,0.0,0.0,0.0,0.0,0.0,0.06890616666666668,0.0,0.0,0.08245999999999991,0.09999266666666677,0.027427500000000014,0.0,0.21579866666666686,0.0,0.03039333333333335,0.0,0.0414536666666667,0.02054222222222224,0.0,0.0,0.0
50,2025-03-19T22:52:46.330294,0.0,0.006412333333333335,0.04236444444444448,0.0,0.0,0.0,0.0,0.016505222222222195,0.0,0.0,0.0,0.0,0.03909133333333322,0.012551333333333286,0.08245999999999991,0.09999266666666677,0.0,0.0,0.21579866666666686,0.0,0.0,0.0,0.0,0.02054222222222224,0.0,0.0,0.0
50,2025-03-19T22:52:49.333187,0.13057222222222248,0.006412333333333335,0.0,0.0,0.000510444444444443,0.0,0.0,0.016505222222222195,0.2535048333333331,0.0010654999999999972,0.0,0.0,0.03909133333333322,0.012551333333333286,0.0,0.0,0.0,0.0011143333333333346,0.0,0.0,0.02236266666666663,0.0,0.02933022222222221,0.0,0.0,0.01840049999999997,0.0
50,2025-03-19T22:52:52.336033,0.13057222222222248,0.0,0.0,0.0,0.000510444444444443,0.0,0.01726683333333338,0.016505222222222195,0.2535048333333331,0.0010654999999999972,0.06558166666666666,0.0,0.0,0.0,0.0,0.0,0.03104549999999999,0.0011143333333333346,0.13533255555555554,0.049554833333333256,0.02236266666666663,0.12068333333333334,0.02933022222222221,0.0,0.4749888333333322,0.01840049999999997,0.10123316666666653
50,2025-03-19T22:52:55.338937,0.13057222222222248,0.0,0.0,0.1941135555555557,0.000510444444444443,0.001494333333333329,0.01726683333333338,0.0,0.0,0.0,0.06558166666666666,0.05539933333333336,0.0,0.0,0.0,0.0,0.03104549999999999,0.0011143333333333346,0.13533255555555554,0.049554833333333256,0.02236266666666663,0.12068333333333334,0.02933022222222221,0.021224999999999977,0.4749888333333322,0.0,0.10123316666666653
50,2025-03-19T22:52:58.340515,0.0,0.0039009999999999882,0.0,0.1941135555555557,0.0,0.001494333333333329,0.0,0.019227333333333364,0.0,0.0,0.0,0.05539933333333336,0.0,0.0,0.08092983333333327,0.0,0.0,0.0,0.13533255555555554,0.0,0.0,0.0,0.0,0.021224999999999977,0.0,0.0,0.0
50,2025-03-19T22:53:01.343415,0.11681777777777767,0.0039009999999999882,0.049416777777777796,0.1941135555555557,0.0,0.0,0.0,0.019227333333333364,0.14808016666666649,0.0,0.0,0.0,0.0,0.0,0.08092983333333327,0.11715883333333318,0.0,0.0,0.0,0.0,0.0,0.0,0.028153888888888864,0.021224999999999977,0.0,0.0,0.0
50,2025-03-19T22:53:04.346275,0.11681777777777767,0.0,0.049416777777777796,0.0,0.00047688888888888786,0.0,0.014166333333333283,0.019227333333333364,0.14808016666666649,0.0,0.0,0.0,0.06305483333333348,0.022250500000000027,0.0,0.11715883333333318,0.027920333333333328,0.000836333333333334,0.1375968888888887,0.039063666666666684,0.0210144444444445,0.0,0.028153888888888864,0.0,0.315074833333334,0.021041000000000015,0.06778966666666679
50,2025-03-19T22:53:07.348524,0.11681777777777767,0.0035736666666666976,0.049416777777777796,0.0,0.00047688888888888786,0.0,0.014166333333333283,0.0,0.0,0.0,0.0,0.055400666666666584,0.06305483333333348,0.022250500000000027,0.0,0.0,0.027920333333333328,0.000836333333333334,0.1375968888888887,0.039063666666666684,0.0210144444444445,0.0,0.028153888888888864,0.0,0.315074833333334,0.021041000000000015,0.06778966666666679
50,2025-03-19T22:53:10.351428,0.0,0.0035736666666666976,0.0,0.0,0.00047688888888888786,0.0,0.0,0.0,0.0,0.0015098333333333307,0.0,0.055400666666666584,0.0,0.0,0.0,0.0,0.0,0.000836333333333334,0.1375968888888887,0.0,0.0210144444444445,0.0,0.0,0.0,0.0,0.0,0.0
50,2025-03-19T22:53:13.354344,0.0,0.0,0.0,0.18256188888888877,0.0,0.001334000000000002,0.0,0.021106666666666635,0.16175633333333356,0.0015098333333333307,0.08523750000000016,0.0,0.0,0.0,0.0,0.0,0.0,0.0,0.0,0.0,0.0,0.11881483333333315,0.0,0.026593666666666654,0.0,0.0,0.0
75,2025-03-19T22:54:33.859839,0.08057483333333339,0.005084333333333358,0.0,0.0,0.0005898333333333312,0.0015936666666666692,0.0,0.009023999999999996,0.04874866666666656,0.0,0.0,0.0,0.0,0.0,0.022488000000000067,0.0,0.0175715,0.0,0.2954120000000001,0.009646833333333346,0.005091499999999953,0.0,0.0,0.0,0.2952530000000001,0.0,0.025033333333333317
75,2025-03-19T22:54:36.860516,0.08057483333333339,0.005084333333333358,0.0,0.09399533333333329,0.0,0.0015936666666666692,0.01779100000000004,0.009023999999999996,0.0,0.0,0.0,0.0,0.0389949999999999,0.0,0.0,0.0,0.0175715,0.0,0.0,0.0,0.0,0.0,0.04773716666666684,0.024331666666666717,0.2952530000000001,0.0,0.0
75,2025-03-19T22:54:39.863430,0.0,0.0,0.040192166666666626,0.09399533333333329,0.0,0.0,0.01779100000000004,0.0,0.0,0.0,0.0,0.05339633333333346,0.0389949999999999,0.0,0.0,0.0,0.0,0.0,0.0,0.0,0.0,0.0,0.04773716666666684,0.024331666666666717,0.0,0.0,0.0
75,2025-03-19T22:54:42.864518,0.0,0.0,0.040192166666666626,0.0,0.0,0.0,0.0,0.0,0.255062,0.0014086666666666694,0.07775183333333344,0.05339633333333346,0.0,0.0,0.08371749999999997,0.14340983333333343,0.0,0.0,0.0,0.04883550000000004,0.0,0.0,0.0,0.0,0.0,0.0,0.0
75,2025-03-19T22:54:45.864812,0.0,0.0,0.0,0.0,0.0,0.0009994999999999958,0.0,0.03344433333333334,0.255062,0.0014086666666666694,0.07775183333333344,0.0,0.0,0.0,0.08371749999999997,0.14340983333333343,0.0,0.0015609999999999977,0.28378316666666714,0.04883550000000004,0.0,0.18294583333333317,0.0,0.0,0.0,0.03568616666666665,0.0
75,2025-03-19T22:54:48.867740,0.0,0.0,0.0,0.0,0.0010615000000000023,0.0009994999999999958,0.01219966666666661,0.03344433333333334,0.0,0.0,0.0,0.06470449999999996,0.0,0.03137233333333334,0.0,0.0,0.0,0.0015609999999999977,0.28378316666666714,0.0,0.0,0.18294583333333317,0.0,0.0,0.0,0.03568616666666665,0.1460608333333336
75,2025-03-19T22:54:51.870670,0.0,0.006223166666666669,0.0,0.2803601666666668,0.0010615000000000023,0.0,0.01219966666666661,0.0,0.0,0.0,0.05965116666666652,0.06470449999999996,0.05748850000000014,0.03137233333333334,0.0,0.0,0.06003566666666668,0.0,0.0,0.0,0.07338016666666662,0.0,0.05389366666666659,0.0,0.6404631666666679,0.0,0.1460608333333336
75,2025-03-19T22:54:54.873613,0.4082681666666665,0.006223166666666669,0.09428650000000009,0.2803601666666668,0.0,0.0,0.0,0.0,0.0,0.0,0.05965116666666652,0.0,0.05748850000000014,0.0,0.0,0.0,0.06003566666666668,0.0,0.0,0.062375333333333234,0.07338016666666662,0.0,0.05389366666666659,0.05287599999999993,0.6404631666666679,0.0,0.0
75,2025-03-19T22:54:57.876569,0.4082681666666665,0.0,0.09428650000000009,0.0,0.0,0.0,0.0,0.0,0.0,0.0,0.0,0.0,0.0,0.0,0.13015650000000004,0.0,0.0,0.0,0.20887049999999976,0.062375333333333234,0.0,0.0,0.0,0.05287599999999993,0.0,0.0,0.0
75,2025-03-19T22:55:00.879502,0.0,0.0,0.0,0.0,0.0,0.0,0.0,0.0,0.0,0.0015323333333333302,0.0,0.0,0.0,0.0,0.13015650000000004,0.1792296666666668,0.0,0.0,0.20887049999999976,0.0,0.0,0.178515,0.0,0.0,0.0,0.0,0.09507116666666646
75,2025-03-19T22:55:03.880517,0.0,0.003755666666666639,0.0,0.0,0.0,0.0015446666666666666,0.0,0.0,0.3730333333333332,0.0015323333333333302,0.0,0.0,0.0,0.0249715,0.0,0.1792296666666668,0.0,0.0015556666666666683,0.0,0.0,0.053496333333333375,0.178515,0.0,0.0,0.0,0.03279950000000002,0.09507116666666646
75,2025-03-19T22:55:06.883411,0.2821785,0.003755666666666639,0.0,0.0,0.0008933333333333341,0.0015446666666666666,0.018629333333333314,0.04801016666666665,0.3730333333333332,0.0,0.08381150000000008,0.0,0.0,0.0249715,0.0,0.0,0.0,0.0015556666666666683,0.0,0.0,0.053496333333333375,0.0,0.07157499999999987,0.03779916666666668,0.0,0.03279950000000002,0.0
75,2025-03-19T22:55:09.886279,0.2821785,0.0,0.0813096666666667,0.3899919999999995,0.0008933333333333341,0.0,0.018629333333333314,0.04801016666666665,0.0,0.0,0.08381150000000008,0.11448366666666666,0.07110916666666671,0.0,0.0,0.0,0.05992849999999998,0.0,0.0,0.0,0.0,0.0,0.07157499999999987,0.03779916666666668,0.6204494999999995,0.0,0.0
75,2025-03-19T22:55:12.889231,0.0,0.0,0.0813096666666667,0.3899919999999995,0.0,0.0,0.0,0.0,0.21095533333333333,0.0,0.0,0.11448366666666666,0.07110916666666671,0.0,0.11867166666666674,0.0,0.05992849999999998,0.0,0.31623450000000025,0.07584016666666675,0.0,0.0,0.0,0.0,0.6204494999999995,0.0,0.0
75,2025-03-19T22:55:15.892133,0.0,0.004630000000000024,0.0,0.0,0.0,0.000993833333333333,0.0,0.0,0.21095533333333333,0.0,0.0,0.0,0.0,0.0,0.11867166666666674,0.1277648333333333,0.0,0.0,0.31623450000000025,0.07584016666666675,0.0,0.0,0.0,0.0,0.0,0.021211833333333322,0.0
75,2025-03-19T22:55:18.892479,0.0,0.004630000000000024,0.0,0.0,0.0006514999999999994,0.000993833333333333,0.0,0.0,0.0,0.001582833333333339,0.0,0.0,0.0,0.025008333333333303,0.0,0.1277648333333333,0.0,0.0,0.0,0.0,0.0,0.17903283333333334,0.0,0.04042150000000004,0.0,0.021211833333333322,0.12843166666666675
75,2025-03-19T22:55:21.895399,0.0,0.0,0.0,0.0,0.0006514999999999994,0.0,0.0,0.042486166666666644,0.0,0.001582833333333339,0.0,0.0,0.0,0.025008333333333303,0.0,0.0,0.0,0.0013579999999999983,0.0,0.0,0.05299100000000002,0.17903283333333334,0.0,0.04042150000000004,0.0,0.0,0.12843166666666675
75,2025-03-19T22:55:24.898338,0.0,0.0,0.0771725000000001,0.7662521666666678,0.0,0.0,0.02048900000000013,0.042486166666666644,0.19558949999999994,0.0,0.10699100000000014,0.08215183333333324,0.0,0.0,0.0,0.0,0.042766499999999937,0.0013579999999999983,0.0,0.0,0.05299100000000002,0.0,0.08497266666666667,0.0,0.5126264999999985,0.020366166666666723,0.0
75,2025-03-19T22:55:27.901085,0.390798666666667,0.0,0.0771725000000001,0.7662521666666678,0.0,0.0,0.02048900000000013,0.0,0.19558949999999994,0.0,0.10699100000000014,0.08215183333333324,0.07269900000000008,0.0,0.0,0.0,0.042766499999999937,0.0,0.2881400000000009,0.0689248333333333,0.0,0.12033300000000019,0.08497266666666667,0.0,0.5126264999999985,0.020366166666666723,0.0
75,2025-03-19T22:55:30.901939,0.3905383077948038,0.005583166666666658,0.0,0.0,0.0005264823451032687,0.0,0.0,0.0,0.0,0.0,0.0,0.0,0.07269900000000008,0.021711500000000033,0.14656783333333342,0.0,0.0,0.0,0.2879480346435719,0.0689248333333333,0.0,0.12033300000000019,0.0,0.0,0.0,0.0,0.0
75,2025-03-19T22:55:33.904521,0.0,0.005583166666666658,0.0,0.0,0.0005268333333333376,0.0013113333333333403,0.0,0.02669433333333338,0.19653633333333373,0.0014134999999999935,0.0,0.0,0.0,0.021711500000000033,0.14656783333333342,0.20118716666666656,0.0,0.0,0.0,0.0,0.0,0.0,0.0,0.0,0.0,0.0,0.1310556666666667
75,2025-03-19T22:55:36.907454,0.0,0.0,0.0,0.0,0.0,0.0013113333333333403,0.0,0.026712141427618453,0.19653633333333373,0.0014134999999999935,0.08101566666666661,0.08523333333333336,0.0,0.0,0.0,0.20118716666666656,0.0,0.0012705136757838582,0.0,0.0,0.0,0.0,0.0,0.0,0.4575596666666684,0.0,0.1310556666666667
75,2025-03-19T22:55:39.910385,0.28713233333333343,0.0,0.06752116666666642,0.27403499999999903,0.0,0.0,0.0,0.0,0.0,0.0,0.08101566666666661,0.08523333333333336,0.0,0.0,0.0,0.0,0.05128149999999999,0.0012696666666666692,0.0,0.0,0.07379766666666666,0.0,0.0,0.058063499999999976,0.4575596666666684,0.0,0.0
75,2025-03-19T22:55:42.913295,0.28713233333333343,0.0038351666666666864,0.06752116666666642,0.27403499999999903,0.0,0.0,0.0,0.024408666666666672,0.0,0.0,0.0,0.0,0.0,0.0,0.10690216666666669,0.0,0.05128149999999999,0.0,0.0,0.0,0.07379766666666666,0.0,0.07355916666666693,0.058063499999999976,0.0,0.03369149999999999,0.0
75,2025-03-19T22:55:45.916222,0.0,0.0038351666666666864,0.0,0.0,0.0,0.0,0.019178333333333224,0.024408666666666672,0.0,0.0,0.0,0.0,0.0,0.0,0.10690216666666669,0.0,0.0,0.0,0.3150861666666648,0.0919998333333334,0.0,0.19049966666666676,0.07355916666666693,0.0,0.0,0.03369149999999999,0.0
75,2025-03-19T22:55:48.919166,0.0,0.0,0.0,0.0,0.0010173333333333332,0.0,0.019178333333333224,0.0,0.0,0.0,0.08252583333333342,0.0,0.07888866666666654,0.0,0.0,0.0,0.03362633333333332,0.000977166666666668,0.3150861666666648,0.0919998333333334,0.0,0.19049966666666676,0.0,0.0,0.0,0.0,0.15087383333333343
75,2025-03-19T22:55:51.920563,0.0,0.0,0.06809600000000002,0.0,0.0010173333333333332,0.0015836666666666592,0.0,0.0,0.36155016666666623,0.0014255000000000055,0.08252583333333342,0.0,0.07888866666666654,0.033217833333333356,0.0,0.0,0.03362633333333332,0.000977166666666668,0.0,0.0,0.0,0.0,0.0,0.0,0.0,0.0,0.15087383333333343
75,2025-03-19T22:55:54.923406,0.30572799999999967,0.0,0.06809600000000002,0.0,0.0,0.0015836666666666592,0.0,0.026112833333333366,0.36155016666666623,0.0014255000000000055,0.0,0.10450616666666691,0.0,0.033217833333333356,0.0,0.19370966666666692,0.0,0.0,0.0,0.0,0.0,0.0,0.0,0.0,0.6105946666666664,0.021736333333333285,0.0
75,2025-03-19T22:55:57.925760,0.30572799999999967,0.0053325,0.0,0.3631156666666667,0.0,0.0,0.0,0.026112833333333366,0.0,0.0,0.0,0.10450616666666691,0.0,0.0,0.0,0.19370966666666692,0.0,0.0,0.0,0.0,0.0684535000000001,0.13307783333333315,0.07890666666666639,0.053571666666666726,0.6105946666666664,0.021736333333333285,0.0
75,2025-03-19T22:56:00.928664,0.0,0.0053325,0.05301733333333333,0.3631156666666667,0.0,0.0,0.0,0.0,0.0,0.0,0.0,0.0,0.0,0.0,0.0,0.0,0.04051616666666676,0.0010759999999999938,0.0,0.06438483333333331,0.0684535000000001,0.13307783333333315,0.07890666666666639,0.053571666666666726,0.0,0.0,0.0
75,2025-03-19T22:56:03.931548,0.0,0.0,0.05301733333333333,0.0,0.0008593333333333324,0.0,0.021164500000000107,0.0,0.24034799999999973,0.0,0.07249850000000004,0.0,0.06710366666666653,0.0,0.15719533333333344,0.0,0.04051616666666676,0.0010759999999999938,0.35842566666666664,0.06438483333333331,0.0,0.0,0.0,0.0,0.0,0.0,0.0
75,2025-03-19T22:56:06.934442,0.0,0.0,0.0,0.0,0.0008593333333333324,0.0,0.021164500000000107,0.0,0.24034799999999973,0.0013739999999999957,0.07249850000000004,0.0,0.06710366666666653,0.028061666666666655,0.15719533333333344,0.1306491666666663,0.0,0.0,0.35842566666666664,0.0,0.0,0.0,0.0,0.0,0.0,0.0,0.15908983333333312
75,2025-03-19T22:56:09.936476,0.26851833333333397,0.0,0.0,0.0,0.0,0.0014096666666666704,0.0,0.0,0.0,0.0013739999999999957,0.0,0.0,0.0,0.028061666666666655,0.0,0.1306491666666663,0.0,0.0,0.0,0.0,0.0,0.0,0.0,0.0,0.0,0.03319333333333334,0.15908983333333312
75,2025-03-19T22:56:12.939421,0.26851833333333397,0.0,0.0,0.0,0.0,0.0014096666666666704,0.0,0.0,0.0,0.0,0.0,0.0,0.0,0.0,0.0,0.0,0.0,0.0,0.0,0.0,0.0,0.1471006666666668,0.0,0.0,0.5857888333333322,0.03319333333333334,0.0
75,2025-03-19T22:56:15.942335,0.0,0.007174333333333321,0.07627733333333354,0.7341990000000004,0.0,0.0,0.010627166666666634,0.04857700000000002,0.23944750000000073,0.0,0.09020366666666658,0.11425383333333333,0.0,0.0,0.10900383333333313,0.10288116666666684,0.0,0.0,0.20732200000000017,0.06990883333333346,0.06627366666666658,0.1471006666666668,0.0709038333333334,0.0561775,0.5857888333333322,0.0,0.0
75,2025-03-19T22:56:18.944481,0.0,0.007174333333333321,0.07627733333333354,0.7341990000000004,0.0,0.0,0.010627166666666634,0.04857700000000002,0.23944750000000073,0.0,0.09020366666666658,0.11425383333333333,0.0,0.0,0.10900383333333313,0.10288116666666684,0.06071366666666671,0.0013480000000000067,0.20732200000000017,0.06990883333333346,0.06627366666666658,0.0,0.0709038333333334,0.0561775,0.0,0.0,0.0
75,2025-03-19T22:56:21.944614,0.0,0.0,0.0,0.0,0.0009198333333333328,0.0010441666666666702,0.0,0.0,0.0,0.001029499999999998,0.0,0.0,0.05977066666666679,0.022793333333333297,0.0,0.0,0.06071366666666671,0.0013480000000000067,0.0,0.0,0.0,0.0,0.0,0.0,0.0,0.0,0.12554516666666696
75,2025-03-19T22:56:24.947601,0.34134383333333324,0.0,0.0,0.1820421666666666,0.0009198333333333328,0.0010441666666666702,0.0,0.0,0.0,0.001029499999999998,0.0,0.0,0.05977066666666679,0.022793333333333297,0.0,0.0,0.0,0.0,0.0,0.0,0.0,0.0,0.0,0.0,0.4322023333333339,0.02486033333333341,0.12554516666666696
75,2025-03-19T22:56:27.948498,0.34134383333333324,0.0,0.0,0.1820421666666666,0.0,0.0,0.0,0.029096499999999935,0.0,0.0,0.0,0.0,0.0,0.0,0.0,0.0,0.0,0.0,0.0,0.0,0.0,0.0,0.0,0.036543,0.4322023333333339,0.02486033333333341,0.0
75,2025-03-19T22:56:30.951405,0.0,0.00548233333333333,0.0,0.0,0.0005891666666666685,0.0,0.016602666666666693,0.029096499999999935,0.26805666666666644,0.0,0.0,0.0,0.0,0.0,0.0,0.1488500000000001,0.044916666666666646,0.001091833333333329,0.0,0.0,0.0525441666666667,0.20544099999999985,0.0,0.036543,0.0,0.0,0.0
75,2025-03-19T22:56:33.952512,0.0,0.00548233333333333,0.0,0.0,0.0005891666666666685,0.0010193333333333259,0.016602666666666693,0.0,0.26805666666666644,0.0,0.0,0.10314116666666648,0.0,0.0,0.15338883333333356,0.1488500000000001,0.044916666666666646,0.001091833333333329,0.32221583333333353,0.07750816666666646,0.0525441666666667,0.20544099999999985,0.0909718333333333,0.0,0.0,0.0,0.0
75,2025-03-19T22:56:36.955373,0.0,0.0,0.10281366666666673,0.15253377777777802,0.0,0.0010193333333333259,0.0,0.0,0.0,0.0014288333333333423,0.12219383333333324,0.10314116666666648,0.0,0.0,0.15338883333333356,0.0,0.0,0.0,0.32221583333333353,0.07750816666666646,0.0,0.0,0.0909718333333333,0.0,0.4476311666666675,0.0,0.0
75,2025-03-19T22:56:39.956515,0.28803449999999964,0.0,0.10281366666666673,0.22880066666666704,0.0,0.0,0.0,0.0,0.0,0.0014288333333333423,0.12219383333333324,0.0,0.07655333333333333,0.027890333333333354,0.0,0.0,0.0,0.0,0.0,0.0,0.0,0.0,0.0,0.0,0.4476311666666675,0.0,0.13899916666666637
75,2025-03-19T22:56:42.959437,0.28803449999999964,0.0,0.0,0.0,0.0007296666666666656,0.0,0.0,0.0,0.0,0.0,0.0,0.0,0.07655333333333333,0.027890333333333354,0.0,0.12083083333333339,0.0,0.0,0.0,0.04976350000000008,0.0,0.0,0.0,0.0,0.0,0.038957833333333365,0.13899916666666637
75,2025-03-19T22:56:45.960516,0.0,0.0052968333333333435,0.0,0.0,0.0007296666666666656,0.0,0.01824133333333326,0.0463198333333333,0.2769396666666673,0.0,0.0,0.0,0.0,0.0,0.0,0.12083083333333339,0.0,0.0,0.0,0.04976350000000008,0.0,0.15736466666666676,0.0,0.05467366666666666,0.0,0.038957833333333365,0.0
75,2025-03-19T22:56:48.963357,0.0,0.0052968333333333435,0.061159833333333274,0.0,0.0,0.0,0.01824133333333326,0.0463198333333333,0.2769396666666673,0.0,0.0,0.0,0.0,0.0,0.11483633333333348,0.0,0.05454399999999993,0.0013921666666666668,0.3152010000000019,0.0,0.06640666666666666,0.15736466666666676,0.06751016666666695,0.05467366666666666,0.0,0.0,0.0
75,2025-03-19T22:56:51.964511,0.0,0.0,0.061159833333333274,0.24116433333333337,0.0,0.0,0.0,0.0,0.0,0.0,0.0,0.10839266666666675,0.0,0.0,0.11483633333333348,0.0,0.05454399999999993,0.0013921666666666668,0.3152010000000019,0.0,0.06640666666666666,0.0,0.06751016666666695,0.0,0.0,0.0,0.1008635000000003
75,2025-03-19T22:56:54.967541,0.3236205000000006,0.0,0.0,0.24116433333333337,0.0005399999999999943,0.001635000000000007,0.0,0.0,0.19436616666666615,0.0015111666666666654,0.10517799999999985,0.10839266666666675,0.05847750000000011,0.028166333333333297,0.0,0.0,0.0,0.0,0.0,0.0,0.0,0.0,0.0,0.0,0.0,0.0,0.1008635000000003
75,2025-03-19T22:56:57.968520,0.3236205000000006,0.0,0.0586773333333334,0.24116433333333337,0.0005399999999999943,0.001635000000000007,0.0,0.0,0.19436616666666615,0.0015111666666666654,0.10517799999999985,0.0,0.05847750000000011,0.028166333333333297,0.08639433333333281,0.0,0.034252166666666646,0.0,0.0,0.06369483333333323,0.0,0.0,0.0,0.0,0.6738988333333326,0.027954833333333266,0.0
75,2025-03-19T22:57:00.971400,0.0,0.00499666666666665,0.0586773333333334,0.0,0.0,0.0,0.015370166666666723,0.03704516666666669,0.0,0.0,0.0,0.0,0.0,0.0,0.08639433333333281,0.17037216666666669,0.034252166666666646,0.0,0.0,0.06369483333333323,0.04909400000000005,0.0,0.05011999999999973,0.0,0.6738988333333326,0.027954833333333266,0.0
75,2025-03-19T22:57:03.972468,0.0,0.00499666666666665,0.0,0.0,0.0,0.0,0.015370166666666723,0.03704516666666669,0.0,0.0,0.0,0.0,0.0,0.0,0.0,0.17037216666666669,0.0,0.0,0.0,0.0,0.04909400000000005,0.2228361666666666,0.05011999999999973,0.0,0.0,0.0,0.0
75,2025-03-19T22:57:06.975310,0.0,0.0,0.0,0.0,0.0005853333333333359,0.0008790000000000002,0.0,0.0,0.0,0.0,0.07914733333333383,0.0,0.0,0.0,0.0,0.0,0.0,0.001560666666666664,0.3000596666666648,0.0,0.0,0.2228361666666666,0.0,0.05726100000000001,0.0,0.0,0.12909850000000017
75,2025-03-19T22:57:09.976531,0.2905981666666667,0.0,0.0,0.21787688888888904,0.0005853333333333359,0.0008790000000000002,0.0,0.0,0.0,0.0,0.07914733333333383,0.11185749999999989,0.06545116666666663,0.0,0.09467866666666681,0.0,0.0,0.001560666666666664,0.3000596666666648,0.0,0.0,0.0,0.04429366666666675,0.05726100000000001,0.0,0.0,0.12909850000000017
75,2025-03-19T22:57:12.979377,0.2905981666666667,0.0,0.0,0.21787688888888904,0.0,0.0,0.0,0.0,0.3277238333333337,0.0,0.0,0.11185749999999989,0.06545116666666663,0.027745833333333362,0.09467866666666681,0.0,0.0,0.0,0.0,0.06291416666666669,0.0,0.0,0.04429366666666675,0.0,0.0,0.03328050000000005,0.0
75,2025-03-19T22:57:15.982271,0.0,0.0,0.08856716666666654,0.21787688888888904,0.0,0.0,0.0,0.0,0.3277238333333337,0.0016698333333333335,0.0,0.0,0.0,0.027745833333333362,0.0,0.16227899999999987,0.05483533333333343,0.0,0.0,0.06291416666666669,0.0,0.0,0.0,0.0,0.6040596666666669,0.03328050000000005,0.0
75,2025-03-19T22:57:18.984995,0.0,0.006482000000000025,0.08856716666666654,0.0,0.0,0.0,0.016969833333333316,0.043817833333333375,0.0,0.0016698333333333335,0.0,0.0,0.0,0.0,0.0,0.16227899999999987,0.05483533333333343,0.0,0.26196583333333484,0.0,0.0657530000000001,0.0,0.0,0.03926749999999994,0.6040596666666669,0.0,0.0
75,2025-03-19T22:57:21.987888,0.0,0.006482000000000025,0.0,0.0,0.0009793333333333323,0.0012699999999999936,0.016969833333333316,0.043817833333333375,0.22788316666666597,0.0,0.08943633333333287,0.0,0.0,0.0,0.0,0.0,0.0,0.0,0.26196583333333484,0.0,0.0657530000000001,0.1931616666666667,0.0,0.03926749999999994,0.0,0.0,0.14069849999999978
75,2025-03-19T22:57:24.988592,0.0,0.0,0.0,0.5249775555555548,0.0009793333333333323,0.0012699999999999936,0.0,0.0,0.22788316666666597,0.0,0.08943633333333287,0.0,0.05702416666666674,0.0,0.13737783333333378,0.0,0.0,0.0012841666666666698,0.0,0.0,0.0,0.1931616666666667,0.06909200000000008,0.0,0.3876306666666665,0.0,0.14069849999999978
100,2025-03-19T22:58:45.369152,0.0,0.0,0.0,0.010089333333333174,0.0007353333333333286,0.0,0.0,0.0,0.0,0.0,0.0,0.0,0.0,0.0,0.056697333333332864,0.0,0.009819833333333399,0.0015348333333333373,0.0,0.0,0.02286000000000025,0.060011333333333645,0.03451066666666681,0.0,0.0,0.016841833333333337,0.0
100,2025-03-19T22:58:48.372078,0.21886683333333326,0.0,0.0,0.0,0.0,0.0010460000000000007,0.013033000000000074,0.0,0.0,0.0,0.0,0.05284766666666663,0.0,0.01750933333333323,0.056697333333332864,0.0,0.0,0.0015348333333333373,0.0,0.05352833333333341,0.02286000000000025,0.060011333333333645,0.03451066666666681,0.03465149999999999,0.4504019999999993,0.016841833333333337,0.0
100,2025-03-19T22:58:51.375032,0.21886683333333326,0.0065531666666666846,0.0,0.0,0.0005963333333333377,0.0010460000000000007,0.013033000000000074,0.04331733333333344,0.25779999999999964,0.0010191666666666637,0.08797133333333326,0.05284766666666663,0.056737666666666804,0.01750933333333323,0.0,0.0,0.0,0.0,0.0,0.05352833333333341,0.0,0.0,0.0,0.03465149999999999,0.4504019999999993,0.0,0.0
100,2025-03-19T22:58:54.377986,0.0,0.0065531666666666846,0.09311383333333309,0.0,0.0005963333333333377,0.0,0.0,0.04331733333333344,0.25779999999999964,0.0010191666666666637,0.08797133333333326,0.0,0.056737666666666804,0.0,0.0,0.0,0.05063150000000002,0.0008128333333333275,0.3176301666666651,0.0,0.0,0.0,0.0,0.0,0.0,0.0,0.17003383333333313
100,2025-03-19T22:58:57.380914,0.0,0.0,0.09311383333333309,0.0,0.0,0.0,0.0,0.0,0.0,0.0,0.0,0.0,0.0,0.0,0.0,0.22888716666666714,0.05063150000000002,0.0008128333333333275,0.3176301666666651,0.0,0.0,0.17248500000000003,0.0,0.0,0.0,0.029633166666666714,0.17003383333333313
100,2025-03-19T22:59:00.383832,0.0,0.0,0.0,0.41080850000000174,0.0,0.0009618333333333285,0.0,0.0,0.2789153333333339,0.0,0.0,0.09150883333333346,0.0,0.024423666666666698,0.19642083333333343,0.22888716666666714,0.0,0.0,0.0,0.0,0.0,0.17248500000000003,0.07870833333333317,0.04270366666666655,0.0,0.029633166666666714,0.0
100,2025-03-19T22:59:03.386763,0.4173698333333332,0.0034059999999999837,0.0,0.41080850000000174,0.0,0.0009618333333333285,0.017393999999999913,0.0,0.2789153333333339,0.0,0.0,0.09150883333333346,0.07044166666666653,0.024423666666666698,0.19642083333333343,0.0,0.0,0.0,0.0,0.08473199999999982,0.08672849999999985,0.0,0.07870833333333317,0.04270366666666655,0.5411278333333344,0.0,0.0
100,2025-03-19T22:59:06.388524,0.4173698333333332,0.0034059999999999837,0.09274750000000007,0.0,0.0,0.0,0.017393999999999913,0.05626116666666667,0.0,0.0,0.0,0.0,0.07044166666666653,0.0,0.0,0.0,0.0,0.0,0.0,0.08473199999999982,0.08672849999999985,0.0,0.0,0.0,0.5411278333333344,0.0,0.13663750000000027
100,2025-03-19T22:59:09.391434,0.0,0.0,0.09274750000000007,0.0,0.0008549999999999948,0.0,0.0,0.05626116666666667,0.0,0.0014889999999999997,0.1448133333333335,0.0,0.0,0.0,0.0,0.0,0.0,0.0010843333333333354,0.0,0.0,0.0,0.20380099999999976,0.0,0.0,0.0,0.029844333333333292,0.13663750000000027
100,2025-03-19T22:59:12.394331,0.0,0.0,0.0,0.0,0.0008549999999999948,0.0009796666666666658,0.0,0.0,0.0,0.0014889999999999997,0.1448133333333335,0.0,0.0,0.0,0.0,0.0,0.07711616666666674,0.0010843333333333354,0.3738878333333347,0.0,0.0,0.20380099999999976,0.0,0.037898000000000064,0.0,0.029844333333333292,0.0
100,2025-03-19T22:59:15.396504,0.0,0.0,0.0,0.6274713333333325,0.0,0.0009796666666666658,0.0,0.0,0.0,0.0,0.0,0.0,0.06820183333333349,0.0,0.1656623333333336,0.2419741666666665,0.07711616666666674,0.0,0.3738878333333347,0.0,0.0,0.0,0.0,0.037898000000000064,0.0,0.0,0.0
100,2025-03-19T22:59:18.399393,0.0,0.005577500000000014,0.0,0.6274713333333325,0.0,0.0,0.017285666666666682,0.0,0.0,0.0,0.0,0.14115199999999997,0.06820183333333349,0.04129400000000002,0.1656623333333336,0.2419741666666665,0.0,0.0,0.0,0.09065583333333353,0.07756866666666677,0.0,0.08284466666666676,0.0,0.0,0.0,0.0
100,2025-03-19T22:59:21.400512,0.5225709999999993,0.005577500000000014,0.0,0.0,0.0,0.0,0.017285666666666682,0.0,0.4818546666666659,0.0,0.08477350000000014,0.14115199999999997,0.0,0.04129400000000002,0.0,0.0,0.0,0.0,0.0,0.09065583333333353,0.07756866666666677,0.0,0.08284466666666676,0.0,0.7627141666666641,0.0,0.0
100,2025-03-19T22:59:24.403410,0.5225709999999993,0.0,0.0,0.634134166666667,0.0008101666666666675,0.000997833333333337,0.0,0.07042883333333332,0.4818546666666659,0.001228666666666665,0.08477350000000014,0.0,0.0,0.0,0.0,0.0,0.056892333333333184,0.001292999999999998,0.0,0.0,0.0,0.19868116666666683,0.0,0.0,0.7627141666666641,0.0,0.21451516666666673
100,2025-03-19T22:59:27.406330,0.0,0.0,0.13981316666666674,0.634134166666667,0.0008101666666666675,0.000997833333333337,0.0,0.07042883333333332,0.0,0.001228666666666665,0.0,0.0,0.0,0.0,0.15804950000000004,0.0,0.056892333333333184,0.001292999999999998,0.0,0.058843166666666676,0.05010149999999995,0.19868116666666683,0.0,0.0,0.0,0.0,0.21451516666666673
100,2025-03-19T22:59:30.408514,0.0,0.0,0.13981316666666674,0.0,0.0,0.0,0.0,0.0,0.25410416666666674,0.0,0.0,0.0,0.0,0.0,0.15804950000000004,0.0,0.0,0.0,0.32270266666666697,0.058843166666666676,0.05010149999999995,0.0,0.0,0.06961283333333339,0.0,0.04815616666666663,0.0
100,2025-03-19T22:59:33.411413,0.3058460000000002,0.005621833333333327,0.0,0.0,0.0,0.0,0.015308666666666713,0.043345166666666664,0.25410416666666674,0.0,0.10889766666666628,0.1345691666666668,0.10786283333333321,0.0,0.0,0.0,0.0,0.0,0.32270266666666697,0.0,0.0,0.0,0.0,0.06961283333333339,0.4248231666666698,0.04815616666666663,0.0
100,2025-03-19T22:59:36.414317,0.3058460000000002,0.005621833333333325,0.0,0.0,0.0,0.0,0.015308666666666713,0.043345166666666664,0.0,0.0,0.10889766666666624,0.1345691666666668,0.10786283333333321,0.037642833333333396,0.0,0.2544293333333331,0.04847783333333341,0.0,0.0,0.0,0.0,0.0,0.09365983333333362,0.0,0.42482316666666964,0.0,0.0
100,2025-03-19T22:59:39.417220,0.0,0.0,0.0,0.0,0.0008466666666666716,0.0013743333333333294,0.0,0.0,0.0,0.001347666666666673,0.0,0.0,0.0,0.03764283333333341,0.15610449999999967,0.2544293333333331,0.04847783333333341,0.001234666666666671,0.0,0.0,0.0,0.23138150000000007,0.09365983333333362,0.0,0.0,0.0,0.0
100,2025-03-19T22:59:42.417383,0.0,0.0,0.11684883333333337,0.4658836666666655,0.0008466666666666716,0.0013743333333333294,0.0,0.0,0.31395983333333416,0.001347666666666673,0.0,0.0,0.0,0.0,0.15610449999999967,0.0,0.0,0.001234666666666671,0.0,0.09172116666666656,0.0,0.23138150000000007,0.0,0.05512766666666677,0.0,0.0,0.20126383333333328
100,2025-03-19T22:59:45.420271,0.3638278333333342,0.0,0.11684883333333337,0.4658836666666655,0.0,0.0,0.0,0.0,0.31395983333333416,0.0,0.08500833333333328,0.0,0.0,0.0,0.0,0.0,0.0,0.0,0.0,0.09172116666666656,0.08144716666666667,0.0,0.0,0.05512766666666677,0.0,0.04018583333333344,0.20126383333333328
100,2025-03-19T22:59:48.423193,0.3638278333333342,0.0,0.0,0.0,0.0,0.0,0.0,0.0,0.0,0.000873833333333333,0.08500833333333328,0.10110999999999967,0.0,0.0,0.0,0.0,0.0,0.0,0.3739173333333336,0.0,0.08144716666666667,0.0,0.0,0.0,0.5290301666666675,0.04018583333333344,0.0
100,2025-03-19T22:59:51.426088,0.0,0.0,0.0,0.0,0.0,0.0,0.020143499999999946,0.0738003333333334,0.0,0.000873833333333333,0.0,0.10110999999999967,0.10478683333333344,0.029028833333333285,0.0,0.0,0.0,0.0,0.3739173333333336,0.0,0.0,0.0,0.08399666666666643,0.0,0.5290301666666675,0.0,0.0
100,2025-03-19T22:59:54.429002,0.0,0.007056500000000022,0.0,0.0,0.0,0.0,0.020143499999999946,0.0738003333333334,0.0,0.0,0.0,0.0,0.10478683333333344,0.029028833333333285,0.16896716666666717,0.26105466666666705,0.06957716666666662,0.0011101666666666623,0.0,0.0,0.0,0.2370835000000001,0.08399666666666643,0.04596149999999977,0.0,0.028374333333333283,0.0
100,2025-03-19T22:59:57.431907,0.0,0.007056500000000022,0.0,0.0,0.0009765000000000006,0.0014085000000000072,0.0,0.0,0.0,0.0,0.0,0.0,0.0,0.0,0.16896716666666717,0.26105466666666705,0.06957716666666662,0.0011101666666666623,0.0,0.0,0.0,0.2370835000000001,0.0,0.04596149999999977,0.0,0.028374333333333283,0.2069164999999996
100,2025-03-19T23:00:00.432575,0.38543933333333297,0.0,0.12461933333333343,0.41276183333333455,0.0009765000000000006,0.0014085000000000072,0.0,0.0,0.41271216666666655,0.0,0.0,0.0,0.0,0.0,0.0,0.0,0.0,0.0,0.0,0.10391999999999987,0.07808616666666672,0.0,0.0,0.0,0.0,0.0,0.2069164999999996
100,2025-03-19T23:00:03.435497,0.38543933333333297,0.0,0.12461933333333343,0.41276183333333455,0.0,0.0,0.0,0.0,0.41271216666666655,0.0012251666666666663,0.13440333333333382,0.0,0.0,0.0,0.0,0.1438871666666663,0.0,0.0,0.0,0.10391999999999987,0.07808616666666672,0.0,0.0,0.0,0.0,0.0,0.0
100,2025-03-19T23:00:06.438402,0.0,0.0,0.0,0.0,0.0,0.0008704999999999964,0.0,0.06555899999999978,0.0,0.0012251666666666663,0.13440333333333382,0.14300050000000003,0.0,0.0,0.13979983333333304,0.1438871666666663,0.0,0.0,0.35780949999999956,0.0,0.0,0.16074650000000015,0.0,0.0,0.6931129999999969,0.03297666666666673,0.0
100,2025-03-19T23:00:09.440493,0.0,0.0,0.0,0.0,0.0,0.0008704999999999964,0.0,0.06555899999999978,0.0,0.0,0.0,0.14300050000000003,0.09309216666666666,0.03660299999999995,0.13979983333333304,0.0,0.07216633333333326,0.0012953333333333337,0.35780949999999956,0.0,0.0,0.16074650000000015,0.08728816666666658,0.0,0.6931129999999969,0.03297666666666673,0.0
100,2025-03-19T23:00:12.443441,0.0,0.007397499999999984,0.0,0.3137809999999988,0.0008498333333333276,0.0,0.018463500000000042,0.0,0.0,0.0,0.0,0.0,0.09309216666666666,0.03660299999999995,0.0,0.0,0.07216633333333326,0.0012953333333333337,0.0,0.06542983333333356,0.0,0.0,0.08728816666666658,0.06745066666666678,0.0,0.0,0.0
100,2025-03-19T23:00:15.446374,0.4143053333333337,0.007397499999999984,0.0,0.3137809999999988,0.0008498333333333276,0.0,0.018463500000000042,0.0,0.4043664999999995,0.0,0.09295016666666635,0.0,0.0,0.0,0.0,0.0,0.0,0.0,0.0,0.06542983333333356,0.0772103333333334,0.0,0.0,0.06745066666666678,0.0,0.0,0.0
100,2025-03-19T23:00:18.449056,0.4143053333333337,0.0,0.12439000000000001,0.0,0.0,0.0,0.0,0.04985266666666692,0.4043664999999995,0.0013613333333333348,0.09295016666666635,0.0,0.0,0.0,0.0,0.0,0.0,0.0,0.0,0.0,0.0772103333333334,0.0,0.0,0.0,0.0,0.027838833333333333,0.23094966666666694
100,2025-03-19T23:00:21.449718,0.0,0.0,0.12439000000000001,0.0,0.0,0.0,0.0,0.04985266666666692,0.0,0.0013613333333333348,0.0,0.0,0.0,0.02399066666666672,0.0,0.2241335000000001,0.05188799999999994,0.0009241666666666705,0.27039383333333217,0.0,0.0,0.19648883333333347,0.0533776666666667,0.0,0.529336166666667,0.027838833333333333,0.23094966666666694
100,2025-03-19T23:00:24.452602,0.0,0.0,0.0,0.0,0.0,0.001482499999999998,0.0,0.0,0.0,0.0,0.0,0.13480350000000033,0.0,0.02399066666666672,0.0,0.2241335000000001,0.05188799999999994,0.0009241666666666705,0.27039383333333217,0.0,0.050535666666666465,0.19648883333333347,0.0533776666666667,0.04114750000000012,0.529336166666667,0.0,0.0
100,2025-03-19T23:00:27.455499,0.0,0.005359999999999995,0.0,1.140716333333335,0.0007263333333333382,0.001482499999999998,0.0,0.0,0.0,0.0,0.09462083333333324,0.13480350000000033,0.09953033333333336,0.0,0.24356516666666653,0.0,0.0,0.0,0.0,0.09626866666666642,0.050535666666666465,0.0,0.0,0.04114750000000012,0.0,0.0,0.0
100,2025-03-19T23:00:30.458447,0.3779083333333328,0.005359999999999995,0.0,1.140716333333335,0.0007263333333333382,0.0,0.020090333333333397,0.0,0.0,0.0009319999999999977,0.09462083333333324,0.0,0.09953033333333336,0.0,0.24356516666666653,0.0,0.0,0.0,0.0,0.09626866666666642,0.0,0.0,0.05324200000000032,0.0,0.0,0.031116166666666615,0.0
100,2025-03-19T23:00:33.461354,0.3779083333333328,0.0,0.0,0.0,0.0,0.0,0.020090333333333397,0.0,0.4607596666666669,0.0009319999999999977,0.0,0.0,0.0,0.0,0.0,0.0,0.0,0.001012166666666666,0.0,0.0,0.0,0.17919316666666657,0.05324200000000032,0.0,0.0,0.031116166666666615,0.0
100,2025-03-19T23:00:36.462317,0.0,0.0,0.12320449999999995,0.0,0.0,0.0,0.0,0.07716716666666647,0.4607596666666669,0.0,0.07650283333333323,0.0,0.0,0.0,0.0,0.0,0.0,0.001012166666666666,0.2983055000000003,0.0,0.0,0.17919316666666657,0.0,0.0,0.5620516666666665,0.0,0.0
100,2025-03-19T23:00:39.465147,0.0,0.00391216666666668,0.12320449999999995,0.0,0.0,0.0010483333333333364,0.0,0.07716716666666647,0.0,0.0,0.07650283333333323,0.10548866666666673,0.0,0.034258666666666666,0.0,0.25744083333333323,0.0,0.0,0.2983055000000003,0.08412066666666689,0.06498400000000024,0.0,0.0,0.06144566666666644,0.5620516666666665,0.0,0.2318385000000003
100,2025-03-19T23:00:42.468053,0.3238598333333324,0.00391216666666668,0.0,0.39714366666666717,0.0008181666666666663,0.0010483333333333364,0.0,0.0,0.0,0.0,0.0,0.10548866666666673,0.0,0.034258666666666666,0.18098966666666708,0.25744083333333323,0.08727900000000026,0.0,0.0,0.08412066666666689,0.06498400000000024,0.0,0.0,0.06144566666666644,0.0,0.0,0.2318385000000003
100,2025-03-19T23:00:45.470955,0.3238598333333324,0.0,0.0,0.39714366666666717,0.0008181666666666663,0.0,0.016125666666666632,0.0,0.2700856666666667,0.0,0.0,0.0,0.09849950000000027,0.0,0.18098966666666708,0.0,0.08727900000000026,0.0010023333333333366,0.0,0.0,0.0,0.0,0.0,0.0,0.0,0.0,0.0
100,2025-03-19T23:00:48.472520,0.0,0.0,0.10510583333333302,0.0,0.0,0.0009115000000000004,0.016125666666666632,0.0,0.2700856666666667,0.0,0.08210700000000001,0.0746718333333334,0.09849950000000027,0.0,0.0,0.0,0.0,0.0010023333333333366,0.0,0.0,0.0,0.2057494999999996,0.0868723333333333,0.0,0.5265820000000001,0.04347283333333341,0.0
100,2025-03-19T23:00:51.474588,0.0,0.004619166666666656,0.10510583333333302,0.0,0.0,0.0009115000000000004,0.0,0.06018333333333341,0.0,0.001665500000000005,0.08210700000000001,0.0746718333333334,0.0,0.0,0.0,0.0,0.046975666666666534,0.0,0.3173943333333327,0.0,0.0,0.2057494999999996,0.0868723333333333,0.0,0.5265820000000001,0.04347283333333341,0.16153933333333312
100,2025-03-19T23:00:54.477469,0.0,0.004619166666666656,0.0,0.0,0.0005931666666666632,0.0,0.0,0.06018333333333341,0.0,0.001665500000000005,0.0,0.0,0.0,0.028344999999999995,0.0,0.0,0.046975666666666534,0.0,0.3173943333333327,0.07918983333333342,0.0,0.0,0.0,0.04917183333333331,0.0,0.0,0.16153933333333312
100,2025-03-19T23:00:57.480341,0.0,0.0,0.0,0.0,0.0005931666666666632,0.0,0.0,0.0,0.0,0.0,0.0,0.0,0.0670451666666665,0.028344999999999995,0.0,0.21517366666666743,0.0,0.0010938333333333219,0.0,0.07918983333333342,0.09874033333333336,0.0,0.0,0.04917183333333331,0.0,0.0,0.0
100,2025-03-19T23:01:00.483232,0.4638193333333334,0.004025833333333321,0.0,0.41336099999999953,0.0,0.0,0.0,0.0,0.0,0.0,0.0,0.0,0.0670451666666665,0.0,0.23749333333333314,0.21517366666666743,0.0,0.0010938333333333219,0.0,0.0,0.09874033333333336,0.0,0.0,0.0,0.0,0.0,0.0
100,2025-03-19T23:01:03.484546,0.4638193333333334,0.004025833333333321,0.10358066666666707,0.41336099999999953,0.0,0.0,0.017752499999999987,0.0394258333333335,0.47875266666666627,0.0,0.11242933333333366,0.0,0.0,0.0,0.23749333333333314,0.0,0.04952500000000005,0.0,0.2185195000000017,0.0,0.0,0.20858866666666745,0.0,0.03924883333333363,0.0,0.0,0.0
100,2025-03-19T23:01:06.485373,0.0,0.0,0.10358066666666707,0.0,0.0,0.0014008333333333327,0.017752499999999987,0.0394258333333335,0.47875266666666627,0.0,0.11242933333333366,0.14605766666666636,0.0,0.0,0.0,0.0,0.04952500000000005,0.0,0.2185195000000017,0.0,0.0,0.20858866666666745,0.09321916666666634,0.03924883333333363,0.608338333333336,0.04615566666666664,0.0
100,2025-03-19T23:01:09.488250,0.0,0.0,0.0,0.0,0.0,0.0014008333333333327,0.0,0.0,0.0,0.0016748333333333294,0.0,0.14605766666666636,0.0,0.033619333333333376,0.0,0.0,0.0,0.0,0.0,0.0,0.060647666666666517,0.0,0.09321916666666634,0.0,0.608338333333336,0.04615566666666664,0.1974506666666667
100,2025-03-19T23:01:12.491131,0.3628440000000003,0.0,0.0,0.0,0.0009423333333333321,0.0,0.0,0.0,0.0,0.0016748333333333294,0.08210749999999993,0.0,0.0,0.033619333333333376,0.0,0.2094073333333325,0.0,0.0010036666666666807,0.0,0.10249916666666674,0.060647666666666517,0.14626316666666622,0.0,0.0,0.0,0.0,0.1974506666666667
100,2025-03-19T23:01:15.494032,0.3628440000000003,0.004940333333333325,0.0,0.5334399999999989,0.0009423333333333321,0.0,0.0,0.0,0.2756041666666676,0.0,0.08210749999999993,0.0,0.10468066666666688,0.0,0.1782360000000001,0.2094073333333325,0.0,0.0010036666666666807,0.2333883333333328,0.10249916666666674,0.0,0.14626316666666622,0.0,0.04215999999999998,0.4323928333333338,0.0,0.0
100,2025-03-19T23:01:18.496916,0.0,0.004940333333333325,0.0,0.5334399999999989,0.0,0.0,0.0,0.07156283333333315,0.2756041666666676,0.0,0.0,0.0,0.10468066666666688,0.0,0.1782360000000001,0.0,0.05692766666666672,0.0,0.2333883333333328,0.0,0.0,0.0,0.0,0.04215999999999998,0.4323928333333338,0.0,0.0
100,2025-03-19T23:01:21.499782,0.0,0.0,0.0,0.0,0.0005383333333333352,0.0013328333333333389,0.017813000000000006,0.07156283333333315,0.0,0.0,0.0,0.11372099999999997,0.0,0.0,0.0,0.0,0.05692766666666672,0.0,0.0,0.0,0.05372633333333325,0.0,0.08729633333333335,0.0,0.0,0.0,0.18150100000000022
100,2025-03-19T23:01:24.502640,0.0,0.0,0.1389811666666668,0.0,0.0005383333333333352,0.0013328333333333389,0.017813000000000006,0.0,0.0,0.0,0.08305549999999981,0.11372099999999997,0.0,0.0,0.0,0.16245983333333433,0.0,0.0,0.19852333333333408,0.0,0.05372633333333325,0.17422983333333283,0.08729633333333335,0.0,0.0,0.04874933333333332,0.18150100000000022
100,2025-03-19T23:01:27.505503,0.3903253333333344,0.0,0.1389811666666668,0.0,0.0,0.0,0.0,0.0,0.0,0.0014643333333333268,0.08305549999999981,0.0,0.0,0.0,0.0,0.16245983333333433,0.0,0.0014368333333333318,0.19852333333333408,0.1077431666666667,0.0,0.17422983333333283,0.0,0.0,0.0,0.04874933333333332,0.0
100,2025-03-19T23:01:30.508433,0.3903253333333344,0.005741833333333372,0.0,0.0,0.0,0.0,0.0,0.0,0.3682435000000008,0.0014643333333333268,0.0,0.0,0.0,0.038982,0.16016883333333357,0.0,0.0,0.0014368333333333318,0.0,0.1077431666666667,0.0,0.0,0.0,0.0542405,0.5436081666666677,0.0,0.0
100,2025-03-19T23:01:33.511323,0.0,0.005741833333333372,0.0,0.5004446666666668,0.0,0.0,0.0,0.0,0.3682435000000008,0.0,0.0,0.0,0.09993283333333322,0.038982,0.16016883333333357,0.0,0.058256666666666554,0.0,0.0,0.0,0.0,0.0,0.0,0.0542405,0.5436081666666677,0.0,0.0
100,2025-03-19T23:01:36.514219,0.0,0.0,0.07778833333333306,0.5004446666666668,0.0,0.0,0.0,0.06900866666666665,0.0,0.0,0.09115033333333382,0.10171983333333343,0.09993283333333322,0.0,0.0,0.0,0.058256666666666554,0.0,0.0,0.0,0.0,0.0,0.0,0.0,0.0,0.031084333333333273,0.16666683333333293
125,2025-03-19T23:02:56.934209,0.17831166666666573,0.0,0.0,0.07424950000000054,0.0,0.0,0.015686666666666703,0.0,0.0,0.0,0.02474800000000007,0.0,0.0,0.0,0.0,0.0,0.02728283333333348,0.0010449999999999995,0.17375850000000048,0.03980400000000018,0.03386266666666681,0.10493283333333282,0.03244500000000035,0.0,0.3674596666666664,0.0,0.0435518333333332
125,2025-03-19T23:02:59.934704,0.17831166666666579,0.006320333333333336,0.0,0.07424950000000054,0.0009900000000000002,0.0,0.0,0.0,0.0,0.0,0.0,0.0,0.0,0.0,0.13862566666666729,0.12003383333333419,0.02728283333333348,0.0010449999999999997,0.0,0.03980400000000018,0.033862666666666826,0.10493283333333282,0.0,0.0,0.0,0.0,0.0
125,2025-03-19T23:03:02.936489,0.0,0.006320333333333336,0.09823066666666651,0.0,0.0009900000000000002,0.0,0.01243433333333351,0.04962366666666659,0.0,0.001501833333333332,0.0,0.09891999999999969,0.0,0.029089333333333453,0.13862566666666729,0.12003383333333419,0.0,0.0,0.0,0.0,0.0,0.0,0.0,0.0,0.0,0.0,0.0
125,2025-03-19T23:03:05.939413,0.0,0.0,0.09823066666666651,0.0,0.0,0.0013621666666666645,0.01243433333333351,0.04962366666666659,0.0,0.001501833333333332,0.0,0.09891999999999969,0.0,0.029089333333333453,0.0,0.0,0.0,0.0,0.22578750000000036,0.0,0.0,0.0,0.0,0.07266050000000017,0.0,0.04036283333333361,0.0
125,2025-03-19T23:03:08.940457,0.0,0.0,0.0,0.37324116666666646,0.0,0.0013621666666666645,0.0,0.0,0.4726213333333339,0.0,0.1401751666666667,0.0,0.11095966666666614,0.0,0.0,0.0,0.0,0.001081833333333319,0.22578750000000036,0.08546266666666648,0.0,0.0,0.0,0.07266050000000017,0.0,0.04036283333333361,0.19689633333333373
125,2025-03-19T23:03:11.943382,0.0,0.0,0.0,0.37324116666666646,0.0005956666666666611,0.0,0.0,0.0,0.4726213333333339,0.0,0.1401751666666667,0.0,0.11095966666666614,0.0,0.0,0.0,0.0,0.001081833333333319,0.0,0.08546266666666648,0.0,0.2331171666666663,0.10665366666666644,0.0,0.7471843333333321,0.0,0.19689633333333373
125,2025-03-19T23:03:14.944513,0.5061141666666676,0.004972833333333279,0.08097016666666632,0.0,0.0005956666666666611,0.0,0.0,0.0,0.0,0.0,0.0,0.0,0.0,0.0,0.0,0.0,0.08680616666666671,0.0,0.0,0.0,0.09663716666666657,0.2331171666666663,0.10665366666666644,0.0,0.7471843333333321,0.0,0.0
125,2025-03-19T23:03:17.947421,0.5061141666666676,0.004972833333333279,0.08097016666666632,0.0,0.0,0.0,0.0,0.06537466666666673,0.0,0.0,0.0,0.0,0.0,0.0,0.0,0.2562116666666666,0.08680616666666671,0.0,0.0,0.0,0.09663716666666657,0.0,0.0,0.0,0.0,0.0,0.0
125,2025-03-19T23:03:20.948506,0.0,0.0,0.0,0.0,0.0006038333333333405,0.0012588333333333388,0.015474166666666457,0.06537466666666673,0.39227383333333427,0.0015873333333333297,0.0,0.1619208333333339,0.0,0.04743433333333321,0.2885664999999994,0.2562116666666666,0.0,0.0009038333333333446,0.30359533333333394,0.0,0.0,0.0,0.0,0.0,0.0,0.0,0.0
125,2025-03-19T23:03:23.951424,0.2996741666666669,0.0,0.0,0.0,0.0006038333333333403,0.0012588333333333388,0.015474166666666457,0.0,0.39227383333333427,0.0015873333333333297,0.0,0.1619208333333339,0.0,0.04743433333333321,0.2885664999999994,0.0,0.0,0.0009038333333333443,0.30359533333333383,0.09284499999999993,0.0,0.23698733333333405,0.0,0.08518383333333336,0.0,0.0627639999999999,0.21101449999999983
125,2025-03-19T23:03:26.952464,0.2996741666666669,0.0,0.0,0.5797366666666667,0.0,0.0,0.0,0.0,0.0,0.0,0.16075033333333327,0.0,0.11210066666666664,0.0,0.0,0.0,0.0,0.0,0.0,0.09284499999999993,0.0679615,0.23698733333333405,0.11257733333333358,0.08518383333333336,0.6018510000000011,0.0627639999999999,0.21101449999999983
125,2025-03-19T23:03:29.955360,0.0,0.005633499999999995,0.0,0.5797366666666667,0.0,0.0,0.0,0.0570368333333334,0.3202796666666667,0.0,0.16075033333333327,0.0,0.11210066666666664,0.0,0.0,0.18230916666666633,0.0,0.0,0.0,0.0,0.06796150000000002,0.0,0.11257733333333361,0.0,0.6018510000000011,0.0,0.0
125,2025-03-19T23:03:32.958271,0.0,0.005633499999999995,0.1428418333333337,0.0,0.0,0.0,0.0,0.0570368333333334,0.3202796666666667,0.0,0.0,0.0,0.0,0.0,0.0,0.18230916666666633,0.10414616666666662,0.0,0.0,0.0,0.0,0.0,0.0,0.0,0.0,0.0,0.0
125,2025-03-19T23:03:35.961171,0.0,0.0,0.1428418333333337,0.0,0.0006846666666666669,0.0,0.0,0.0,0.0,0.001255500000000002,0.0,0.13205949999999986,0.0,0.032934000000000026,0.21400200000000072,0.0,0.10414616666666662,0.001211833333333338,0.3472616666666658,0.10888533333333329,0.06548633333333333,0.20493066666666712,0.0,0.053678333333333356,0.0,0.0,0.0
125,2025-03-19T23:03:38.961345,0.0,0.0,0.0,0.0,0.0006846666666666669,0.001520000000000003,0.022370999999999995,0.0,0.0,0.001255500000000002,0.0,0.13205949999999986,0.08668366666666691,0.032934000000000026,0.21400200000000072,0.0,0.0,0.001211833333333338,0.3472616666666658,0.10888533333333329,0.06548633333333333,0.20493066666666712,0.07371983333333296,0.053678333333333356,0.0,0.04105583333333337,0.0
125,2025-03-19T23:03:41.964204,0.5426291666666667,0.0,0.0,0.4573861666666683,0.0,0.001520000000000003,0.022370999999999995,0.0,0.0,0.0,0.0,0.0,0.08668366666666691,0.0,0.0,0.0,0.0,0.0,0.0,0.0,0.0,0.0,0.07371983333333296,0.0,0.0,0.04105583333333337,0.2263251666666667
125,2025-03-19T23:03:44.964521,0.5426291666666667,0.005473333333333367,0.0,0.4573861666666683,0.0,0.0,0.0,0.07256099999999974,0.4267436666666645,0.0,0.16243416666666674,0.0,0.0,0.029249333333333315,0.0,0.0,0.0,0.0,0.0,0.0,0.0,0.0,0.0,0.0,0.7376581666666672,0.0,0.2263251666666667
125,2025-03-19T23:03:47.967414,0.0,0.005473333333333367,0.0,0.0,0.0,0.0,0.0,0.07256099999999974,0.4267436666666645,0.0,0.16243416666666674,0.0,0.0,0.029249333333333315,0.1604238333333328,0.3050565000000004,0.07524816666666675,0.0,0.0,0.0,0.0,0.0,0.0,0.059524999999999835,0.7376581666666672,0.0,0.0
125,2025-03-19T23:03:50.968484,0.0,0.0,0.16852666666666674,0.0,0.0007913333333333291,0.0,0.0,0.0,0.0,0.0013226666666666758,0.0,0.0,0.0,0.0,0.1604238333333328,0.3050565000000004,0.07524816666666675,0.0013894999999999882,0.0,0.0,0.08107366666666642,0.22460699999999892,0.0,0.059524999999999835,0.0,0.03734349999999983,0.0
125,2025-03-19T23:03:53.971368,0.33556716666666614,0.0,0.16852666666666674,0.0,0.0007913333333333291,0.0,0.0,0.0,0.0,0.0013226666666666758,0.0,0.17603083333333322,0.09809466666666646,0.0,0.0,0.0,0.0,0.0013894999999999882,0.0,0.0,0.08107366666666642,0.22460699999999892,0.09833200000000039,0.0,0.0,0.03734349999999983,0.16378933333333381
125,2025-03-19T23:03:56.974273,0.33556716666666614,0.004591333333333318,0.0,0.0,0.0,0.0014620000000000004,0.020302333333333426,0.0,0.0,0.0,0.12051166666666666,0.17603083333333322,0.09809466666666646,0.0,0.0,0.0,0.0,0.0,0.4102228333333334,0.138458,0.0,0.0,0.09833200000000039,0.0,0.0,0.0,0.16378933333333381
125,2025-03-19T23:03:59.976485,0.0,0.004591333333333318,0.0,0.5425108333333337,0.0006028333333333303,0.0014620000000000004,0.020302333333333426,0.0,0.0,0.0,0.12051166666666666,0.0,0.0,0.03865066666666669,0.0,0.0,0.0,0.0,0.4102228333333334,0.138458,0.0,0.0,0.0,0.06475266666666683,0.7427148333333331,0.0,0.0
125,2025-03-19T23:04:02.979401,0.0,0.0,0.10311033333333343,0.5425108333333337,0.0006028333333333303,0.0,0.0,0.0,0.5882463333333353,0.001074666666666668,0.0,0.0,0.0,0.03865066666666667,0.0,0.20032716666666656,0.0,0.0,0.0,0.0,0.0,0.0,0.0,0.06475266666666683,0.7427148333333329,0.0,0.0
125,2025-03-19T23:04:05.982269,0.0,0.0,0.10311033333333343,0.0,0.0,0.0,0.0,0.09630650000000016,0.5882463333333353,0.0010746666666666684,0.0,0.0,0.0,0.0,0.27871216666666737,0.20032716666666656,0.0,0.001191666666666665,0.0,0.0,0.08827583333333364,0.0,0.0,0.0,0.0,0.04925716666666673,0.0
125,2025-03-19T23:04:08.984480,0.45683999999999975,0.0,0.0,0.0,0.0,0.0009638333333333305,0.0,0.09630650000000016,0.0,0.0,0.0,0.1282866666666666,0.09662766666666715,0.0,0.27871216666666737,0.0,0.10090850000000008,0.001191666666666665,0.0,0.09407433333333338,0.08827583333333364,0.35699666666666735,0.0,0.0,0.0,0.04925716666666673,0.0
125,2025-03-19T23:04:11.987415,0.45683999999999975,0.0,0.0,0.5517843333333328,0.0,0.0009638333333333305,0.017196666666666676,0.0,0.0,0.0,0.0,0.1282866666666666,0.09662766666666715,0.0,0.0,0.15217750000000055,0.10090850000000008,0.0,0.3101691666666682,0.09407433333333338,0.0,0.35699666666666735,0.0,0.0,0.47791800000000256,0.0,0.23741049999999933
125,2025-03-19T23:04:14.990273,0.0,0.006203166666666649,0.0,0.5517843333333328,0.0,0.0,0.017196666666666676,0.05275166666666654,0.32289533333333276,0.0,0.1746799999999998,0.0,0.0,0.03779700000000001,0.0,0.15217750000000055,0.0,0.0,0.3101691666666682,0.0,0.0,0.0,0.1320989999999996,0.0,0.47791800000000256,0.0,0.23741049999999933
125,2025-03-19T23:04:17.993160,0.0,0.006203166666666649,0.0,0.0,0.0009383333333333375,0.0,0.0,0.05275166666666654,0.32289533333333276,0.0,0.1746799999999998,0.0,0.0,0.03779700000000001,0.0,0.0,0.0,0.0,0.0,0.0,0.0760826666666669,0.0,0.1320989999999996,0.09534899999999999,0.0,0.0,0.0
125,2025-03-19T23:04:20.996035,0.36614716666666663,0.0,0.1543118333333329,0.0,0.0009383333333333375,0.0009698333333333365,0.0,0.0,0.0,0.0014566666666666619,0.0,0.0,0.0,0.0,0.2376703333333327,0.0,0.07068066666666648,0.0012134999999999971,0.21503783333333126,0.0,0.0760826666666669,0.0,0.0,0.09534899999999999,0.0,0.050226666666666794,0.1433666666666665
125,2025-03-19T23:04:23.996551,0.36614716666666663,0.0,0.1543118333333329,0.0,0.0,0.0009698333333333365,0.0,0.0,0.0,0.0014566666666666619,0.0,0.0,0.0,0.0,0.2376703333333327,0.0,0.07068066666666648,0.0012134999999999971,0.21503783333333126,0.0,0.0,0.24960316666666674,0.0,0.0,0.49030566666666675,0.050226666666666794,0.1433666666666665
125,2025-03-19T23:04:26.999430,0.0,0.0,0.0,1.600313666666665,0.0006303333333333346,0.0,0.0,0.0,0.0,0.0,0.11859600000000016,0.1826086666666669,0.12987766666666664,0.0,0.0,0.0,0.0,0.0,0.0,0.12955700000000017,0.0,0.24960316666666674,0.0,0.0,0.49030566666666675,0.0,0.0
125,2025-03-19T23:04:30.000528,0.0,0.0057108333333333325,0.08711450000000022,1.600313666666665,0.0006303333333333346,0.0,0.0,0.0,0.0,0.0,0.11859600000000016,0.1826086666666669,0.12987766666666664,0.0,0.0,0.28611233333333297,0.0,0.0,0.0,0.12955700000000017,0.0,0.0,0.0,0.0,0.0,0.0,0.0
125,2025-03-19T23:04:33.003429,0.0,0.0057108333333333325,0.08711450000000022,0.0,0.0,0.0008709999999999922,0.019794833333333393,0.0,0.5853536666666675,0.0,0.0,0.0,0.0,0.045723000000000034,0.1443216666666665,0.28611233333333297,0.0,0.0,0.0,0.0,0.0,0.0,0.1351676666666671,0.0653281666666666,0.0,0.0,0.0
125,2025-03-19T23:04:36.006280,0.4537789999999997,0.0,0.0,0.0,0.0,0.000870999999999992,0.019794833333333393,0.09083066666666688,0.5853536666666675,0.0,0.0,0.0,0.0,0.04572300000000002,0.14432166666666643,0.0,0.0709390000000001,0.0,0.0,0.0,0.10597299999999996,0.20704516666666709,0.1351676666666671,0.0653281666666666,0.0,0.0,0.0
125,2025-03-19T23:04:39.008472,0.4537789999999997,0.0038738333333333914,0.0,0.0,0.0006043333333333364,0.0,0.0,0.09083066666666688,0.0,0.0014750000000000043,0.0,0.0,0.0,0.0,0.0,0.0,0.0709390000000001,0.0,0.34721816666666905,0.0,0.10597299999999996,0.20704516666666709,0.0,0.0,0.5961641666666633,0.05369233333333324,0.22682550000000037
125,2025-03-19T23:04:42.011370,0.0,0.0038738333333333914,0.0,0.0,0.0006043333333333364,0.0008266666666666793,0.0,0.0,0.0,0.0014750000000000043,0.1260908333333338,0.12731933333333306,0.0,0.0,0.0,0.0,0.0,0.0015308333333333333,0.34721816666666905,0.11270249999999987,0.0,0.0,0.0,0.0,0.5961641666666633,0.05369233333333324,0.22682550000000037
125,2025-03-19T23:04:45.012530,0.0,0.0,0.09914016666666649,0.6709089999999994,0.0,0.0008266666666666793,0.0,0.0,0.0,0.0,0.1260908333333338,0.12731933333333306,0.11106899999999995,0.027020333333333355,0.0,0.0,0.0,0.0015308333333333333,0.0,0.11270249999999987,0.0,0.0,0.07127066666666634,0.06487433333333334,0.0,0.0,0.0
125,2025-03-19T23:04:48.014334,0.0,0.0,0.09914016666666649,0.6709089999999994,0.0,0.0,0.0,0.0,0.0,0.0,0.0,0.0,0.11106899999999995,0.027020333333333355,0.0,0.0,0.0,0.0,0.0,0.0,0.0,0.0,0.07127066666666634,0.06487433333333334,0.0,0.0,0.0
125,2025-03-19T23:04:51.016515,0.0,0.0,0.0,0.0,0.0,0.0008529999999999928,0.018126333333333314,0.0,0.0,0.0,0.0,0.0,0.0,0.0,0.2949583333333337,0.28858016666666697,0.0,0.0,0.0,0.0,0.08982899999999995,0.0,0.0,0.0,0.5070286666666705,0.0,0.0
125,2025-03-19T23:04:54.019424,0.5463469999999997,0.0,0.0,0.0,0.0,0.0008529999999999928,0.01812633333333332,0.08330183333333323,0.5707021666666658,0.0011390000000000013,0.0,0.0,0.0,0.0,0.2949583333333337,0.2885801666666671,0.08799533333333306,0.0,0.3076793333333304,0.0,0.08982899999999995,0.32104099999999985,0.0,0.0,0.5070286666666705,0.04809033333333328,0.0
125,2025-03-19T23:04:57.022292,0.5463469999999997,0.00657566666666661,0.0,0.31517000000000434,0.0009575000000000001,0.0,0.0,0.08330183333333323,0.5707021666666658,0.0011390000000000013,0.0,0.0,0.0,0.030203500000000126,0.0,0.0,0.08799533333333306,0.001319666666666682,0.3076793333333304,0.0,0.0,0.32104099999999985,0.0,0.0,0.0,0.04809033333333328,0.26448750000000015
125,2025-03-19T23:05:00.025195,0.0,0.00657566666666661,0.12528650000000024,0.31517000000000434,0.0009575000000000001,0.0,0.0,0.0,0.0,0.0,0.1684003333333332,0.0,0.08493083333333297,0.030203500000000126,0.0,0.0,0.0,0.001319666666666682,0.0,0.0,0.0,0.0,0.0,0.07525916666666681,0.0,0.0,0.26448750000000015
125,2025-03-19T23:05:03.028084,0.0,0.0,0.12528650000000024,0.0,0.0,0.0008791666666666718,0.0,0.0,0.0,0.0,0.1684003333333332,0.18389733333333366,0.08493083333333297,0.0,0.1810303333333335,0.0,0.0,0.0,0.0,0.13824066666666707,0.05931899999999976,0.0,0.10598833333333366,0.07525916666666681,0.0,0.0,0.0
125,2025-03-19T23:05:06.028519,0.38639616666666876,0.0,0.0,0.0,0.0,0.0008791666666666718,0.0,0.0,0.0,0.0010886666666666638,0.0,0.18389733333333366,0.0,0.02554049999999997,0.1810303333333335,0.24323616666666584,0.0,0.0,0.2212486666666678,0.13824066666666707,0.05931899999999976,0.0,0.10598833333333366,0.0,0.6620176666666662,0.041760666666666786,0.0
125,2025-03-19T23:05:09.031383,0.38639616666666876,0.0,0.0,0.0,0.0,0.0,0.019695833333333173,0.0,0.0,0.0010886666666666638,0.0,0.0,0.0,0.02554049999999997,0.0,0.24323616666666584,0.0778320000000002,0.0,0.2212486666666678,0.0,0.0,0.0,0.0,0.0,0.6620176666666662,0.041760666666666786,0.14824733333333387
125,2025-03-19T23:05:12.034285,0.0,0.0,0.0,0.0,0.0007196666666666648,0.0,0.019695833333333173,0.09535916666666674,0.526660166666666,0.0,0.0,0.10439099999999969,0.0,0.0,0.0,0.0,0.0778320000000002,0.0,0.0,0.0,0.0,0.31240933333333254,0.0,0.0,0.0,0.0,0.14824733333333387
125,2025-03-19T23:05:15.037101,0.0,0.006648666666666672,0.0,0.6059956666666627,0.0007196666666666648,0.0,0.0,0.09535916666666674,0.526660166666666,0.0,0.12643083333333272,0.10439099999999969,0.0,0.0,0.0,0.0,0.0,0.0,0.21901383333333516,0.07847716666666628,0.07163149999999993,0.31240933333333254,0.09057299999999972,0.0,0.45546283333333304,0.0,0.0
125,2025-03-19T23:05:18.039971,0.0,0.006648666666666674,0.15502433333333346,0.6059956666666627,0.0,0.0,0.0,0.0,0.0,0.0009938333333333236,0.12643083333333277,0.0,0.12254850000000003,0.0,0.0,0.0,0.0,0.0015695000000000017,0.21901383333333516,0.0784771666666663,0.07163149999999993,0.0,0.09057299999999972,0.08272833333333315,0.45546283333333315,0.0,0.0
125,2025-03-19T23:05:21.042836,0.0,0.0,0.15502433333333346,0.0,0.0005243333333333304,0.0014264999999999974,0.0,0.0,0.0,0.0009938333333333236,0.0,0.0,0.12254850000000003,0.035338666666666484,0.0,0.0,0.0,0.0015695000000000017,0.0,0.0,0.0,0.0,0.0,0.08272833333333315,0.0,0.0,0.0
125,2025-03-19T23:05:24.045544,0.5375656666666658,0.0,0.0,0.0,0.0005243333333333304,0.0014264999999999974,0.01738733333333335,0.05535050000000001,0.0,0.0,0.0,0.10957050000000025,0.0,0.035338666666666484,0.28989600000000004,0.28980350000000027,0.0,0.0,0.0,0.0,0.0,0.0,0.06540416666666657,0.0,0.0,0.06110183333333345,0.20767016666666652
125,2025-03-19T23:05:27.048455,0.5375656666666658,0.0,0.0,0.3889961666666674,0.0,0.0,0.01738733333333335,0.05535050000000001,0.49583833333333405,0.0,0.0,0.10957050000000025,0.0,0.0,0.28989600000000004,0.28980350000000027,0.0910153333333336,0.0,0.0,0.0,0.0,0.0,0.06540416666666657,0.0,0.0,0.06110183333333345,0.20767016666666652
125,2025-03-19T23:05:30.051327,0.0,0.004768166666666722,0.0,0.3889961666666674,0.0,0.0,0.0,0.0,0.49583833333333405,0.0,0.16460366666666698,0.0,0.0,0.0,0.0,0.0,0.0910153333333336,0.0,0.28112499999999824,0.0,0.0,0.0,0.0,0.06772650000000033,0.0,0.0,0.0
125,2025-03-19T23:05:33.054210,0.0,0.004768166666666722,0.0,0.0,0.0005795000000000013,0.0,0.0,0.0,0.0,0.0012326666666666783,0.16460366666666698,0.0,0.09787566666666693,0.0,0.0,0.0,0.0,0.001427833333333332,0.28112499999999824,0.1446223333333337,0.10141216666666668,0.3310883333333337,0.0,0.06772650000000033,0.0,0.0,0.0
125,2025-03-19T23:05:36.057086,0.0,0.0,0.1686341666666665,0.35671083333333325,0.0005795000000000013,0.0,0.0,0.0,0.0,0.0012326666666666783,0.0,0.0,0.09787566666666693,0.03722250000000009,0.0,0.0,0.0,0.001427833333333332,0.0,0.1446223333333337,0.10141216666666668,0.3310883333333337,0.07174883333333368,0.0,0.7865436666666644,0.0,0.0
125,2025-03-19T23:05:39.059305,0.0,0.0,0.1686341666666665,0.35671083333333325,0.0,0.00146549999999999,0.014059000000000193,0.07167699999999992,0.0,0.0,0.0,0.12098300000000015,0.0,0.03722250000000009,0.0,0.23042866666666723,0.0,0.0,0.0,0.0,0.0,0.0,0.07174883333333368,0.0,0.7865436666666644,0.04838116666666655,0.0
125,2025-03-19T23:05:42.061495,0.4876246666666665,0.0,0.0,0.0,0.0,0.00146549999999999,0.014059000000000193,0.07167699999999992,0.0,0.0,0.0,0.12098300000000015,0.0,0.0,0.26200183333333393,0.23042866666666723,0.0,0.0,0.0,0.0,0.0,0.0,0.0,0.0,0.0,0.04838116666666655,0.25323833333333334
125,2025-03-19T23:05:45.064392,0.4876246666666665,0.0060686666666666484,0.0,0.0,0.0,0.0,0.0,0.0,0.5576673333333323,0.0010674999999999992,0.0,0.0,0.0,0.0,0.26200183333333393,0.0,0.1002853333333332,0.0,0.0,0.0,0.0,0.20440599999999995,0.0,0.07604899999999996,0.0,0.0,0.25323833333333334
125,2025-03-19T23:05:48.064515,0.0,0.0060686666666666484,0.0,0.42064350000000184,0.0008111666666666685,0.0,0.0,0.0,0.5576673333333323,0.0010674999999999992,0.0,0.0,0.0,0.026676500000000068,0.0,0.0,0.1002853333333332,0.0,0.35915666666666846,0.09841633333333337,0.10031983333333373,0.20440599999999995,0.07506566666666656,0.07604899999999996,0.5894730000000029,0.0,0.0
150,2025-03-19T23:07:08.770000,0.07635433333333216,0.0,0.015055999999999516,0.0,0.0,0.000585333333333339,0.0,0.007318166666666553,0.0,0.0007854444444444559,0.048973333333333834,0.0,0.032027833333333554,0.0028950000000001414,0.0,0.0,0.011363999999999782,0.0,0.0,0.020995111111111225,0.041533999999999814,0.09356133333333243,0.0,0.020395499999999938,0.21000533333333415,0.0,0.03998433333333335
150,2025-03-19T23:07:11.772523,0.0,0.0,0.0,0.0,0.0010238333333333351,0.000585333333333339,0.0,0.0,0.3127786666666666,0.0007854444444444559,0.048973333333333834,0.0,0.0,0.0,0.0,0.1680261666666662,0.0,0.0,0.0,0.020995111111111225,0.041533999999999814,0.09356133333333243,0.0,0.020395499999999938,0.0,0.0,0.03998433333333335
150,2025-03-19T23:07:14.775458,0.0,0.0036103333333332957,0.0,0.0,0.0010238333333333351,0.000585333333333339,0.019714166666666703,0.0,0.3127786666666666,0.0007854444444444559,0.048973333333333834,0.0,0.0,0.0,0.117579,0.1680261666666662,0.0,0.0,0.0,0.0,0.0,0.0,0.07995533333333368,0.0,0.0,0.0,0.0
150,2025-03-19T23:07:17.778167,0.0,0.0036103333333332957,0.0,0.5094428333333336,0.0,0.0,0.019714166666666703,0.0,0.0,0.0005643333333333272,0.0,0.16419416666666645,0.0,0.0,0.117579,0.0,0.0,0.001177999999999994,0.3383628333333349,0.0,0.0,0.0,0.07995533333333368,0.0,0.0,0.049268166666666786,0.0
150,2025-03-19T23:07:20.781094,0.5412418333333354,0.0036103333333332957,0.0,0.5094428333333336,0.0,0.0,0.0,0.08348616666666688,0.0,0.0005643333333333272,0.0,0.16419416666666645,0.0,0.029929444444444307,0.117579,0.0,0.10194466666666695,0.001177999999999994,0.3383628333333349,0.08134488888888886,0.0,0.2707179999999999,0.0,0.0,0.0,0.049268166666666786,0.16963922222222216
150,2025-03-19T23:07:23.784017,0.5412418333333354,0.0,0.173268666666667,0.0,0.0,0.0,0.0,0.08348616666666688,0.0,0.0005643333333333272,0.0,0.0,0.0,0.029929444444444307,0.0,0.0,0.10194466666666695,0.0,0.0,0.08134488888888886,0.09567616666666665,0.2707179999999999,0.0,0.08917650000000008,0.606636222222221,0.0,0.16963922222222216
150,2025-03-19T23:07:26.784506,0.0,0.0,0.173268666666667,0.0,0.0008676666666666648,0.0009509999999999982,0.0,0.0,0.0,0.0,0.13432722222222224,0.0,0.12409949999999982,0.029929444444444307,0.14147311111111094,0.0,0.0,0.0009273333333333357,0.0,0.08134488888888886,0.09567616666666665,0.0,0.0,0.08917650000000008,0.606636222222221,0.0,0.16963922222222216
150,2025-03-19T23:07:29.787421,0.0,0.0,0.0,0.0,0.0008676666666666648,0.0009509999999999982,0.0,0.0,0.0,0.0,0.13432722222222224,0.0,0.12409949999999982,0.0,0.14147311111111094,0.0,0.0,0.0009273333333333357,0.0,0.0,0.0,0.0,0.0,0.0,0.606636222222221,0.0,0.0
150,2025-03-19T23:07:32.790348,0.0,0.004588222222222241,0.0,0.0,0.0,0.0009509999999999982,0.0,0.07034333333333306,0.6491860000000004,0.000834777777777777,0.13432722222222224,0.0,0.0,0.027031888888888942,0.14147311111111094,0.36841166666666686,0.0,0.0,0.3433226666666656,0.0,0.0,0.0,0.1552094999999998,0.0,0.0,0.06283033333333334,0.15725822222222205
150,2025-03-19T23:07:35.790877,0.6638371666666648,0.004588222222222241,0.13109633333333312,0.6712399999999975,0.0,0.0006073333333333302,0.021567166666666658,0.07034333333333306,0.6491860000000004,0.000834777777777777,0.0,0.0,0.0,0.027031888888888942,0.0,0.36841166666666686,0.08945033333333305,0.0,0.3433226666666656,0.0,0.07937700000000034,0.0,0.1552094999999998,0.0842944999999998,0.0,0.06283033333333334,0.15725822222222205
150,2025-03-19T23:07:38.793787,0.6638371666666648,0.004588222222222241,0.13109633333333312,0.6712399999999975,0.0,0.0006073333333333302,0.021567166666666658,0.0,0.0,0.000834777777777777,0.0,0.22971933333333422,0.0,0.027031888888888942,0.0,0.0,0.08945033333333305,0.0,0.0,0.11319144444444461,0.07937700000000034,0.43276850000000056,0.0,0.0842944999999998,0.0,0.0,0.15725822222222205
150,2025-03-19T23:07:41.796714,0.0,0.0,0.0,0.0,0.0,0.0006073333333333302,0.0,0.0,0.0,0.0,0.0,0.22971933333333422,0.0,0.0,0.0,0.0,0.0,0.0,0.0,0.11319144444444461,0.0,0.43276850000000056,0.0,0.0,0.5971464444444463,0.0,0.0
150,2025-03-19T23:07:44.797891,0.0,0.0,0.0,0.0,0.0009826666666666688,0.0,0.0,0.0,0.5272108333333351,0.0,0.1275463333333333,0.0,0.13908950000000017,0.021713444444444403,0.16786166666666702,0.0,0.0,0.0012165000000000095,0.0,0.11319144444444461,0.0,0.0,0.0,0.0,0.5971464444444463,0.043047499999999836,0.0
150,2025-03-19T23:07:47.800814,0.0,0.0,0.0,0.0,0.0009826666666666688,0.0,0.0,0.06882283333333325,0.5272108333333351,0.0,0.1275463333333333,0.0,0.13908950000000017,0.021713444444444403,0.16786166666666702,0.2993520000000002,0.0,0.0012165000000000095,0.35973716666666655,0.0,0.0,0.0,0.0,0.0,0.5971464444444463,0.043047499999999836,0.0
150,2025-03-19T23:07:50.803744,0.0,0.004275444444444462,0.1430875000000006,0.48553966666666787,0.0,0.0,0.0,0.06882283333333322,0.0,0.0,0.1275463333333333,0.0,0.0,0.021713444444444403,0.16786166666666702,0.2993520000000002,0.0,0.0,0.35973716666666644,0.0,0.11353216666666671,0.0,0.13195733333333354,0.0,0.0,0.0,0.0
150,2025-03-19T23:07:53.804562,0.6317438333333338,0.004275444444444462,0.14308750000000064,0.48553966666666787,0.0,0.0,0.01881666666666663,0.0,0.0,0.0011010000000000063,0.0,0.0,0.0,0.0,0.0,0.0,0.12032800000000007,0.0009713333333333242,0.0,0.0,0.11353216666666674,0.0,0.13195733333333357,0.09843366666666677,0.0,0.0,0.2310054444444442
150,2025-03-19T23:07:56.807513,0.6317438333333338,0.004275444444444462,0.0,0.0,0.0,0.0010721111111111133,0.018816666666666624,0.0,0.0,0.0011010000000000063,0.0,0.20370633333333282,0.0,0.0,0.14964655555555517,0.0,0.12032800000000003,0.0009713333333333242,0.0,0.09477644444444444,0.0,0.0,0.0,0.09843366666666677,0.0,0.0,0.2310054444444442
150,2025-03-19T23:07:59.810468,0.0,0.0025185555555555304,0.0,1.7127010000000005,0.0,0.0010721111111111133,0.0,0.0,0.4855239999999981,0.0011010000000000063,0.0,0.2037063333333329,0.09598783333333336,0.024245999999999965,0.14964655555555517,0.0,0.0,0.0,0.0,0.09477644444444444,0.0,0.44018216666666754,0.0,0.0,0.6224723333333329,0.057921833333333346,0.2310054444444442
150,2025-03-19T23:08:02.812523,0.0,0.0025185555555555304,0.0,1.7127010000000005,0.0009464999999999983,0.0010721111111111133,0.0,0.0,0.4855239999999981,0.0,0.11725899999999949,0.0,0.09598783333333336,0.024245999999999965,0.14964655555555517,0.0,0.0,0.0,0.2846980000000012,0.09477644444444444,0.0,0.44018216666666754,0.0,0.0,0.6224723333333329,0.057921833333333346,0.0
150,2025-03-19T23:08:05.815449,0.0,0.0025185555555555304,0.1605468333333325,0.0,0.0009464999999999983,0.0,0.0,0.1053586666666669,0.0,0.0,0.11725899999999949,0.0,0.0,0.024245999999999965,0.0,0.0,0.0,0.0,0.2846980000000012,0.0,0.11556399999999972,0.0,0.1250173333333334,0.0,0.6224723333333329,0.0,0.0
150,2025-03-19T23:08:08.816513,0.6677200000000004,0.0,0.1605468333333325,0.0,0.0,0.0006524444444444432,0.0,0.1053586666666669,0.0,0.0008893333333333346,0.11725899999999949,0.0,0.0,0.0,0.0,0.3848314999999995,0.0,0.0012210000000000092,0.0,0.0,0.11556399999999972,0.22935683333333168,0.1250173333333334,0.08825933333333326,0.0,0.0,0.17618866666666677
150,2025-03-19T23:08:11.819432,0.6677200000000004,0.002657444444444441,0.0,0.0,0.000604000000000012,0.0006524444444444432,0.01887550000000005,0.0,0.42396033333333355,0.0008893333333333346,0.0,0.0,0.0,0.0,0.12846666666666648,0.3848314999999995,0.0,0.0012210000000000092,0.0,0.09950644444444419,0.0,0.22935683333333168,0.0,0.08825933333333326,0.3868717777777767,0.0,0.17618866666666677
150,2025-03-19T23:08:14.822367,0.0,0.002657444444444441,0.0,0.0,0.000604000000000012,0.0006524444444444432,0.01887550000000005,0.0,0.42396033333333355,0.0008893333333333346,0.0,0.2019388333333332,0.0,0.0,0.12846666666666648,0.0,0.12242366666666687,0.0,0.2322761666666651,0.09950644444444419,0.0,0.0,0.0,0.0,0.3868717777777767,0.061174500000000215,0.17618866666666677
150,2025-03-19T23:08:17.825287,0.0,0.002657444444444441,0.0,0.6876864999999982,0.0,0.0005611111111111111,0.0,0.0,0.0,0.0,0.0,0.2019388333333332,0.12114899999999967,0.03293966666666669,0.12846666666666648,0.0,0.12242366666666687,0.0009363333333333355,0.2322761666666651,0.09950644444444419,0.0,0.0,0.0,0.0,0.3868717777777767,0.061174500000000215,0.0
150,2025-03-19T23:08:20.828219,0.0,0.0,0.0,0.6876864999999982,0.0,0.0005611111111111111,0.0,0.0,0.0,0.0006978888888888868,0.14185844444444484,0.0,0.12114899999999967,0.03293966666666669,0.0,0.0,0.0,0.0009363333333333355,0.0,0.0,0.0,0.0,0.09928066666666643,0.0,0.0,0.0,0.0
150,2025-03-19T23:08:23.828578,0.0,0.0,0.1726823333333343,0.0,0.0,0.0005611111111111111,0.0,0.0,0.42372183333333413,0.0006978888888888868,0.14185844444444484,0.0,0.0,0.03293966666666669,0.13775566666666667,0.2853010000000005,0.0,0.0,0.0,0.0,0.13843583333333362,0.0,0.09928066666666643,0.08458783333333328,0.0,0.0,0.1681416666666667
150,2025-03-19T23:08:26.831456,0.6746764999999992,0.0,0.1726823333333343,0.4116764999999987,0.0,0.0,0.016900833333333292,0.10759133333333361,0.42372183333333413,0.0006978888888888868,0.14185844444444484,0.0,0.0,0.0,0.13775566666666667,0.2853010000000005,0.0,0.0,0.31268316666666846,0.0,0.13843583333333362,0.39806650000000116,0.0,0.08458783333333328,0.4368674444444436,0.0,0.1681416666666667
150,2025-03-19T23:08:29.832549,0.6746764999999992,0.004402666666666703,0.0,0.4116764999999987,0.0,0.0,0.016900833333333292,0.10759133333333361,0.0,0.0,0.0,0.0,0.0966800000000004,0.02450955555555565,0.13775566666666667,0.0,0.09597633333333337,0.0008810000000000022,0.31268316666666846,0.10192466666666691,0.0,0.39806650000000116,0.0,0.0,0.4368674444444436,0.0,0.1681416666666667
150,2025-03-19T23:08:32.835457,0.0,0.004402666666666703,0.0,0.0,0.001029999999999994,0.0,0.0,0.0,0.0,0.0006777777777777771,0.0,0.2173573333333335,0.0966800000000004,0.02450955555555565,0.12005755555555611,0.1912273333333327,0.09597633333333337,0.0008810000000000022,0.0,0.10192466666666691,0.0,0.0,0.0,0.06405966666666708,0.4368674444444436,0.06700949999999987,0.0
150,2025-03-19T23:08:35.836666,0.0,0.004402666666666703,0.0,0.0,0.001029999999999994,0.0008486666666666704,0.0,0.0,0.0,0.0006777777777777771,0.0,0.2173573333333335,0.0,0.02450955555555565,0.12005755555555611,0.1912273333333327,0.0,0.0,0.0,0.10192466666666691,0.07839649999999962,0.0,0.11428733333333282,0.06405966666666708,0.0,0.06700949999999987,0.0
150,2025-03-19T23:08:38.839603,0.0,0.0,0.18026816666666554,0.5296181666666703,0.0,0.0008486666666666704,0.0,0.0,0.0,0.0006777777777777771,0.13672144444444476,0.0,0.0,0.0,0.12005755555555611,0.0,0.07224083333333317,0.0,0.0,0.0,0.07839649999999962,0.0,0.11428733333333282,0.0,0.0,0.0,0.1793286666666671
150,2025-03-19T23:08:41.840542,0.0,0.0,0.18026816666666554,0.5296181666666703,0.0,0.0008486666666666704,0.0,0.08858183333333318,0.5857528333333331,0.0,0.13672144444444476,0.0,0.0,0.0,0.0,0.0,0.07224083333333317,0.0,0.3120138333333292,0.0,0.0,0.0,0.0,0.0,0.45060522222222393,0.0,0.1793286666666671
150,2025-03-19T23:08:44.843449,0.715432500000001,0.00396099999999998,0.0,0.0,0.0,0.0,0.020717666666666783,0.08858183333333318,0.5857528333333331,0.0006945555555555563,0.13672144444444476,0.1280874999999995,0.0,0.02984155555555547,0.12181455555555548,0.0,0.0,0.0,0.3120138333333292,0.09339255555555563,0.0,0.0,0.0,0.07099099999999996,0.45060522222222393,0.0,0.1793286666666671
150,2025-03-19T23:08:47.843717,0.715432500000001,0.00396099999999998,0.0,0.0,0.0008196666666666631,0.000751777777777771,0.020717666666666783,0.0,0.0,0.0006945555555555563,0.0,0.1280874999999995,0.11135216666666697,0.02984155555555547,0.12181455555555548,0.0,0.0,0.0014791666666666612,0.0,0.09339255555555563,0.0,0.41754516666666563,0.0,0.07099099999999996,0.45060522222222393,0.060459999999999965,0.12672499999999964
150,2025-03-19T23:08:50.846617,0.0,0.00396099999999998,0.0,0.0,0.0008196666666666631,0.000751777777777771,0.0,0.0,0.0,0.0006945555555555563,0.08596444444444432,0.0,0.11135216666666697,0.02984155555555547,0.12181455555555548,0.36054416666666833,0.07721133333333323,0.0014791666666666612,0.0,0.09339255555555563,0.0,0.41754516666666563,0.11913016666666704,0.0,0.0,0.060459999999999965,0.12672499999999964
150,2025-03-19T23:08:53.849494,0.0,0.0,0.0,0.5606426666666665,0.0,0.000751777777777771,0.0,0.0,0.46250016666666727,0.0,0.08596444444444432,0.0,0.0,0.0,0.0,0.36054416666666833,0.07721133333333323,0.0,0.0,0.0,0.0,0.0,0.11913016666666704,0.0,0.0,0.0,0.12672499999999964
150,2025-03-19T23:08:56.852388,0.0,0.0,0.1710658333333335,0.5606426666666665,0.0,0.0,0.0,0.07926949999999996,0.46250016666666727,0.0006064444444444404,0.08596444444444432,0.0,0.0,0.0,0.0,0.0,0.0,0.0,0.0,0.0,0.14508133333333365,0.0,0.0,0.0,0.0,0.0,0.0
150,2025-03-19T23:08:59.855280,0.0,0.003748666666666672,0.1710658333333335,0.0,0.0,0.0,0.0,0.07926949999999996,0.0,0.0006064444444444404,0.0,0.19629866666666732,0.0,0.022717999999999943,0.15799733333333343,0.0,0.0,0.0,0.35271183333333533,0.0,0.14508133333333365,0.25781600000000066,0.0,0.0889713333333333,0.6380965555555539,0.0,0.132539333333333
150,2025-03-19T23:09:02.858195,0.7552291666666663,0.003748666666666672,0.0,0.0,0.0,0.0008117777777777817,0.020891999999999914,0.0,0.0,0.0006064444444444404,0.0,0.19629866666666732,0.0,0.022717999999999943,0.15799733333333343,0.0,0.0,0.0010811666666666702,0.35271183333333533,0.0,0.0,0.25781600000000066,0.0,0.0889713333333333,0.6380965555555539,0.0,0.132539333333333
150,2025-03-19T23:09:05.860531,0.7552291666666663,0.003748666666666672,0.0,0.0,0.0009291666666666662,0.0008117777777777817,0.020891999999999914,0.0,0.0,0.0,0.0,0.0,0.0,0.022717999999999943,0.15799733333333343,0.26771616666666637,0.0,0.0010811666666666702,0.0,0.11467111111111096,0.0,0.0,0.11840350000000063,0.0,0.6380965555555539,0.07453583333333333,0.132539333333333
150,2025-03-19T23:09:08.863434,0.0,0.0,0.0,0.562330499999997,0.0009291666666666662,0.0008117777777777817,0.0,0.0,0.0,0.0,0.1298443333333334,0.0,0.13708633333333256,0.0,0.0,0.26771616666666637,0.0,0.0,0.0,0.11467111111111096,0.0,0.2396916666666679,0.11840350000000063,0.0,0.0,0.07453583333333333,0.0
150,2025-03-19T23:09:11.866330,0.0,0.0,0.0,0.562330499999997,0.0,0.0,0.0,0.07677749999999978,0.0,0.0012991666666666661,0.1947665000000001,0.14204733333333291,0.13708633333333256,0.0,0.0,0.0,0.1235945,0.0,0.0,0.0,0.11876933333333341,0.2396916666666679,0.0,0.07011850000000011,0.0,0.0,0.0
150,2025-03-19T23:09:14.868520,0.0,0.005582499999999972,0.1831991666666669,0.0,0.0,0.0008138333333333285,0.0,0.07677749999999978,0.6614620000000003,0.0012991666666666661,0.0,0.14204733333333291,0.0,0.0,0.0,0.0,0.1235945,0.0,0.34527216666666516,0.09721499999999969,0.11876933333333341,0.0,0.0,0.07011850000000011,0.0,0.0,0.0
150,2025-03-19T23:09:17.871428,0.0,0.005582499999999972,0.18319916666666697,0.0,0.0007603333333333259,0.0008138333333333285,0.0,0.0,0.6614620000000003,0.0,0.0,0.0,0.0,0.054204833333333376,0.3182066666666662,0.23204883333333254,0.0,0.0013430000000000017,0.34527216666666527,0.09721499999999969,0.0,0.0,0.10733083333333346,0.0,0.8089068333333388,0.0,0.3505538333333339
150,2025-03-19T23:09:20.872483,0.6720470000000016,0.0,0.0,0.4784291666666671,0.0007603333333333259,0.0,0.017392000000000078,0.0,0.0,0.0,0.0,0.0,0.0868396666666674,0.054204833333333376,0.3182066666666662,0.23204883333333254,0.0,0.0013430000000000017,0.0,0.0,0.0,0.0,0.10733083333333346,0.0,0.8089068333333388,0.0,0.3505538333333339
150,2025-03-19T23:09:23.875355,0.6720470000000016,0.0,0.0,0.4784291666666671,0.0,0.0,0.017392000000000078,0.0655988333333338,0.0,0.0,0.0,0.0,0.0868396666666674,0.0,0.0,0.0,0.0,0.0,0.0,0.0,0.0,0.34600749999999897,0.0,0.06034566666666664,0.0,0.0,0.0
150,2025-03-19T23:09:26.878246,0.0,0.0,0.0,0.0,0.0,0.0,0.0,0.0655988333333338,0.0,0.0,0.21665149999999994,0.0,0.0,0.0,0.0,0.0,0.10872166666666655,0.0,0.0,0.0,0.10918749999999972,0.34600749999999897,0.0,0.06034566666666664,0.5441434999999994,0.07814999999999996,0.0
150,2025-03-19T23:09:29.881133,0.0,0.0,0.15377916666666638,0.0,0.0,0.0012896666666666705,0.0,0.0,0.5343706666666653,0.0014518333333333375,0.21665149999999994,0.21512899999999985,0.0,0.03467300000000003,0.0,0.0,0.10872166666666655,0.0,0.0,0.1345220000000005,0.10918749999999972,0.0,0.0,0.0,0.5441434999999994,0.07814999999999996,0.19514250000000052
150,2025-03-19T23:09:32.884067,0.0,0.006864500000000052,0.15377916666666638,0.0,0.0008415000000000137,0.0012896666666666705,0.0,0.0,0.5343706666666653,0.0014518333333333375,0.0,0.21512899999999985,0.0,0.03467300000000003,0.20646450000000036,0.0,0.0,0.0,0.41275233333333483,0.1345220000000005,0.0,0.0,0.11928449999999914,0.0,0.0,0.0,0.19514250000000052
150,2025-03-19T23:09:35.884524,0.6333031666666643,0.006864500000000052,0.0,0.0,0.0008415000000000137,0.0,0.0,0.0,0.0,0.0,0.0,0.0,0.0,0.0,0.20646450000000036,0.34182483333333386,0.0,0.0012619999999999856,0.41275233333333483,0.0,0.0,0.27262850000000094,0.11928449999999914,0.0,0.0,0.0,0.0
150,2025-03-19T23:09:38.887414,0.6333031666666643,0.0,0.0,0.0,0.0,0.0,0.021072833333333506,0.0855943333333329,0.0,0.0,0.0,0.0,0.12952666666666585,0.0,0.0,0.34182483333333386,0.0,0.0012619999999999856,0.0,0.0,0.0,0.27262850000000094,0.0,0.09591499999999976,0.0,0.0,0.1998498333333328
150,2025-03-19T23:09:41.889434,0.0,0.0,0.13302000000000075,0.8427160000000007,0.0,0.0,0.021072833333333506,0.0855943333333329,0.0,0.0,0.0,0.0,0.12952666666666585,0.0,0.0,0.0,0.0,0.0,0.0,0.0,0.09530216666666706,0.0,0.0,0.09591499999999976,0.0,0.0,0.1998498333333328
150,2025-03-19T23:09:44.892299,0.0,0.0,0.13302000000000075,0.8427160000000007,0.0005229999999999958,0.0,0.0,0.0,0.0,0.0,0.19284783333333286,0.0,0.0,0.0428450000000001,0.19894833333333398,0.0,0.0,0.0009843333333333464,0.0,0.0,0.09530216666666706,0.0,0.0,0.0,0.8709113333333298,0.0765155000000002,0.0
150,2025-03-19T23:09:47.895145,0.0,0.004744333333333314,0.0,0.0,0.0005229999999999958,0.001437833333333342,0.0,0.0,0.6579179999999999,0.001590499999999995,0.19284783333333286,0.18608766666666673,0.0,0.0428450000000001,0.19894833333333398,0.2081080000000005,0.1209993333333337,0.0009843333333333464,0.31495833333333206,0.0,0.0,0.0,0.0,0.0,0.8709113333333298,0.0765155000000002,0.0
150,2025-03-19T23:09:50.896544,0.5942008333333367,0.004744333333333314,0.0,0.0,0.0,0.001437833333333342,0.0,0.06874566666666661,0.6579179999999999,0.001590499999999995,0.0,0.18608766666666673,0.07051433333333416,0.0,0.0,0.2081080000000005,0.1209993333333337,0.0,0.31495833333333206,0.1627624999999995,0.0,0.2965059999999985,0.13817383333333313,0.0,0.0,0.0,0.20384866666666687
150,2025-03-19T23:09:53.899408,0.5942008333333367,0.0,0.11554133333333284,0.0,0.0,0.0,0.0,0.06874566666666661,0.0,0.0,0.0,0.0,0.07051433333333416,0.0,0.0,0.0,0.0,0.0,0.0,0.1627624999999995,0.0,0.2965059999999985,0.13817383333333313,0.0,0.0,0.0,0.20384866666666687
150,2025-03-19T23:09:56.902293,0.0,0.0,0.11554133333333284,0.6891281666666677,0.0007579999999999995,0.0,0.01655149999999998,0.0,0.0,0.0,0.0,0.0,0.0,0.03710566666666656,0.1914898333333331,0.0,0.06702616666666651,0.0,0.21712250000000213,0.0,0.1092586666666667,0.0,0.0,0.09783050000000001,0.5833546666666697,0.0,0.0
150,2025-03-19T23:09:59.904495,0.0,0.0,0.0,0.6891281666666677,0.0007579999999999995,0.0,0.01655149999999998,0.0,0.0,0.0,0.0,0.0,0.0,0.03710566666666656,0.1914898333333331,0.0,0.06702616666666651,0.0,0.21712250000000213,0.0,0.1092586666666667,0.0,0.0,0.09783050000000001,0.5833546666666697,0.05824366666666651,0.0
175,2025-03-19T23:11:20.642896,0.0,0.0,0.034584000000000024,0.008334333333332705,0.0,0.0,0.019277833333333366,0.0,0.0,0.000913222222222232,0.010302333333333833,0.0,0.054729333333333116,0.0,0.0541573333333329,0.07830100000000093,0.0,0.0011594999999999986,0.0,0.0,0.0,0.0,0.0,0.03234033333333327,0.0,0.013934833333333195,0.0
175,2025-03-19T23:11:23.645864,0.0,0.0036533333333333357,0.03458400000000002,0.0,0.0008135000000000039,0.0,0.019277833333333366,0.0,0.0,0.000913222222222232,0.0,0.10552916666666691,0.054729333333333116,0.0,0.0541573333333329,0.07830100000000093,0.0,0.0,0.0,0.06266399999999964,0.0,0.0,0.0,0.03234033333333326,0.31243133333333617,0.0,0.10892322222222126
175,2025-03-19T23:11:26.648475,0.0,0.0036533333333333357,0.0,0.44144550000000043,0.0008135000000000041,0.000983333333333336,0.0,0.0,0.3393056666666656,0.000913222222222232,0.08574444444444396,0.10552916666666687,0.0,0.0,0.0541573333333329,0.0,0.07345300000000005,0.0,0.328158000000002,0.06266399999999964,0.0,0.0,0.0866460000000006,0.0,0.31243133333333617,0.047293833333333396,0.10892322222222126
175,2025-03-19T23:11:29.651426,0.5945343333333332,0.0036533333333333357,0.0,0.44144550000000043,0.0,0.000983333333333336,0.0,0.08591566666666614,0.33930566666666573,0.0,0.08574444444444396,0.0,0.0,0.0,0.0,0.0,0.07345300000000007,0.0007386666666666654,0.328158000000002,0.06266399999999964,0.10358066666666707,0.34377050000000037,0.0866460000000006,0.0,0.31243133333333617,0.04729383333333341,0.10892322222222126
175,2025-03-19T23:11:32.654172,0.5945343333333332,0.0,0.11124866666666597,0.0,0.0,0.000983333333333336,0.0,0.08591566666666614,0.0,0.0007509999999999956,0.08574444444444396,0.0,0.0,0.035900555555555554,0.0,0.0,0.0,0.0007386666666666654,0.0,0.0,0.10358066666666707,0.34377050000000037,0.0,0.07401449999999996,0.0,0.0,0.0
175,2025-03-19T23:11:35.657098,0.0,0.0,0.11124866666666597,0.0,0.0,0.0,0.017419166666666545,0.0,0.43853483333333076,0.0007509999999999956,0.0,0.16317133333333328,0.0,0.035900555555555554,0.21235433333333417,0.0,0.0,0.0,0.0,0.0,0.0,0.0,0.0,0.07401449999999996,0.0,0.0,0.0
175,2025-03-19T23:11:38.660023,0.0,0.0036135555555555244,0.0,0.4305674999999999,0.0,0.0006994444444444501,0.017419166666666545,0.0,0.43853483333333076,0.0007509999999999956,0.0,0.16317133333333328,0.15024066666666633,0.035900555555555554,0.21235433333333417,0.39450916666666563,0.0,0.0,0.0,0.08526466666666643,0.0,0.0,0.09441699999999999,0.0,0.531825666666666,0.0,0.0
175,2025-03-19T23:11:41.662927,0.49654799999999955,0.0036135555555555244,0.0,0.4305674999999999,0.0,0.0006994444444444501,0.0,0.0,0.0,0.0,0.11720833333333364,0.0,0.15024066666666633,0.0,0.21235433333333417,0.39450916666666563,0.0,0.0,0.3508171666666632,0.08526466666666643,0.08956633333333328,0.26963683333333205,0.09441699999999999,0.0,0.531825666666666,0.0,0.2489028888888893
175,2025-03-19T23:11:44.665834,0.49654799999999955,0.0036135555555555244,0.0,0.0,0.0010256666666666656,0.0006994444444444501,0.0,0.09233933333333334,0.0,0.0,0.11720833333333364,0.0,0.0,0.0,0.0,0.0,0.14266033333333303,0.0011768333333333307,0.3508171666666632,0.08526466666666643,0.08956633333333328,0.26963683333333205,0.0,0.0,0.531825666666666,0.08006599999999983,0.2489028888888893
175,2025-03-19T23:11:47.668735,0.0,0.0,0.16413350000000076,0.0,0.0010256666666666656,0.0,0.013611833333333339,0.09233933333333334,0.0,0.0007996666666666677,0.11720833333333364,0.0,0.0,0.03407766666666667,0.0,0.0,0.142660333333333,0.0011768333333333307,0.0,0.0,0.0,0.0,0.0,0.0831601666666669,0.0,0.0800659999999998,0.2489028888888893
175,2025-03-19T23:11:50.671630,0.0,0.0032874444444444726,0.1641335000000007,0.0,0.0,0.0,0.013611833333333344,0.0,0.0,0.0007996666666666677,0.08464277777777736,0.1858673333333331,0.0848520000000003,0.03407766666666667,0.0,0.3072983333333331,0.0,0.0,0.0,0.0,0.0,0.0,0.0,0.08316016666666687,0.35184533333333295,0.0,0.0
175,2025-03-19T23:11:53.674539,0.0,0.0032874444444444726,0.0,0.0,0.0,0.0007332222222222124,0.0,0.0,0.666876833333338,0.0007996666666666677,0.08464277777777736,0.1858673333333331,0.0848520000000003,0.03407766666666667,0.20291444444444395,0.3072983333333331,0.0,0.0,0.0,0.10584444444444488,0.0864319999999997,0.0,0.0,0.0,0.35184533333333295,0.0,0.0
175,2025-03-19T23:11:56.677448,0.5239971666666701,0.0032874444444444726,0.0,0.7989144999999999,0.0007403333333333429,0.0007332222222222124,0.0,0.0,0.666876833333338,0.0,0.08464277777777736,0.0,0.0,0.0,0.20291444444444395,0.0,0.0,0.0,0.28151983333333425,0.10584444444444488,0.0864319999999997,0.0,0.16068399999999985,0.0,0.35184533333333295,0.0,0.16128588888888848
175,2025-03-19T23:11:59.680372,0.5239971666666701,0.0,0.09478416666666571,0.7989144999999999,0.0007403333333333429,0.0007332222222222124,0.0,0.0,0.0,0.0005621111111111151,0.0,0.0,0.0,0.022868555555555524,0.20291444444444395,0.0,0.09718699999999993,0.0008818333333333226,0.28151983333333425,0.10584444444444488,0.0,0.442180333333333,0.16068399999999985,0.0783711666666669,0.0,0.07555733333333356,0.16128588888888848
175,2025-03-19T23:12:02.683298,0.0,0.0,0.09478416666666571,0.0,0.0,0.0,0.0,0.11989266666666688,0.0,0.0005621111111111151,0.0,0.0,0.0,0.022868555555555524,0.0,0.0,0.09718699999999993,0.0008818333333333226,0.0,0.0,0.0,0.442180333333333,0.0,0.0783711666666669,0.4435147777777755,0.07555733333333356,0.16128588888888848
175,2025-03-19T23:12:05.684531,0.0,0.0,0.0,0.0,0.0,0.0006716666666666754,0.0,0.11989266666666688,0.0,0.0005621111111111151,0.10110977777777841,0.0,0.0,0.022868555555555524,0.0,0.0,0.0,0.0,0.0,0.0,0.09034750000000004,0.0,0.0,0.0,0.4435147777777755,0.0,0.0
175,2025-03-19T23:12:08.687456,0.48667499999999586,0.0037873333333333157,0.0,0.0,0.0,0.0006716666666666754,0.022948000000000118,0.0,0.5023863333333292,0.0,0.10110977777777841,0.24857033333333337,0.16711016666666725,0.0,0.21941477777777785,0.0,0.0,0.0009066666666666668,0.0,0.09350344444444403,0.09034750000000004,0.0,0.0,0.0,0.4435147777777755,0.0,0.0
175,2025-03-19T23:12:11.688231,0.48667499999999586,0.0037873333333333157,0.12185116666666693,0.0,0.0,0.0006716666666666754,0.022948000000000118,0.06295383333333328,0.5023863333333292,0.0007201111111111066,0.10110977777777841,0.24857033333333337,0.16711016666666725,0.0,0.21941477777777785,0.4389436666666669,0.08848866666666667,0.0009066666666666668,0.37082783333333685,0.09350344444444403,0.0,0.0,0.10857100000000014,0.0,0.0,0.05730966666666682,0.0
175,2025-03-19T23:12:14.691167,0.0,0.0037873333333333157,0.12185116666666693,0.0,0.0009779999999999975,0.0,0.0,0.06295383333333328,0.0,0.0007201111111111066,0.0,0.0,0.0,0.0,0.21941477777777785,0.4389436666666669,0.08848866666666667,0.0,0.37082783333333685,0.09350344444444403,0.0,0.0,0.10857100000000014,0.0,0.34825311111111057,0.05730966666666682,0.24198366666666657
175,2025-03-19T23:12:17.692489,0.0,0.0,0.0,2.705194999999999,0.0009779999999999975,0.0,0.0,0.0,0.0,0.0007201111111111066,0.09993411111111072,0.0,0.0,0.04044622222222236,0.0,0.0,0.0,0.0,0.0,0.0,0.09787400000000032,0.4292060000000007,0.0,0.11780516666666627,0.34825311111111057,0.0,0.24198366666666657
175,2025-03-19T23:12:20.692838,0.0,0.002979777777777779,0.0,2.705194999999999,0.0,0.0008256666666666629,0.0,0.0,0.0,0.0,0.09993411111111072,0.13152066666666687,0.0,0.04044622222222236,0.14777344444444415,0.23447549999999973,0.0,0.0,0.0,0.0,0.09787400000000032,0.4292060000000007,0.0,0.11780516666666627,0.34825311111111057,0.0,0.24198366666666657
175,2025-03-19T23:12:23.695730,0.0,0.002979777777777779,0.0,0.0,0.0,0.0008256666666666629,0.02010716666666657,0.0,0.0,0.0,0.09993411111111072,0.13152066666666687,0.0,0.04044622222222236,0.14777344444444415,0.23447549999999973,0.0,0.0,0.22315033333333173,0.0,0.0,0.0,0.0,0.0,0.0,0.06433849999999987,0.0
175,2025-03-19T23:12:26.695838,0.7855425000000007,0.002979777777777779,0.1568583333333334,0.0,0.0005883333333333389,0.0008256666666666629,0.02010716666666657,0.0,0.5908925000000002,0.0,0.0,0.0,0.1535768333333323,0.0,0.14777344444444415,0.0,0.12219516666666705,0.0,0.22315033333333173,0.10730088888888961,0.0,0.0,0.14066283333333257,0.0,0.0,0.06433849999999987,0.0
175,2025-03-19T23:12:29.696524,0.7855425000000007,0.0029618888888889063,0.1568583333333334,0.0,0.0005883333333333389,0.0005555555555555561,0.0,0.0,0.5908925000000002,0.0009635555555555571,0.10477011111111129,0.0,0.1535768333333323,0.0,0.0,0.0,0.12219516666666705,0.0014613333333333331,0.0,0.10730088888888961,0.0,0.0,0.14066283333333257,0.07248300000000009,0.0,0.0,0.22735244444444588
175,2025-03-19T23:12:32.699412,0.0,0.0029618888888889063,0.0,0.8388741666666705,0.0,0.0005555555555555561,0.0,0.11837833333333356,0.0,0.0009635555555555571,0.10477011111111129,0.19048733333333348,0.0,0.028602999999999986,0.1337216666666671,0.0,0.0,0.0014613333333333331,0.0,0.10730088888888961,0.0,0.0,0.0,0.07248300000000009,0.6087176666666715,0.0,0.22735244444444588
175,2025-03-19T23:12:35.700461,0.0,0.0029618888888889063,0.0,0.8388741666666705,0.0,0.0005555555555555561,0.0,0.11837833333333356,0.0,0.0009635555555555571,0.10477011111111129,0.19048733333333348,0.0,0.028602999999999986,0.1337216666666671,0.33009049999999956,0.0,0.0,0.0,0.0,0.1252324999999998,0.42855183333333247,0.0,0.0,0.6087176666666715,0.055652666666666434,0.22735244444444588
175,2025-03-19T23:12:38.703368,0.0,0.0,0.0,0.0,0.0006753333333333241,0.0,0.0,0.0,0.0,0.0,0.0,0.0,0.09347966666666709,0.028602999999999986,0.1337216666666671,0.33009049999999956,0.0,0.0,0.3484671666666657,0.0,0.1252324999999998,0.42855183333333247,0.0,0.0,0.6087176666666715,0.055652666666666434,0.0
175,2025-03-19T23:12:41.706290,0.5439420000000014,0.0,0.0,0.0,0.0006753333333333241,0.0006729999999999977,0.0,0.0,0.0,0.0,0.08538111111111135,0.0,0.09347966666666709,0.0,0.0,0.0,0.09195299999999959,0.0,0.3484671666666657,0.11001577777777764,0.0,0.0,0.0,0.0,0.0,0.0,0.0
175,2025-03-19T23:12:44.709190,0.5439420000000014,0.0,0.0,0.0,0.0,0.0006729999999999977,0.020935499999999923,0.0,0.719400166666669,0.0007966666666666679,0.08538111111111135,0.1476746666666671,0.0,0.0,0.14014766666666706,0.0,0.09195299999999959,0.0010580000000000036,0.0,0.11001577777777764,0.0,0.2331280000000007,0.0,0.0,0.0,0.0,0.0
175,2025-03-19T23:12:47.712091,0.0,0.004012888888888869,0.18187116666666728,0.0,0.0,0.0006729999999999977,0.020935499999999923,0.0,0.719400166666669,0.0007966666666666679,0.08538111111111135,0.1476746666666671,0.0,0.0,0.14014766666666706,0.24218916666666723,0.0,0.0010580000000000036,0.0,0.11001577777777764,0.0,0.2331280000000007,0.15729850000000076,0.10457283333333342,0.5430032222222205,0.0,0.23893711111111002
175,2025-03-19T23:12:50.714997,0.0,0.004012888888888869,0.18187116666666728,0.8463950000000012,0.0007584999999999954,0.0,0.0,0.12409700000000021,0.0,0.0007966666666666679,0.0,0.0,0.0,0.03833711111111112,0.14014766666666706,0.24218916666666723,0.0,0.0,0.2412706666666651,0.0,0.10841516666666648,0.0,0.15729850000000076,0.10457283333333342,0.5430032222222205,0.0,0.23893711111111002
175,2025-03-19T23:12:53.717896,0.5271030000000015,0.004012888888888869,0.0,0.8463950000000012,0.0007584999999999954,0.0,0.0,0.12409700000000021,0.0,0.0,0.0,0.0,0.0,0.03833711111111112,0.0,0.0,0.07641600000000005,0.0,0.2412706666666651,0.0,0.10841516666666648,0.0,0.0,0.0,0.5430032222222205,0.0,0.23893711111111002
175,2025-03-19T23:12:56.720753,0.5271030000000015,0.0,0.0,0.0,0.0,0.0,0.0,0.0,0.0,0.0007617777777777749,0.0,0.1478708333333323,0.14521016666666736,0.03833711111111112,0.16799088888888827,0.0,0.07641600000000005,0.0,0.0,0.09112811111111085,0.0,0.0,0.0,0.0,0.0,0.0967785000000004,0.0
175,2025-03-19T23:12:59.723663,0.0,0.0027331111111111245,0.0,0.0,0.0,0.0009421111111111127,0.018557000000000084,0.0,0.0,0.0007617777777777749,0.12938066666666656,0.1478708333333323,0.14521016666666736,0.0,0.16799088888888827,0.0,0.0,0.0,0.0,0.09112811111111085,0.07877533333333395,0.3980000000000009,0.0,0.0851495,0.0,0.0967785000000004,0.1635265555555555
175,2025-03-19T23:13:02.726588,0.0,0.0027331111111111245,0.14505249999999967,0.0,0.0006870000000000117,0.0009421111111111127,0.018557000000000084,0.0,0.6586998333333346,0.0007617777777777749,0.12938066666666656,0.0,0.0,0.025482555555555567,0.16799088888888827,0.0,0.0,0.0013499999999999994,0.25705300000000386,0.09112811111111085,0.07877533333333395,0.3980000000000009,0.0,0.0851495,0.48935466666666927,0.0,0.1635265555555555
175,2025-03-19T23:13:05.729504,0.4342749999999996,0.0027331111111111245,0.14505249999999967,0.7744368333333304,0.0006870000000000117,0.0009421111111111127,0.0,0.09263499999999959,0.6586998333333346,0.0,0.12938066666666656,0.0,0.0,0.025482555555555567,0.0,0.3710916666666672,0.0,0.0013499999999999994,0.25705300000000386,0.0,0.0,0.0,0.15563149999999956,0.0,0.48935466666666927,0.0,0.1635265555555555
175,2025-03-19T23:13:08.732450,0.4342749999999996,0.0,0.0,0.7744368333333304,0.0,0.0,0.0,0.09263499999999959,0.0,0.0006072222222222282,0.08978355555555517,0.15803550000000047,0.0,0.025482555555555567,0.1681512222222226,0.3710916666666672,0.0,0.0,0.0,0.08390122222222217,0.0,0.0,0.15563149999999956,0.0,0.48935466666666927,0.06355499999999974,0.0
175,2025-03-19T23:13:11.735374,0.0,0.002986333333333313,0.0,0.0,0.0,0.0,0.012575000000000005,0.0,0.0,0.0006072222222222282,0.08978355555555517,0.15803550000000047,0.12551166666666566,0.0,0.1681512222222226,0.0,0.14467716666666716,0.0,0.0,0.08390122222222217,0.0,0.0,0.0,0.06639666666666659,0.0,0.06355499999999974,0.0
175,2025-03-19T23:13:14.736502,0.0,0.002986333333333313,0.12831199999999993,0.0,0.0,0.0009208888888888847,0.012575000000000005,0.0,0.0,0.0006072222222222282,0.08978355555555517,0.0,0.12551166666666566,0.0,0.1681512222222226,0.0,0.14467716666666716,0.0,0.0,0.08390122222222217,0.10391633333333299,0.0,0.0,0.06639666666666659,0.38543822222221835,0.0,0.0
175,2025-03-19T23:13:17.739410,0.0,0.002986333333333313,0.12831199999999993,0.547729666666669,0.0,0.0009208888888888847,0.0,0.0,0.0,0.0,0.0,0.0,0.0,0.029684444444444305,0.0,0.0,0.0,0.0,0.0,0.0,0.10391633333333299,0.0,0.10088550000000042,0.0,0.38543822222221835,0.0,0.23818277777777852
175,2025-03-19T23:13:20.742330,0.6412903333333305,0.0,0.0,0.547729666666669,0.0,0.0009208888888888847,0.0,0.09598933333333372,0.6127781666666674,0.0,0.07893366666666661,0.0,0.0,0.029684444444444305,0.13847288888888917,0.0,0.0,0.0,0.4030804999999968,0.0,0.0,0.47805466666666524,0.10088550000000042,0.060902333333333544,0.38543822222221835,0.0,0.23818277777777852
175,2025-03-19T23:13:23.744518,0.6412903333333305,0.0027626666666666667,0.0,0.0,0.0010456666666666672,0.0,0.0,0.09598933333333372,0.6127781666666674,0.0008119999999999979,0.07893366666666661,0.19845233333333331,0.12013549999999996,0.029684444444444305,0.13847288888888917,0.41809250000000026,0.0,0.0014853333333333387,0.4030804999999968,0.0,0.0,0.47805466666666524,0.0,0.060902333333333544,0.0,0.0,0.23818277777777852
175,2025-03-19T23:13:26.747408,0.0,0.0027626666666666667,0.12899549999999968,0.0,0.0010456666666666672,0.0,0.0,0.0,0.0,0.0008119999999999979,0.07893366666666661,0.19845233333333331,0.12013549999999996,0.023332444444444416,0.13847288888888917,0.41809250000000026,0.0,0.0014853333333333387,0.0,0.0,0.08478133333333324,0.0,0.0,0.0,0.0,0.09367200000000035,0.0
175,2025-03-19T23:13:29.748523,0.0,0.0027626666666666667,0.12899549999999968,0.0,0.0,0.0,0.020696499999999972,0.0,0.0,0.0008119999999999979,0.0,0.0,0.0,0.023332444444444416,0.0,0.0,0.0,0.0,0.0,0.12131022222222201,0.08478133333333324,0.0,0.09352699999999933,0.0,0.0,0.09367200000000035,0.0
175,2025-03-19T23:13:32.751404,0.525885333333335,0.0,0.0,0.0,0.0,0.0009167777777777787,0.020696499999999972,0.0,0.0,0.0,0.0,0.0,0.0,0.023332444444444416,0.13744122222222188,0.0,0.1342831666666662,0.0,0.0,0.12131022222222201,0.0,0.0,0.09352699999999933,0.0,0.6270421111111091,0.0,0.0
175,2025-03-19T23:13:35.754267,0.525885333333335,0.0,0.0,0.0,0.0005554999999999867,0.0009167777777777787,0.0,0.0,0.0,0.0,0.1319148888888893,0.0,0.0,0.0,0.13744122222222188,0.0,0.1342831666666662,0.0009309999999999967,0.2927873333333367,0.12131022222222201,0.0,0.0,0.0,0.08692233333333318,0.6270421111111091,0.0,0.2161125555555559
175,2025-03-19T23:13:38.757122,0.0,0.0,0.0,0.9159924999999969,0.0005554999999999867,0.0009167777777777787,0.011705000000000078,0.10835200000000002,0.6381314999999954,0.0009589999999999939,0.1319148888888893,0.19225316666666717,0.12575000000000006,0.0,0.13744122222222188,0.0,0.0,0.0009309999999999967,0.2927873333333367,0.0,0.08625599999999997,0.4062805000000012,0.0,0.08692233333333318,0.6270421111111091,0.0,0.2161125555555559
175,2025-03-19T23:13:41.760030,0.0,0.004492555555555574,0.13865166666666678,0.9159924999999969,0.0,0.0005703333333333394,0.011705000000000078,0.10835200000000002,0.6381314999999954,0.0009589999999999939,0.1319148888888893,0.19225316666666717,0.12575000000000006,0.0,0.0,0.3941816666666659,0.0,0.0,0.0,0.08551022222222256,0.08625599999999997,0.4062805000000012,0.0,0.0,0.0,0.06922666666666663,0.2161125555555559
175,2025-03-19T23:13:44.762934,0.4852218333333317,0.004492555555555574,0.13865166666666678,0.0,0.0,0.0005703333333333394,0.0,0.0,0.0,0.0009589999999999939,0.0,0.0,0.0,0.03625611111111127,0.0,0.3941816666666659,0.0947088333333337,0.0,0.0,0.08551022222222256,0.0,0.0,0.13305200000000048,0.0,0.3992197777777796,0.06922666666666663,0.0
175,2025-03-19T23:13:47.765822,0.4852218333333317,0.004492555555555574,0.0,0.0,0.0008150000000000103,0.0005703333333333394,0.0,0.0,0.0,0.0,0.09645144444444438,0.0,0.0,0.03625611111111127,0.0,0.0,0.0947088333333337,0.0,0.0,0.08551022222222256,0.0,0.0,0.13305200000000048,0.0,0.3992197777777796,0.0,0.0
175,2025-03-19T23:13:50.768691,0.0,0.0,0.0,0.6133363333333365,0.0008150000000000103,0.0,0.016692666666666692,0.0,0.0,0.00061333333333333,0.09645144444444438,0.0,0.0,0.03625611111111127,0.2319932222222213,0.0,0.0,0.0,0.0,0.0,0.07522833333333287,0.3053385000000001,0.0,0.1056399999999999,0.3992197777777796,0.0,0.0
175,2025-03-19T23:13:53.771613,0.0,0.0,0.0,0.6133363333333365,0.0,0.000581333333333335,0.016692666666666692,0.0,0.6253816666666695,0.00061333333333333,0.09645144444444438,0.19092683333333346,0.11022200000000028,0.0,0.2319932222222213,0.21982683333333364,0.0,0.0013389999999999977,0.39058199999999965,0.0,0.07522833333333287,0.3053385000000001,0.0,0.1056399999999999,0.0,0.0,0.26269266666666624
175,2025-03-19T23:13:56.773189,0.49254850000000283,0.0,0.13971100000000075,0.0,0.0,0.000581333333333335,0.0,0.11366366666666633,0.6253816666666695,0.00061333333333333,0.0,0.19092683333333346,0.11022200000000028,0.0,0.2319932222222213,0.21982683333333364,0.0,0.0013389999999999977,0.39058199999999965,0.0,0.0,0.0,0.10977816666666723,0.0,0.3787125555555551,0.0,0.26269266666666624
175,2025-03-19T23:13:59.776079,0.49254850000000283,0.0043611111111111125,0.13971100000000075,0.0,0.0,0.000581333333333335,0.0,0.11366366666666633,0.0,0.0,0.0,0.0,0.0,0.03345199999999989,0.0,0.0,0.0,0.0,0.0,0.11556255555555517,0.0,0.24928700000000015,0.10977816666666723,0.0,0.3787125555555551,0.07932499999999958,0.26269266666666624
175,2025-03-19T23:14:02.778890,0.0,0.0043611111111111125,0.0,0.0,0.0,0.0,0.0,0.0,0.0,0.0,0.0,0.0,0.0,0.03345199999999989,0.0,0.0,0.1331029999999996,0.0,0.0,0.11556255555555517,0.0912475000000003,0.24928700000000015,0.0,0.0,0.3787125555555551,0.07932499999999958,0.0
175,2025-03-19T23:14:05.781770,0.0,0.0043611111111111125,0.0,2.5189283333333305,0.0008811666666666552,0.0,0.0,0.0,0.0,0.0,0.0,0.0,0.0,0.03345199999999989,0.0,0.32994550000000095,0.1331029999999996,0.0,0.29881166666666564,0.11556255555555517,0.0912475000000003,0.0,0.0,0.0,0.0,0.0,0.0
175,2025-03-19T23:14:08.784472,0.0,0.0,0.09801983333333317,2.5189283333333305,0.0008811666666666552,0.0,0.01811449999999996,0.0,0.0,0.0009808888888888955,0.15331533333333328,0.0,0.13721733333333339,0.0,0.24086677777777907,0.32994550000000095,0.0,0.0,0.29881166666666564,0.07465811111111186,0.0,0.0,0.0,0.0,0.0,0.0,0.0
175,2025-03-19T23:14:11.787338,0.0,0.003352888888888887,0.09801983333333317,0.0,0.0,0.0010551111111111054,0.01811449999999996,0.0,0.667477333333333,0.0009808888888888955,0.15331533333333328,0.25286466666666624,0.13721733333333339,0.020918111111111023,0.24086677777777907,0.0,0.0,0.0012531666666666756,0.0,0.07465811111111186,0.0,0.27430249999999984,0.12106699999999887,0.1137770000000001,0.0,0.0,0.25759455555555477
200,2025-03-19T23:15:32.213832,0.0,0.0034266666666666647,0.0,0.03996250000000146,0.0006819999999999975,0.0,0.012959666666666555,0.0,0.0,0.0010486666666666609,0.0,0.0,0.02163444444444451,0.0,0.020569555555555202,0.0006985555555555973,0.0,0.0,0.24707500000000004,0.0,0.0,0.06924499999999986,0.04309200000000028,0.01966350000000006,0.0,0.0,0.06848855555555626
200,2025-03-19T23:15:35.216812,0.3974108333333343,0.0034266666666666647,0.0,0.0,0.0006819999999999975,0.0,0.0,0.04884549999999995,0.0,0.0,0.0,0.0703617777777781,0.02163444444444451,0.017442111111111085,0.020569555555555202,0.0,0.0,0.0,0.0,0.0,0.0773035000000005,0.06924499999999986,0.0,0.0,0.44667466666666344,0.034789777777777746,0.06848855555555626
200,2025-03-19T23:15:38.219736,0.3974108333333343,0.0034266666666666647,0.0,0.0,0.0,0.0009275555555555457,0.0,0.04884549999999995,0.34125266666666854,0.000611777777777779,0.09664122222222224,0.0703617777777781,0.0,0.017442111111111085,0.0,0.0,0.0,0.0,0.0,0.0,0.0773035000000005,0.06924499999999986,0.0,0.0,0.44667466666666344,0.034789777777777746,0.06848855555555626
200,2025-03-19T23:15:41.221349,0.0,0.0,0.0,0.0,0.00047016666666666046,0.0009275555555555457,0.011775888888888907,0.0,0.34125266666666854,0.000611777777777779,0.09664122222222224,0.0703617777777781,0.0,0.017442111111111085,0.0,0.0,0.08336333333333339,0.0,0.0,0.09586666666666667,0.0,0.0,0.0,0.0,0.44667466666666344,0.034789777777777746,0.0
200,2025-03-19T23:15:44.224267,0.0,0.0,0.2173925000000002,0.0,0.00047016666666666046,0.0009275555555555457,0.011775888888888907,0.0,0.34125266666666854,0.000611777777777779,0.09664122222222224,0.10901022222222266,0.0,0.0,0.0,0.2585187777777789,0.08336333333333339,0.0013696666666666581,0.0,0.09586666666666667,0.0,0.0,0.12040000000000008,0.0,0.0,0.0,0.1860998888888885
200,2025-03-19T23:15:47.227183,0.5789501666666677,0.0,0.2173925000000002,1.1319499999999987,0.0,0.0,0.011775888888888907,0.0,0.0,0.0005724444444444495,0.0,0.10901022222222266,0.11355088888888866,0.0,0.27089288888888857,0.2585187777777789,0.08336333333333339,0.0013696666666666581,0.4021551666666644,0.09586666666666667,0.0,0.23487044444444413,0.12040000000000008,0.12431566666666666,0.0,0.0,0.1860998888888885
200,2025-03-19T23:15:50.229371,0.5789501666666677,0.004236777777777769,0.0,1.1319499999999987,0.0,0.0,0.0,0.11581116666666644,0.0,0.0005724444444444495,0.0,0.10901022222222266,0.11355088888888866,0.0,0.27089288888888857,0.2585187777777789,0.0,0.0,0.4021551666666644,0.0,0.0,0.23487044444444413,0.0,0.12431566666666666,0.0,0.04377177777777774,0.1860998888888885
200,2025-03-19T23:15:53.232296,0.0,0.004236777777777769,0.0,0.0,0.0,0.0007708888888888889,0.0,0.11581116666666644,0.0,0.0005724444444444495,0.1540991111111107,0.0,0.11355088888888866,0.04342866666666684,0.27089288888888857,0.0,0.0,0.0,0.0,0.07492477777777791,0.0,0.23487044444444413,0.0,0.0,0.5806183333333353,0.04377177777777774,0.0
200,2025-03-19T23:15:56.235214,0.0,0.004236777777777769,0.1485896666666662,0.0,0.0,0.0007708888888888889,0.009401333333333324,0.0,0.0,0.0,0.1540991111111107,0.0,0.0,0.04342866666666684,0.0,0.0,0.0,0.0,0.22617783333333347,0.07492477777777791,0.17718500000000031,0.0,0.1301753333333326,0.0,0.5806183333333353,0.04377177777777774,0.0
200,2025-03-19T23:15:59.237078,0.0,0.0027083333333333373,0.1485896666666662,2.3341273333333374,0.0008684999999999944,0.0007708888888888889,0.009401333333333324,0.09279666666666665,0.6033744444444425,0.0006506666666666637,0.1540991111111107,0.0,0.0,0.04342866666666684,0.0,0.0,0.0,0.001222333333333344,0.22617783333333347,0.07492477777777791,0.17718500000000031,0.0,0.1301753333333326,0.0,0.5806183333333353,0.0,0.0
200,2025-03-19T23:16:02.239988,0.6038888333333338,0.0027083333333333373,0.0,2.3341273333333374,0.0008684999999999944,0.0,0.009401333333333324,0.09279666666666665,0.6033744444444425,0.0006506666666666637,0.0,0.16054499999999985,0.10246200000000036,0.0,0.0,0.2659902222222223,0.10442322222222188,0.001222333333333344,0.0,0.0,0.0,0.2630962222222214,0.0,0.1130651666666663,0.0,0.0,0.23277966666666652
200,2025-03-19T23:16:05.242918,0.6038888333333338,0.0027083333333333373,0.0,0.0,0.0,0.0,0.0,0.0,0.6033744444444425,0.0006506666666666637,0.0,0.16054499999999985,0.10246200000000036,0.0,0.2533011111111121,0.2659902222222223,0.10442322222222188,0.0,0.0,0.0,0.0,0.2630962222222214,0.0,0.1130651666666663,0.4435575555555589,0.04805266666666658,0.23277966666666652
200,2025-03-19T23:16:08.244494,0.0,0.0,0.0,0.0,0.0,0.0,0.0,0.0,0.0,0.0,0.12102855555555594,0.0,0.0,0.041516666666666424,0.2533011111111121,0.0,0.0,0.0007851666666666702,0.0,0.10808599999999935,0.0,0.0,0.0,0.0,0.4435575555555589,0.07207899999999987,0.23277966666666652
200,2025-03-19T23:16:11.247390,0.0,0.002695111111111142,0.2167298333333333,0.0,0.0,0.0009414444444444516,0.0,0.0,0.0,0.0,0.12102855555555594,0.0,0.0,0.041516666666666424,0.2533011111111121,0.0,0.0,0.0007851666666666702,0.2922396666666695,0.10808599999999935,0.0,0.0,0.0,0.0,0.4435575555555589,0.0,0.0
200,2025-03-19T23:16:14.250296,0.5492536666666629,0.002695111111111142,0.2167298333333333,0.0,0.0007193333333333497,0.0009414444444444516,0.01899433333333356,0.0,0.6714873333333363,0.0,0.12102855555555594,0.14545766666666657,0.12288550000000006,0.041516666666666424,0.0,0.0,0.09878650000000042,0.0,0.2922396666666695,0.10808599999999935,0.18864116666666678,0.0,0.14761083333333386,0.08176883333333389,0.0,0.0,0.16112977777777834
200,2025-03-19T23:16:17.252474,0.5492536666666629,0.002695111111111142,0.0,1.180280333333324,0.0007193333333333497,0.0009414444444444516,0.01899433333333356,0.0,0.6714873333333363,0.0007894444444444476,0.0,0.14545766666666657,0.12288550000000006,0.0,0.1862435555555556,0.41787066666666567,0.09878650000000042,0.0,0.0,0.0,0.18864116666666678,0.4066906666666673,0.14761083333333386,0.08176883333333389,0.0,0.0,0.16112977777777834
200,2025-03-19T23:16:20.255370,0.0,0.0,0.0,1.180280333333324,0.0,0.0,0.0,0.14714866666666698,0.0,0.0007894444444444476,0.0,0.0,0.0,0.0,0.1862435555555556,0.41787066666666567,0.0,0.0,0.0,0.0,0.0,0.4066906666666673,0.0,0.0,0.4553713333333336,0.0897021666666665,0.16112977777777834
200,2025-03-19T23:16:23.258263,0.0,0.0,0.0,0.0,0.0,0.0006654444444444469,0.0,0.14714866666666698,0.0,0.0007894444444444476,0.13314211111111104,0.0,0.0,0.03461133333333343,0.1862435555555556,0.0,0.0,0.0010201666666666556,0.31310833333333227,0.0,0.0,0.0,0.0,0.08316433333333252,0.4553713333333336,0.0897021666666665,0.0
200,2025-03-19T23:16:26.260524,0.6169610000000035,0.0038006666666666375,0.18678783333333374,0.0,0.0,0.0006654444444444469,0.0,0.0,0.0,0.0,0.13314211111111104,0.0,0.09451899999999944,0.03461133333333343,0.0,0.0,0.0,0.0010201666666666556,0.31310833333333227,0.11926611111111167,0.11343883333333221,0.0,0.0,0.08316433333333252,0.4553713333333336,0.0,0.0
200,2025-03-19T23:16:29.263449,0.6169610000000035,0.0038006666666666375,0.18678783333333374,0.0,0.0007221666666666534,0.0006654444444444469,0.0,0.0,0.0,0.0007643333333333299,0.13314211111111104,0.2209713333333324,0.09451899999999944,0.03461133333333343,0.0,0.0,0.11114849999999996,0.0,0.0,0.11926611111111167,0.11343883333333221,0.3018158333333337,0.0,0.0,0.0,0.0,0.19354566666666687
200,2025-03-19T23:16:32.266345,0.0,0.0038006666666666375,0.0,0.8861396666666699,0.0007221666666666534,0.0,0.01968166666666645,0.0,0.8073184999999986,0.0007643333333333299,0.0,0.2209713333333324,0.0,0.0,0.22011322222222263,0.3264181666666678,0.11114849999999996,0.0008175000000000081,0.0,0.11926611111111167,0.0,0.3018158333333337,0.17580466666666678,0.0,0.0,0.0,0.19354566666666687
200,2025-03-19T23:16:35.269279,0.0,0.0,0.0,0.8861396666666699,0.0,0.0,0.01968166666666645,0.13026249999999945,0.8073184999999986,0.0007643333333333299,0.0,0.0,0.0,0.0,0.22011322222222263,0.3264181666666678,0.0,0.0008175000000000081,0.28234216666666617,0.0,0.0,0.0,0.17580466666666678,0.0,0.4826387777777781,0.0,0.19354566666666687
200,2025-03-19T23:16:38.270111,0.0,0.0,0.0,0.0,0.0,0.0,0.0,0.1302624999999994,0.0,0.0,0.0,0.0,0.0,0.03414444444444461,0.22011322222222263,0.0,0.0,0.0,0.28234216666666606,0.09616611111111063,0.0,0.0,0.0,0.0,0.4826387777777781,0.07771800000000026,0.0
200,2025-03-19T23:16:41.273034,0.6138751666666641,0.0,0.0,0.0,0.0,0.0009506666666666676,0.0,0.0,0.0,0.0,0.1815021111111119,0.0,0.13185133333333357,0.03414444444444461,0.0,0.0,0.0,0.0,0.0,0.09616611111111063,0.11606383333333409,0.0,0.0,0.0,0.4826387777777781,0.07771800000000026,0.0
200,2025-03-19T23:16:44.275941,0.6138751666666641,0.0038247777777777638,0.21604533333333367,0.0,0.0,0.0009506666666666676,0.0,0.0,0.0,0.0,0.1815021111111119,0.1941711666666682,0.13185133333333357,0.03414444444444461,0.17664299999999855,0.0,0.13874583333333373,0.0,0.0,0.09616611111111063,0.11606383333333409,0.3711440000000011,0.0,0.1449131666666676,0.0,0.0,0.2499087777777776
200,2025-03-19T23:16:47.276549,0.0,0.0038247777777777638,0.21604533333333367,0.9697581666666699,0.0008465000000000094,0.0009506666666666676,0.0,0.0,0.0,0.0008830000000000042,0.1815021111111119,0.1941711666666682,0.0,0.0,0.17664299999999855,0.0,0.13874583333333373,0.0,0.0,0.0,0.0,0.3711440000000011,0.0,0.1449131666666676,0.0,0.0,0.2499087777777776
200,2025-03-19T23:16:50.279452,0.0,0.0038247777777777638,0.0,0.9697581666666699,0.0008465000000000094,0.0,0.01701583333333338,0.0,0.9066524999999976,0.0008830000000000042,0.0,0.0,0.0,0.03205933333333317,0.17664299999999855,0.0,0.0,0.0,0.30691349999999795,0.0,0.0,0.0,0.17584416666666652,0.0,0.5097115555555547,0.048988666666666354,0.2499087777777776
200,2025-03-19T23:16:53.282354,0.0,0.0,0.0,0.0,0.0,0.0,0.01701583333333338,0.0,0.9066524999999976,0.0008830000000000042,0.0,0.15421266666666614,0.12398450000000003,0.03205933333333317,0.0,0.46200149999999957,0.0,0.0014904999999999873,0.30691349999999795,0.106216555555556,0.0,0.0,0.17584416666666652,0.0,0.5097115555555547,0.048988666666666354,0.0
200,2025-03-19T23:16:56.285239,0.7697808333333332,0.0,0.0,0.0,0.0,0.0,0.0,0.14652733333333384,0.0,0.0,0.0,0.15421266666666614,0.12398450000000003,0.03205933333333317,0.0,0.46200149999999957,0.0,0.0014904999999999873,0.0,0.106216555555556,0.0,0.0,0.0,0.11400433333333265,0.5097115555555547,0.0,0.0
200,2025-03-19T23:16:59.287790,0.7697808333333332,0.0035427777777777714,0.21046249999999966,0.0,0.0,0.0,0.0,0.14652733333333384,0.0,0.0006176666666666646,0.0,0.0,0.0,0.0,0.18631111111111112,0.0,0.0,0.0,0.0,0.106216555555556,0.1774571666666667,0.0,0.0,0.11400433333333265,0.0,0.0,0.0
200,2025-03-19T23:17:02.290685,0.0,0.0035427777777777714,0.21046249999999966,0.0,0.0007331666666666552,0.0010425555555555466,0.0,0.0,0.0,0.0006176666666666646,0.17574699999999965,0.0,0.09588249999999951,0.0,0.18631111111111112,0.0,0.1400923333333329,0.0,0.25183600000000206,0.0,0.1774571666666667,0.401753833333333,0.09475483333333302,0.0,0.4259656666666653,0.0,0.2463183333333332
200,2025-03-19T23:17:05.292519,0.0,0.0035427777777777714,0.0,1.1596718333333345,0.0007331666666666552,0.0010425555555555466,0.016481166666666883,0.0,0.0,0.0006176666666666646,0.17574699999999965,0.17223233333333357,0.09588249999999951,0.03906966666666673,0.18631111111111112,0.0,0.1400923333333329,0.0010295000000000167,0.25183600000000206,0.08584922222222169,0.0,0.401753833333333,0.09475483333333302,0.0,0.4259656666666653,0.0,0.2463183333333332
200,2025-03-19T23:17:08.295415,0.5069915000000028,0.002515555555555555,0.0,1.1596718333333345,0.0,0.0010425555555555466,0.016481166666666883,0.0,0.0,0.0,0.17574699999999965,0.17223233333333357,0.0,0.03906966666666673,0.0,0.0,0.0,0.0010295000000000167,0.0,0.08584922222222169,0.0,0.0,0.0,0.0,0.4259656666666653,0.08296333333333374,0.2463183333333332
200,2025-03-19T23:17:11.296520,0.5069915000000028,0.002515555555555555,0.0,0.0,0.0,0.0,0.0,0.11456183333333315,0.8700561666666669,0.0,0.0,0.0,0.0,0.03906966666666673,0.0,0.44032816666666724,0.0,0.0,0.0,0.08584922222222169,0.0,0.0,0.0,0.0,0.0,0.08296333333333374,0.0
200,2025-03-19T23:17:14.297393,0.0,0.002515555555555555,0.0,0.0,0.0,0.0,0.0,0.11456183333333315,0.8700561666666669,0.0,0.0,0.0,0.12123000000000063,0.0,0.24159577777777802,0.44032816666666724,0.0,0.0,0.0,0.0,0.0,0.0,0.10263916666666736,0.0,0.0,0.0,0.0
200,2025-03-19T23:17:17.300267,0.0,0.0,0.0,0.7396650000000023,0.0007216666666666761,0.0,0.0,0.0,0.0,0.0009458888888888881,0.14362966666666607,0.0,0.12123000000000063,0.0,0.24159577777777802,0.0,0.12794683333333387,0.0,0.0,0.0,0.16465566666666595,0.0,0.10263916666666736,0.1352226666666674,0.0,0.0,0.0
200,2025-03-19T23:17:20.303156,0.5843864999999983,0.0027850000000000626,0.2426218333333333,0.7396650000000023,0.0007216666666666759,0.0009102222222222322,0.015174166666666565,0.07771683333333355,0.0,0.0009458888888888883,0.14362966666666607,0.21908950000000027,0.0,0.0,0.24159577777777805,0.0,0.12794683333333387,0.0010788333333333249,0.449299666666666,0.08637988888888912,0.1646556666666659,0.4972746666666671,0.0,0.13522266666666735,0.6108827777777797,0.05970516666666667,0.0
200,2025-03-19T23:17:23.306065,0.5843864999999985,0.002785000000000062,0.24262183333333337,0.0,0.0,0.0009102222222222321,0.015174166666666565,0.07771683333333358,0.6408663333333352,0.0009458888888888881,0.14362966666666607,0.21908950000000027,0.0,0.04465299999999989,0.0,0.0,0.0,0.0010788333333333253,0.4492996666666661,0.0863798888888891,0.0,0.4972746666666671,0.0,0.0,0.6108827777777796,0.05970516666666667,0.2739803333333334
200,2025-03-19T23:17:26.308949,0.0,0.002785000000000062,0.0,0.0,0.0,0.0009102222222222321,0.0,0.0,0.6408663333333352,0.0,0.0,0.0,0.11460033333333305,0.04465299999999989,0.0,0.0,0.0,0.0,0.0,0.0863798888888891,0.0,0.0,0.13079816666666608,0.0,0.6108827777777796,0.0,0.2739803333333334
200,2025-03-19T23:17:29.311859,0.0,0.0,0.15362683333333277,0.0,0.0,0.0,0.0,0.0,0.0,0.0006202222222222196,0.0,0.0,0.11460033333333305,0.04465299999999989,0.20465555555555665,0.0,0.0,0.0,0.0,0.0,0.12220716666666695,0.0,0.13079816666666608,0.0,0.0,0.0,0.2739803333333334
200,2025-03-19T23:17:32.314752,0.0,0.0025841111111111204,0.15362683333333277,0.0,0.0,0.0,0.0,0.0,0.0,0.0006202222222222196,0.0,0.15799950000000015,0.0,0.0,0.20465555555555665,0.4539321666666657,0.0,0.0,0.0,0.08734633333333383,0.12220716666666695,0.2949819999999998,0.0,0.12012883333333355,0.0,0.052956166666666256,0.0
200,2025-03-19T23:17:35.317662,0.0,0.0025841111111111204,0.0,1.113628499999995,0.0008306666666666649,0.0,0.0,0.11092366666666703,0.6042205000000015,0.0006202222222222196,0.14637788888888933,0.15799950000000015,0.0,0.03011355555555579,0.20465555555555665,0.4539321666666657,0.0,0.0,0.0,0.08734633333333383,0.0,0.2949819999999998,0.0,0.12012883333333355,0.0,0.052956166666666256,0.0
200,2025-03-19T23:17:38.320549,0.6806148333333322,0.0025841111111111204,0.0,1.1136284999999946,0.0008306666666666649,0.0009826666666666627,0.020032833333333205,0.11092366666666703,0.6042205000000015,0.0,0.14637788888888933,0.0,0.11441616666666715,0.03011355555555579,0.0,0.0,0.15338416666666652,0.0015618333333333365,0.3940309999999983,0.08734633333333383,0.0,0.0,0.120177833333333,0.0,0.6511247777777764,0.0,0.0
200,2025-03-19T23:17:41.323389,0.6806148333333322,0.0,0.0,0.0,0.0,0.0009826666666666627,0.020032833333333205,0.0,0.0,0.0,0.14637788888888933,0.0,0.11441616666666715,0.03011355555555579,0.0,0.0,0.15338416666666652,0.0015618333333333365,0.3940309999999983,0.0,0.0,0.0,0.120177833333333,0.0,0.6511247777777764,0.0,0.2521324444444433
200,2025-03-19T23:17:44.326296,0.0,0.0,0.19530866666666688,0.0,0.0,0.0009826666666666627,0.0,0.0,0.0,0.0007928888888888925,0.0,0.0,0.0,0.0,0.0,0.30358999999999986,0.0,0.0,0.0,0.08846244444444394,0.14850100000000074,0.306954500000001,0.0,0.0,0.6511247777777764,0.05149366666666685,0.2521324444444433
200,2025-03-19T23:17:47.329201,0.4567416666666684,0.0,0.19530866666666688,0.0,0.0005949999999999938,0.0,0.0,0.0,0.0,0.0007928888888888925,0.0,0.0,0.0,0.0,0.2271951111111103,0.30358999999999986,0.0,0.0,0.0,0.08846244444444394,0.14850100000000074,0.306954500000001,0.0,0.11146016666666608,0.0,0.05149366666666685,0.2521324444444433
200,2025-03-19T23:17:50.332101,0.4567416666666684,0.0043303333333332755,0.0,0.0,0.0005949999999999938,0.0,0.0,0.0,0.0,0.0007928888888888925,0.15698955555555472,0.2414423333333318,0.0,0.03699611111111089,0.2271951111111103,0.0,0.0,0.000877833333333337,0.0,0.08846244444444394,0.0,0.0,0.0,0.11146016666666608,0.0,0.0,0.0
200,2025-03-19T23:17:53.334998,0.0,0.0043303333333332755,0.0,2.7424221666666715,0.0,0.0,0.0,0.13971233333333305,0.8297658333333308,0.0,0.15698955555555472,0.2414423333333318,0.13372466666666585,0.03699611111111089,0.2271951111111103,0.0,0.0,0.0008778333333333368,0.3400776666666681,0.0,0.0,0.0,0.12886983333333407,0.0,0.0,0.0,0.19583900000000024
200,2025-03-19T23:17:56.336579,0.0,0.0043303333333332755,0.0,2.7424221666666715,0.0,0.0009198888888888929,0.019708500000000132,0.13971233333333308,0.8297658333333308,0.0007208888888888944,0.15698955555555472,0.0,0.13372466666666585,0.03699611111111089,0.0,0.2737010000000003,0.14161183333333346,0.0,0.3400776666666682,0.0,0.0,0.0,0.1288698333333341,0.0,0.6188536666666664,0.0,0.19583900000000024
200,2025-03-19T23:17:59.339473,0.0,0.0,0.0,0.0,0.0,0.0009198888888888929,0.019708500000000132,0.0,0.0,0.0007208888888888944,0.0,0.0,0.0,0.0,0.20290988888888883,0.2737010000000003,0.14161183333333346,0.0,0.0,0.08778511111111145,0.0,0.0,0.0,0.08353866666666696,0.6188536666666664,0.0748121666666665,0.19583900000000024
200,2025-03-19T23:18:02.340477,0.0,0.0,0.20473583333333306,0.0,0.0,0.0009198888888888929,0.0,0.0,0.0,0.0007208888888888944,0.0,0.0,0.0,0.02633499999999995,0.20290988888888883,0.0,0.0,0.0009066666666666668,0.0,0.08778511111111145,0.15300016666666613,0.3622574999999984,0.0,0.08353866666666696,0.6188536666666664,0.0748121666666665,0.0
200,2025-03-19T23:18:05.343320,0.8152621666666657,0.0,0.20473583333333306,0.7371649999999951,0.0,0.0,0.0,0.0,0.0,0.0,0.0,0.23537316666666663,0.11431716666666722,0.02633499999999995,0.20290988888888883,0.0,0.0,0.0009066666666666668,0.29240016666666696,0.08778511111111145,0.15300016666666613,0.3622574999999984,0.0,0.0,0.3406867777777747,0.0,0.0
200,2025-03-19T23:18:08.346189,0.8152621666666657,0.004290999999999971,0.0,0.7371649999999951,0.0009463333333333455,0.0,0.014576166666666762,0.0,0.0,0.0,0.1338255555555558,0.23537316666666663,0.11431716666666722,0.02633499999999995,0.0,0.0,0.0,0.0,0.29240016666666696,0.0,0.0,0.0,0.0,0.0,0.3406867777777747,0.0,0.2241833333333337
200,2025-03-19T23:18:11.349077,0.0,0.004290999999999971,0.0,0.0,0.0009463333333333455,0.00074511111111111,0.014576166666666762,0.1363335000000004,0.7284696666666691,0.0,0.1338255555555558,0.0,0.0,0.0,0.17383844444444524,0.0,0.12912066666666652,0.0,0.0,0.09159077777777785,0.0,0.0,0.15868766666666664,0.0,0.3406867777777747,0.0,0.2241833333333337
200,2025-03-19T23:18:14.351970,0.0,0.004290999999999971,0.0,0.0,0.0,0.00074511111111111,0.0,0.1363335000000004,0.7284696666666691,0.0,0.1338255555555558,0.0,0.0,0.0,0.17383844444444524,0.4052115000000001,0.12912066666666652,0.0,0.0,0.09159077777777785,0.0,0.0,0.15868766666666664,0.0,0.0,0.07416199999999999,0.2241833333333337
200,2025-03-19T23:18:17.354875,0.0,0.0,0.1646315000000011,0.6172800000000034,0.0,0.00074511111111111,0.0,0.0,0.0,0.0009625555555555406,0.0,0.0,0.0,0.0,0.17383844444444524,0.4052115000000001,0.0,0.0,0.0,0.09159077777777785,0.1175715000000004,0.0,0.0,0.13473866666666606,0.0,0.07416199999999999,0.0
200,2025-03-19T23:18:20.357735,0.6544016666666674,0.0028075555555556126,0.1646315000000011,0.6172800000000034,0.0,0.0005596666666666621,0.0,0.0,0.0,0.0009625555555555406,0.10550688888888893,0.0,0.13292699999999988,0.04533288888888897,0.0,0.0,0.0,0.0,0.0,0.0742083333333328,0.1175715000000004,0.46610966666666803,0.0,0.13473866666666606,0.0,0.0,0.0
200,2025-03-19T23:18:23.360591,0.6544016666666674,0.0028075555555556126,0.0,0.0,0.0007738333333333255,0.0005596666666666621,0.015158666666666619,0.0,0.0,0.0009625555555555406,0.10550688888888893,0.0,0.13292699999999988,0.04533288888888897,0.0,0.0,0.0,0.0015638333333333385,0.0,0.0742083333333328,0.0,0.46610966666666803,0.0,0.0,0.5651332222222247,0.0,0.0
225,2025-03-19T23:19:43.801460,0.0010212222222207856,0.005942666666666578,0.000959555555555072,0.0,0.0,0.0011365000000000218,0.0069509999999998314,0.006885111111110911,0.21137799999999946,0.0013173333333333557,0.0,0.0,0.0,0.0,0.0,0.0,0.0,0.0,0.0,0.02796516666666686,0.021375666666666387,0.0008134444444433737,0.0,0.0,0.0,0.023465222222222103,0.013367333333332475
225,2025-03-19T23:19:46.804440,0.0,0.005942666666666578,0.0,0.2943165555555538,0.0007043333333333439,0.0,0.007235777777777842,0.006885111111110911,0.21137799999999946,0.0,0.09080366666666843,0.1006872222222231,0.061506777777778,0.0,0.1381953333333333,0.0,0.04850744444444486,0.0,0.22862533333333268,0.02796516666666686,0.021375666666666387,0.1395412222222237,0.0,0.050893666666666275,0.0,0.023465222222222103,0.0
225,2025-03-19T23:19:49.807362,0.0,0.0,0.0,0.2943165555555538,0.0007043333333333439,0.0,0.007235777777777842,0.0,0.21137799999999946,0.0,0.09080366666666843,0.1006872222222231,0.061506777777778,0.0,0.1381953333333333,0.18737588888888962,0.04850744444444486,0.000735999999999996,0.22862533333333268,0.0,0.0,0.1395412222222237,0.07649877777777746,0.050893666666666275,0.6481996666666704,0.023465222222222103,0.0
225,2025-03-19T23:19:52.810314,0.0,0.0,0.0,0.2943165555555538,0.0007043333333333439,0.0,0.007235777777777842,0.0,0.0,0.0,0.0,0.1006872222222231,0.061506777777778,0.0,0.0,0.18737588888888962,0.04850744444444486,0.000735999999999996,0.22862533333333268,0.0,0.06815488888888885,0.1395412222222237,0.07649877777777746,0.050893666666666275,0.6481996666666704,0.0,0.0
225,2025-03-19T23:19:55.813252,0.6735172222222224,0.0,0.1456439999999996,0.0,0.0,0.0,0.0,0.07389288888888897,0.34654433333333323,0.0012731666666666588,0.0,0.0,0.0,0.05827116666666696,0.0,0.18737588888888962,0.06216044444444436,0.000735999999999996,0.0,0.14956283333333315,0.06815488888888885,0.0,0.07649877777777746,0.0,0.0,0.0,0.0
225,2025-03-19T23:19:58.816182,0.6735172222222224,0.0,0.1456439999999996,0.0,0.0,0.001423666666666638,0.0,0.07389288888888897,0.34654433333333323,0.0012731666666666588,0.19363616666666655,0.0,0.0,0.05827116666666696,0.0,0.0,0.06216044444444436,0.0,0.22544777777777844,0.14956283333333315,0.06815488888888885,0.2232569999999991,0.07932500000000037,0.0,0.0,0.04235711111111111,0.0
225,2025-03-19T23:20:01.819111,0.6735172222222224,0.006906333333333386,0.1456439999999996,0.0,0.0,0.001423666666666638,0.0,0.07389288888888897,0.34654433333333323,0.0,0.19363616666666655,0.1672749999999989,0.08155911111111103,0.0,0.29035833333333494,0.21746844444444316,0.06216044444444436,0.0007090000000000214,0.22544777777777844,0.0,0.06932533333333327,0.2232569999999991,0.07932500000000037,0.0,0.0,0.04235711111111111,0.4781649999999995
225,2025-03-19T23:20:04.822032,0.0,0.006906333333333386,0.0,1.758475888888894,0.0,0.0,0.011860777777777819,0.0,0.0,0.0,0.0,0.1672749999999989,0.08155911111111103,0.036664499999999954,0.29035833333333494,0.21746844444444316,0.0,0.0007090000000000214,0.22544777777777844,0.0,0.06932533333333327,0.2232569999999991,0.07932500000000037,0.0,0.0,0.04235711111111111,0.4781649999999995
225,2025-03-19T23:20:07.824507,0.0,0.0,0.0,1.758475888888894,0.0006638888888888837,0.0,0.011860777777777819,0.05770711111111145,0.0,0.0,0.0,0.1672749999999989,0.08155911111111103,0.036664499999999954,0.0,0.21746844444444316,0.0,0.0007090000000000214,0.0,0.13170933333333326,0.06932533333333327,0.0,0.0,0.10560822222222221,0.9984344999999926,0.0,0.0
225,2025-03-19T23:20:10.827419,0.4785063333333363,0.0,0.1519165555555557,1.758475888888894,0.0006638888888888837,0.0,0.011860777777777819,0.05770711111111145,0.43792299999999945,0.0011070000000000062,0.0,0.0,0.0,0.0,0.0,0.0,0.0,0.0,0.0,0.13170933333333326,0.0,0.0,0.0,0.10560822222222221,0.9984344999999926,0.05100755555555539,0.0
225,2025-03-19T23:20:13.830315,0.4785063333333363,0.00416266666666676,0.1519165555555557,0.0,0.0006638888888888837,0.0,0.0,0.05770711111111145,0.43792299999999945,0.0011070000000000062,0.23644266666666647,0.0,0.0,0.0,0.2332003333333314,0.0,0.11102822222222229,0.0,0.21136933333333258,0.0,0.07731455555555616,0.0,0.0,0.10560822222222221,0.0,0.05100755555555539,0.29368766666666823
225,2025-03-19T23:20:16.833240,0.4785063333333363,0.00416266666666676,0.1519165555555557,0.0,0.0,0.0015411666666666677,0.008511666666666548,0.0,0.43792299999999945,0.0,0.23644266666666647,0.0,0.10228533333333367,0.04518266666666667,0.2332003333333314,0.0,0.11102822222222229,0.0008287777777777648,0.21136933333333258,0.0,0.07731455555555616,0.3535848888888893,0.0,0.0,0.0,0.05100755555555539,0.29368766666666823
225,2025-03-19T23:20:19.836148,0.0,0.0,0.0,0.0,0.0,0.0015411666666666677,0.008511666666666548,0.0,0.0,0.0,0.0,0.1869388888888892,0.10228533333333367,0.04518266666666667,0.0,0.36383277777777956,0.11102822222222229,0.0008287777777777648,0.21136933333333258,0.0,0.07731455555555616,0.3535848888888893,0.13707966666666652,0.0,0.0,0.0,0.0
225,2025-03-19T23:20:22.839076,0.42320211111110795,0.0,0.0,0.752156666666666,0.0006299999999999948,0.0,0.008511666666666548,0.07979622222222184,0.0,0.0010429999999999793,0.0,0.1869388888888892,0.10228533333333367,0.0,0.0,0.36383277777777956,0.0,0.0008287777777777648,0.0,0.0,0.0,0.3535848888888893,0.13707966666666652,0.08822611111111123,0.9413461666666669,0.0,0.0
225,2025-03-19T23:20:25.841986,0.42320211111110795,0.0,0.0,0.752156666666666,0.0006299999999999948,0.0008933333333333386,0.0,0.07979622222222184,0.0,0.0010429999999999793,0.16287950000000015,0.1869388888888892,0.0,0.0,0.0,0.36383277777777956,0.0,0.0,0.0,0.2064360000000001,0.0,0.0,0.13707966666666652,0.08822611111111123,0.9413461666666669,0.04426933333333357,0.0
225,2025-03-19T23:20:28.844879,0.42320211111110795,0.0,0.0,0.752156666666666,0.0006299999999999948,0.0008933333333333386,0.0,0.07979622222222184,0.5909109999999992,0.0,0.16287950000000015,0.0,0.0,0.0,0.3117204999999999,0.0,0.08574511111111052,0.0,0.2732176666666659,0.2064360000000001,0.0,0.0,0.0,0.08822611111111123,0.0,0.04426933333333357,0.38753366666666506
225,2025-03-19T23:20:31.847801,0.43727955555555637,0.006724833333333329,0.1631102222222233,0.0,0.0,0.0,0.0,0.0,0.5909109999999992,0.0,0.0,0.11577355555555535,0.09057911111111061,0.0,0.3117204999999999,0.18117844444444448,0.08574511111111052,0.0009074444444444485,0.2732176666666659,0.0,0.13982433333333294,0.3187388888888892,0.0,0.0,0.0,0.04426933333333357,0.38753366666666506
225,2025-03-19T23:20:34.848513,0.43727955555555637,0.006724833333333329,0.1631102222222233,0.0,0.0003968888888888911,0.0,0.012839666666666756,0.0,0.5909109999999992,0.0,0.0,0.11577355555555535,0.09057911111111061,0.0,0.0,0.18117844444444448,0.08574511111111052,0.0009074444444444485,0.2732176666666659,0.0,0.13982433333333294,0.3187388888888892,0.12239544444444464,0.07911833333333362,0.0,0.0,0.0
225,2025-03-19T23:20:37.851433,0.43727955555555637,0.0,0.1631102222222233,0.0,0.0003968888888888911,0.0,0.012839666666666756,0.07333788888888886,0.0,0.0,0.0,0.11577355555555535,0.09057911111111061,0.06991800000000008,0.0,0.18117844444444448,0.0,0.0009074444444444485,0.0,0.16137599999999946,0.13982433333333294,0.3187388888888892,0.12239544444444464,0.07911833333333362,0.0,0.0,0.0
225,2025-03-19T23:20:40.854339,0.0,0.0,0.0,1.3363533333333257,0.0003968888888888911,0.0011966666666666608,0.012839666666666756,0.07333788888888886,0.0,0.0013593333333333422,0.24258033333333157,0.0,0.0,0.06991800000000008,0.0,0.0,0.06843911111111112,0.0,0.16454855555555684,0.16137599999999946,0.0,0.0,0.12239544444444464,0.07911833333333362,1.0226260000000027,0.0,0.0
225,2025-03-19T23:20:43.857236,0.0,0.0,0.0,1.3363533333333257,0.0,0.0011966666666666608,0.0,0.07333788888888886,0.47482955555555706,0.0013593333333333422,0.24258033333333157,0.0,0.0,0.0,0.0,0.0,0.06843911111111112,0.0,0.16454855555555684,0.0,0.06784577777777814,0.0,0.0,0.0,1.0226260000000027,0.053456444444444334,0.34667183333333423
225,2025-03-19T23:20:46.860163,0.5136484444444452,0.005715666666666527,0.0,0.0,0.00039466666666666665,0.0,0.0,0.046267444444444396,0.47482955555555706,0.0,0.0,0.0,0.09101700000000001,0.0,0.37197500000000144,0.0,0.06843911111111112,0.0009795555555555484,0.16454855555555684,0.0,0.06784577777777814,0.0,0.0,0.0,0.0,0.053456444444444334,0.34667183333333423
225,2025-03-19T23:20:49.863071,0.5136484444444452,0.005715666666666527,0.17188799999999876,0.0,0.00039466666666666665,0.0,0.010178111111111025,0.046267444444444396,0.47482955555555706,0.0,0.0,0.18750611111111148,0.09101700000000001,0.0452113333333332,0.37197500000000144,0.3655154444444438,0.06856888888888889,0.0009795555555555484,0.0,0.0,0.06784577777777814,0.3200326666666658,0.09960277777777707,0.07160322222222248,0.0,0.053456444444444334,0.0
225,2025-03-19T23:20:52.865986,0.5136484444444452,0.0,0.17188799999999876,0.7026728333333382,0.00039466666666666665,0.0,0.010178111111111025,0.046267444444444396,0.0,0.0008725000000000169,0.0,0.18750611111111148,0.09101700000000001,0.0452113333333332,0.0,0.3655154444444438,0.06856888888888889,0.0009795555555555484,0.22524655555555584,0.0,0.06977566666666649,0.3200326666666658,0.09960277777777707,0.07160322222222248,0.0,0.0,0.0
225,2025-03-19T23:20:55.868910,0.0,0.0037175000000000407,0.17188799999999876,0.7026728333333382,0.0004371111111111104,0.0,0.010178111111111025,0.0,0.4199891111111103,0.0008725000000000169,0.22902883333333557,0.18750611111111148,0.0,0.0,0.0,0.3655154444444438,0.06856888888888889,0.0,0.22524655555555584,0.0,0.06977566666666649,0.3200326666666658,0.09960277777777707,0.07160322222222248,0.0,0.03961633333333323,0.0
225,2025-03-19T23:20:58.871821,0.0,0.0037175000000000407,0.0,0.0,0.0004371111111111104,0.0012398333333333291,0.0,0.05674933333333362,0.4199891111111103,0.0,0.22902883333333557,0.0,0.0,0.0,0.2412558333333337,0.0,0.0,0.0,0.22524655555555584,0.22632666666666645,0.06977566666666649,0.0,0.0,0.0,1.195047166666664,0.03961633333333323,0.3797776666666669
225,2025-03-19T23:21:01.874712,0.5187345555555555,0.0,0.0,0.0,0.0004371111111111104,0.0012390073284476973,0.0,0.05674933333333362,0.4199891111111103,0.0,0.0,0.0,0.0,0.050928214523651254,0.2410951032644907,0.22270266666666633,0.0,0.0,0.0,0.22617588274483655,0.0,0.22024988888888844,0.0,0.0,1.1942509993337749,0.03961633333333323,0.3795246502331781
225,2025-03-19T23:21:04.877630,0.5187345555555555,0.0,0.14935688888888876,0.0,0.0,0.0,0.010756555555555597,0.05674933333333362,0.0,0.0,0.0,0.16182766666666737,0.10240044444444468,0.050962166666667016,0.0,0.22270266666666633,0.0,0.0009266666666666683,0.0,0.0,0.0743378888888889,0.22024988888888844,0.0,0.0,0.0,0.0,0.0
225,2025-03-19T23:21:07.880516,0.5187345555555555,0.0,0.14935688888888876,1.200320500000004,0.0,0.0,0.010756555555555597,0.0,0.3823199999999992,0.0011877918612408023,0.0,0.16182766666666737,0.10240044444444468,0.0,0.0,0.22270266666666633,0.10905233333333403,0.0009266666666666683,0.0,0.0,0.0743378888888889,0.22024988888888844,0.13039388888888936,0.10705377777777712,0.0,0.0,0.0
225,2025-03-19T23:21:10.880660,0.4066295555555573,0.0,0.14935688888888876,1.200320500000004,0.0,0.001120333333333353,0.010756555555555597,0.0,0.3823199999999992,0.0011869999999999752,0.0,0.16182766666666737,0.10240044444444468,0.0,0.24134416666666664,0.0,0.10905233333333403,0.0009266666666666683,0.0,0.14588716666666696,0.0743378888888889,0.0,0.13039388888888936,0.10705377777777712,0.0,0.04392166666666676,0.0
225,2025-03-19T23:21:13.883558,0.4066295555555573,0.006511166666666698,0.0,0.0,0.0,0.001120333333333353,0.0,0.0,0.3823199999999992,0.0,0.2810941666666646,0.0,0.0,0.0,0.24134416666666664,0.0,0.10905233333333403,0.0,0.30877133333333345,0.14588716666666696,0.0,0.0,0.13039388888888936,0.10705377777777712,0.0,0.04392166666666676,0.3856743333333318
225,2025-03-19T23:21:16.886497,0.4066295555555573,0.006511166666666698,0.0,0.0,0.0006561111111111166,0.0,0.0,0.08252188888888887,0.0,0.0008928333333333428,0.2810941666666646,0.0,0.0,0.0,0.0,0.0,0.0,0.0005733333333333393,0.30877133333333345,0.0,0.09003744444444411,0.0,0.0,0.0,0.9698546666666725,0.04392166666666676,0.3856743333333318
225,2025-03-19T23:21:19.889409,0.0,0.0,0.0,0.7789371666666607,0.0006561111111111166,0.0,0.0,0.08252188888888887,0.35051011111110913,0.0008928333333333428,0.0,0.16780399999999912,0.0910091111111113,0.06571166666666647,0.0,0.0,0.0,0.0005733333333333393,0.30877133333333345,0.0,0.09003744444444411,0.33563377777777725,0.0,0.0,0.9698546666666725,0.0,0.0
225,2025-03-19T23:21:22.892318,0.0,0.0,0.15781522222222263,0.7789371666666607,0.0006561111111111166,0.0,0.012390000000000099,0.08252188888888887,0.35051011111110913,0.0,0.0,0.16780399999999912,0.0910091111111113,0.06571166666666647,0.27698116666666556,0.36229233333333216,0.0,0.0005733333333333393,0.0,0.14264700000000022,0.09003744444444411,0.33563377777777725,0.0,0.08858500000000034,0.0,0.0,0.0
225,2025-03-19T23:21:25.895212,0.0,0.0,0.15781522222222263,0.0,0.0,0.0,0.012390000000000099,0.0,0.35051011111110913,0.0,0.16642583333333508,0.16780399999999912,0.0910091111111113,0.0,0.27698116666666556,0.36229233333333216,0.11278222222222213,0.0,0.19433755555555385,0.14264700000000022,0.0,0.33563377777777725,0.0,0.08858500000000034,0.0,0.06028411111111136,0.29745533333333424
225,2025-03-19T23:21:28.898108,0.59165544444444,0.005509166666666677,0.15781522222222263,0.0,0.0,0.001427499999999989,0.012390000000000099,0.06071566666666684,0.0,0.0,0.16642583333333508,0.0,0.0,0.0,0.0,0.36229233333333216,0.11278222222222213,0.0,0.19433755555555385,0.0,0.07106044444444454,0.0,0.13898222222222187,0.08858500000000034,0.0,0.06028411111111136,0.29745533333333424
225,2025-03-19T23:21:31.900508,0.59165544444444,0.005509166666666677,0.0,0.0,0.0,0.001427499999999989,0.0,0.06071566666666684,0.0,0.0,0.0,0.10986988888888997,0.0,0.0,0.0,0.0,0.11278222222222213,0.0,0.19433755555555385,0.11656183333333442,0.07106044444444454,0.0,0.13898222222222187,0.0,0.8998484999999998,0.06028411111111136,0.0
225,2025-03-19T23:21:34.903399,0.59165544444444,0.0,0.10497311111111193,0.0,0.000706555555555556,0.0,0.0,0.06071566666666684,0.0,0.0014066666666666674,0.0,0.10986988888888997,0.0,0.055672000000000096,0.0,0.0,0.0,0.0009786666666666587,0.0,0.11656183333333442,0.07106044444444454,0.0,0.13898222222222187,0.0,0.8998484999999998,0.0,0.0
225,2025-03-19T23:21:37.904513,0.0,0.0,0.10497311111111193,0.0,0.000706555555555556,0.0,0.0,0.0,0.6498025555555577,0.0014066666666666674,0.0,0.10986988888888997,0.0,0.055672000000000096,0.0,0.2732290000000022,0.0,0.0009786666666666587,0.0,0.0,0.0,0.3556461111111118,0.08442466666666744,0.0,0.0,0.03120088888888854,0.0
225,2025-03-19T23:21:40.907419,0.0,0.0,0.10497311111111193,2.903981833333338,0.000706555555555556,0.0009750000000000223,0.011350888888888813,0.0,0.6498025555555577,0.0,0.0,0.0,0.11840311111111075,0.0,0.3452408333333329,0.2732290000000022,0.0,0.0009786666666666587,0.24629344444444556,0.0,0.0,0.3556461111111118,0.08442466666666744,0.08966877777777743,0.0,0.03120088888888854,0.0
225,2025-03-19T23:21:43.908521,0.5815776666666655,0.0054179999999999975,0.0,2.903981833333338,0.0,0.0009750000000000223,0.011350888888888813,0.0,0.6498025555555577,0.0,0.2877393333333321,0.0,0.11840311111111075,0.0,0.3452408333333329,0.2732290000000022,0.0,0.000599888888888906,0.24629344444444556,0.0,0.0,0.3556461111111118,0.08442466666666744,0.08966877777777743,0.0,0.03120088888888854,0.43340716666666645
225,2025-03-19T23:21:46.911404,0.5815776666666655,0.0054179999999999975,0.0,0.0,0.00046733333333333815,0.0,0.011350888888888813,0.08257933333333276,0.0,0.0,0.2877393333333321,0.15916399999999936,0.11840311111111075,0.0,0.0,0.0,0.12045788888888846,0.000599888888888906,0.24629344444444556,0.17753199999999938,0.1279559999999999,0.0,0.0,0.08966877777777743,0.9267549999999953,0.0,0.43340716666666645
225,2025-03-19T23:21:49.914303,0.5815776666666655,0.0,0.0,0.0,0.00046733333333333815,0.0,0.0,0.08257933333333276,0.3930040000000001,0.0,0.0,0.15916399999999936,0.0,0.0,0.0,0.0,0.12045788888888846,0.000599888888888906,0.0,0.17753199999999938,0.1279559999999999,0.0,0.0,0.0,0.9267549999999953,0.0435617777777778,0.0
225,2025-03-19T23:21:52.917227,0.0,0.0,0.16849411111111107,0.0,0.00046733333333333815,0.0011073333333333122,0.0,0.08257933333333276,0.3930040000000001,0.0014153333333333242,0.0,0.15916399999999936,0.08212211111111145,0.06424833333333348,0.0,0.2528624444444429,0.12045788888888846,0.0,0.20031699999999675,0.0,0.1279559999999999,0.0,0.10849366666666546,0.07240411111111121,0.0,0.0435617777777778,0.0
225,2025-03-19T23:21:55.920135,0.45085600000000015,0.005028999999999951,0.16849411111111107,1.1030185,0.0,0.0011073333333333122,0.0,0.0,0.3930040000000001,0.0014153333333333242,0.0,0.0,0.08212211111111145,0.06424833333333348,0.0,0.2528624444444429,0.0,0.0006844444444444382,0.20031699999999675,0.0,0.0,0.3712236666666671,0.10849366666666546,0.07240411111111121,0.0,0.0435617777777778,0.0
225,2025-03-19T23:21:58.923040,0.45085600000000015,0.005028999999999951,0.16849411111111107,1.1030185,0.0,0.0,0.013971111111111158,0.0,0.0,0.0,0.0,0.0,0.08212211111111145,0.0,0.35798766666666876,0.2528624444444429,0.0,0.0006844444444444382,0.20031699999999675,0.12141416666666535,0.0,0.3712236666666671,0.10849366666666546,0.07240411111111121,0.0,0.0,0.0
225,2025-03-19T23:22:01.924514,0.45085600000000015,0.0,0.09661599999999895,0.0,0.0,0.0,0.013971111111111158,0.08419900000000051,0.0,0.0,0.25343933333333274,0.1738535555555561,0.0,0.0,0.35798766666666876,0.0,0.0,0.0006844444444444382,0.0,0.12141416666666535,0.12061733333333378,0.3712236666666671,0.0,0.05735622222222266,1.0161693333333328,0.0,0.0
225,2025-03-19T23:22:04.927420,0.0,0.0,0.09661599999999895,0.0,0.0006627777777777776,0.0009623333333333244,0.013971111111111158,0.08419900000000051,0.0,0.0,0.25343933333333274,0.1738535555555561,0.06636166666666633,0.0,0.0,0.0,0.11492077777777768,0.0,0.22413300000000114,0.0,0.12061733333333378,0.0,0.07734177777777834,0.05735622222222266,1.0161693333333328,0.0,0.5019266666666672
225,2025-03-19T23:22:07.930305,0.3690016666666717,0.0040533333333333905,0.09661599999999895,0.0,0.0006627777777777776,0.0009623333333333244,0.0,0.08419900000000051,0.5200318888888913,0.001336333333333347,0.0,0.1738535555555561,0.06636166666666633,0.0,0.0,0.0,0.11492077777777768,0.0,0.22413300000000114,0.0,0.12061733333333378,0.2203175555555548,0.07734177777777834,0.05735622222222266,0.0,0.04978466666666669,0.5019266666666672
225,2025-03-19T23:22:10.933203,0.3690016666666717,0.0040533333333333905,0.0,0.0,0.0006627777777777776,0.0,0.007247999999999996,0.0,0.5200318888888913,0.001336333333333347,0.14920466666666718,0.0,0.06636166666666633,0.07495466666666614,0.0,0.3456405555555572,0.11492077777777768,0.0,0.22413300000000114,0.14194800000000168,0.0,0.2203175555555548,0.07734177777777834,0.0,0.0,0.04978466666666669,0.0
225,2025-03-19T23:22:13.936064,0.3690016666666717,0.0,0.0,1.0887159999999958,0.0,0.0,0.007247999999999996,0.061613222222222125,0.5200318888888913,0.0,0.14920466666666718,0.10724611111111118,0.0,0.07495466666666614,0.0,0.3456405555555572,0.0,0.0010162222222222085,0.0,0.14194800000000168,0.07578744444444396,0.2203175555555548,0.0,0.0,0.0,0.04978466666666669,0.26302950000000186
225,2025-03-19T23:22:16.938946,0.0,0.0,0.14397311111111183,1.0887159999999958,0.0,0.0,0.007247999999999996,0.061613222222222125,0.0,0.0,0.0,0.10724611111111118,0.0,0.0,0.40895616666666496,0.3456405555555572,0.0,0.0010162222222222085,0.17763311111111257,0.0,0.07578744444444396,0.0,0.08734555555555644,0.0,0.0,0.0,0.26302950000000186
225,2025-03-19T23:22:19.940461,0.0,0.00493666666666659,0.14397311111111183,0.0,0.0,0.0011423333333333565,0.0,0.061613222222222125,0.0,0.0009811666666666627,0.0,0.10724611111111118,0.0,0.0,0.40895616666666496,0.0,0.0,0.0010162222222222085,0.17763311111111257,0.0,0.07578744444444396,0.0,0.08734555555555644,0.0,0.0,0.0,0.0
225,2025-03-19T23:22:22.943370,0.0,0.00493666666666659,0.14397311111111183,0.0,0.0,0.0011423333333333565,0.0104817777777778,0.0,0.0,0.0009811666666666627,0.19504500000000038,0.0,0.09745022222222291,0.0,0.0,0.22354277777777537,0.09767433333333347,0.0,0.17763311111111257,0.0,0.0,0.2914621111111128,0.08734555555555644,0.11100533333333355,1.1861371666666687,0.0,0.0
225,2025-03-19T23:22:25.946275,0.7397246666666636,0.0,0.0,0.6381500000000055,0.0007352222222222204,0.0,0.0104817777777778,0.0,0.59270022222222,0.0,0.19504500000000038,0.0,0.09745022222222291,0.0,0.0,0.22354277777777537,0.09767433333333347,0.0,0.0,0.0,0.0,0.2914621111111128,0.0,0.11100533333333355,1.1861371666666687,0.06441499999999994,0.0
225,2025-03-19T23:22:28.949161,1.1095869999999954,0.0,0.0,0.6381500000000055,0.0011028333333333309,0.0,0.0104817777777778,0.0,0.59270022222222,0.0,0.0,0.15987488888888873,0.09745022222222291,0.0,0.0,0.22354277777777537,0.09767433333333347,0.0012326666666666968,0.0,0.21767733333333206,0.0,0.2914621111111128,0.13502549999999996,0.0,0.0,0.06441499999999994,0.0
225,2025-03-19T23:22:31.951985,0.7397246666666636,0.004274833333333413,0.0,0.0,0.0007352222222222204,0.0010729999999999908,0.0,0.07670322222222205,0.59270022222222,0.0,0.0,0.15987488888888873,0.0,0.07267983333333385,0.0,0.0,0.0,0.0008217777777777979,0.24927966666666637,0.21767733333333206,0.0,0.0,0.09001699999999997,0.0,0.0,0.06441499999999994,0.0
225,2025-03-19T23:22:34.954858,0.0,0.004274833333333413,0.0,0.0,0.0,0.0010729999999999908,0.0,0.07670322222222205,0.0,0.0,0.0,0.15987488888888873,0.0,0.07267983333333385,0.39163766666666794,0.25160588888888924,0.08420755555555579,0.0008217777777777979,0.24927966666666637,0.0,0.1414162222222228,0.0,0.09001699999999997,0.06611166666666593,0.7817536666666646,0.0,0.4591488333333303
250,2025-03-19T23:23:55.289475,0.0,0.005070333333333289,0.02231977777777811,0.0,0.0003744444444444427,0.001032666666666682,0.01881000000000022,0.0388348888888888,0.17108249999999242,0.0,0.0,0.04661166666666598,0.0259885000000016,0.0,0.07269499999999597,0.040036333333333125,0.0,0.0006416666666666515,0.16321355555555153,0.006617499999999648,0.0,0.0,0.01634066666666772,0.0,0.0,0.0,0.0
250,2025-03-19T23:23:58.292471,0.0,0.0,0.02231977777777811,0.49878311111111395,0.0003744444444444427,0.0,0.01881000000000022,0.0388348888888888,0.17108249999999242,0.0,0.0,0.04661166666666598,0.0,0.0,0.07269499999999597,0.0,0.0,0.0006416666666666515,0.16321355555555153,0.0,0.0,0.13580750000000327,0.06710588888888779,0.0,0.5953216666666682,0.0,0.0
250,2025-03-19T23:24:01.295406,0.42623711111111284,0.0,0.0,0.49878311111111395,0.0003744444444444427,0.0,0.0,0.0388348888888888,0.0,0.0,0.16292383333333288,0.0,0.0,0.04487433333333317,0.0,0.0,0.0,0.0,0.16321355555555153,0.0,0.09821522222222179,0.13580750000000327,0.06710588888888779,0.061573999999999456,0.5953216666666682,0.04171549999999987,0.2626911666666653
250,2025-03-19T23:24:04.297320,0.42623711111111284,0.0,0.1354833333333324,0.49878311111111395,0.0,0.0,0.0,0.0,0.0,0.0,0.16292383333333288,0.0,0.0,0.04487433333333317,0.0,0.0,0.10461933333333326,0.0,0.0,0.0,0.09821522222222179,0.0,0.06710588888888779,0.061573999999999456,0.0,0.04171549999999987,0.2626911666666653
250,2025-03-19T23:24:07.300240,0.42623711111111284,0.004651000000000109,0.1354833333333324,0.0,0.00046433333333333824,0.0,0.0120378333333336,0.0,0.0,0.0,0.0,0.16593316666666644,0.0,0.0,0.0,0.0,0.10461933333333326,0.0,0.0,0.0,0.09821522222222179,0.0,0.0,0.061573999999999456,0.0,0.0,0.0
250,2025-03-19T23:24:10.303174,0.4831693333333331,0.004651000000000109,0.1354833333333324,0.0,0.00046433333333333824,0.0013106666666666824,0.0120378333333336,0.0,0.0,0.0015568333333333038,0.0,0.16593316666666644,0.17337133333333318,0.0,0.0,0.0,0.0,0.0007631111111111218,0.20116677777777645,0.24214800000000028,0.0,0.0,0.0,0.0,0.0,0.06862733333333419,0.2763135000000006
250,2025-03-19T23:24:13.304495,0.4831693333333331,0.0,0.0,0.0,0.00046433333333333824,0.0013106666666666824,0.0,0.10787422222222255,0.9363418333333395,0.0015568333333333038,0.0,0.0,0.17337133333333318,0.04829566666666689,0.511354000000002,0.5728228333333335,0.0,0.0007631111111111218,0.20116677777777645,0.24214800000000028,0.08747266666666716,0.5783824999999989,0.0,0.06710844444444478,0.0,0.06862733333333419,0.2763135000000006
250,2025-03-19T23:24:16.307381,0.4831693333333331,0.0,0.12024988888888939,0.89941611111111,0.0,0.0,0.012064333333333012,0.10787422222222255,0.9363418333333395,0.0,0.0,0.0,0.0,0.04829566666666689,0.511354000000002,0.5728228333333335,0.12314716666666689,0.0007631111111111218,0.20116677777777645,0.0,0.08747266666666716,0.5783824999999989,0.0,0.06710844444444478,0.0,0.0,0.0
250,2025-03-19T23:24:19.310329,0.0,0.0,0.12024988888888939,0.89941611111111,0.0,0.0,0.012064333333333012,0.10787422222222255,0.0,0.0,0.3115430000000004,0.0,0.13736933333333215,0.0,0.0,0.0,0.12314716666666689,0.0,0.1920334444444494,0.0,0.08747266666666716,0.0,0.14666611111111177,0.06710844444444478,1.2552613333333322,0.0,0.0
250,2025-03-19T23:24:22.312471,0.0,0.0,0.12024988888888939,0.89941611111111,0.0,0.0,0.0,0.0,0.0,0.0,0.3115430000000004,0.0,0.13736933333333215,0.0,0.0,0.0,0.0,0.0,0.1920334444444494,0.14231833333333319,0.0,0.0,0.14666611111111177,0.0,1.2552613333333322,0.06253733333333264,0.0
250,2025-03-19T23:24:25.315418,0.4938584444444448,0.007112166666666624,0.0,0.0,0.0006351111111111049,0.0012984999999999804,0.0,0.07558433333333328,0.5907763333333284,0.0,0.0,0.3086358333333337,0.0,0.0,0.0,0.3686893333333359,0.0,0.0,0.1920334444444494,0.14231833333333319,0.0,0.0,0.14666611111111177,0.07517877777777769,0.0,0.06253733333333264,0.0
250,2025-03-19T23:24:28.318351,0.4938584444444448,0.007112166666666624,0.12819511111111126,0.6709345555555553,0.0006351111111111049,0.0012984999999999804,0.0,0.07558433333333328,0.5907763333333284,0.0015528333333333368,0.0,0.3086358333333337,0.0,0.0,0.3855069999999993,0.3686893333333359,0.0,0.0008580000000000008,0.0,0.0,0.0,0.0,0.0,0.07517877777777769,0.0,0.0,0.4616346666666687
250,2025-03-19T23:24:31.320517,0.4938584444444448,0.0,0.12819511111111126,0.6709345555555553,0.0006351111111111049,0.0,0.015711166666666426,0.07558433333333328,0.0,0.0015528333333333368,0.0,0.0,0.0,0.07399216666666616,0.3855069999999993,0.0,0.0,0.0008580000000000008,0.0,0.0,0.12716066666666612,0.5731746666666643,0.0,0.07517877777777769,0.0,0.0,0.4616346666666687
250,2025-03-19T23:24:34.323455,0.0,0.0,0.12819511111111126,0.6709345555555553,0.0,0.0,0.015711166666666426,0.0,0.0,0.0,0.0,0.0,0.0,0.07399216666666616,0.0,0.0,0.0,0.0008580000000000008,0.1982299999999984,0.0,0.12716066666666612,0.5731746666666643,0.0,0.0,1.12787933333334,0.05800916666666704,0.0
250,2025-03-19T23:24:37.326381,0.0,0.0040051666666666525,0.0,0.0,0.0,0.0,0.0,0.0,0.0,0.0,0.0,0.19008533333333352,0.0,0.0,0.0,0.0,0.17971416666666568,0.0005636666666666537,0.1982299999999984,0.0,0.12716066666666612,0.0,0.14327388888888967,0.06279933333333314,1.12787933333334,0.05800916666666704,0.0
250,2025-03-19T23:24:40.329237,0.698866666666662,0.0040051666666666525,0.14107177777777719,0.0,0.0,0.0,0.0,0.09358811111111089,0.7630288333333416,0.0010463333333333344,0.33448483333333223,0.19008533333333352,0.22981450000000103,0.0,0.0,0.0,0.17971416666666568,0.0005636666666666537,0.1982299999999984,0.24896600000000058,0.0,0.0,0.14327388888888967,0.06279933333333314,0.0,0.0,0.0
250,2025-03-19T23:24:43.332116,0.698866666666662,0.0,0.14107177777777719,0.0,0.0006481111111111086,0.001384500000000011,0.013349500000000349,0.09358811111111089,0.7630288333333416,0.0010463333333333344,0.33448483333333223,0.0,0.22981450000000103,0.0,0.0,0.5299264999999973,0.0,0.0005636666666666537,0.0,0.24896600000000058,0.09653266666666681,0.0,0.14327388888888967,0.06279933333333314,0.0,0.0,0.4436563333333321
250,2025-03-19T23:24:46.335062,0.698866666666662,0.0,0.14107177777777719,0.0,0.0006481111111111086,0.001384500000000011,0.013349500000000349,0.09358811111111089,0.0,0.0,0.0,0.0,0.0,0.0,0.0,0.5299264999999973,0.0,0.0,0.0,0.0,0.09653266666666681,0.0,0.0,0.0,0.0,0.0,0.4436563333333321
250,2025-03-19T23:24:49.337977,0.0,0.004899999999999979,0.0,0.7758502222222193,0.0006481111111111086,0.0,0.0,0.0,0.0,0.0,0.0,0.0,0.0,0.0640635000000002,0.5452571666666681,0.0,0.0,0.0,0.2524106666666689,0.0,0.09653266666666681,0.5335276666666668,0.0,0.0,0.0,0.0,0.0
250,2025-03-19T23:24:52.340561,0.0,0.004899999999999979,0.11276533333333325,0.7758502222222193,0.0,0.0,0.0,0.0,0.0,0.0,0.0,0.20475099999999932,0.11426266666666626,0.0640635000000002,0.5452571666666681,0.0,0.0,0.0,0.2524106666666689,0.0,0.0,0.5335276666666668,0.0,0.0,0.0,0.09828783333333273,0.0
250,2025-03-19T23:24:55.343491,0.0,0.0,0.11276533333333325,0.7758502222222193,0.0,0.0,0.012154666666666833,0.09634500000000025,0.0,0.0,0.0,0.20475099999999932,0.11426266666666626,0.0,0.0,0.0,0.17628583333333364,0.0,0.2524106666666689,0.18140683333333388,0.0,0.0,0.11628755555555555,0.1008970000000002,1.352066333333331,0.09828783333333273,0.3521031666666659
250,2025-03-19T23:24:58.346220,0.7459257777777819,0.003642833333333299,0.11276533333333325,0.0,0.0004651111111111137,0.0014136666666666466,0.012154666666666833,0.09634500000000025,0.9739544999999908,0.0,0.0,0.0,0.0,0.0,0.0,0.0,0.17628583333333364,0.0010533333333333506,0.0,0.18140683333333388,0.12246466666666658,0.0,0.11628755555555555,0.1008970000000002,1.352066333333331,0.0,0.3521031666666659
250,2025-03-19T23:25:01.349128,0.7459257777777819,0.003642833333333299,0.0,0.0,0.0004651111111111137,0.0014136666666666466,0.0,0.09634500000000025,0.9739544999999908,0.0015845000000000258,0.3250251666666676,0.0,0.12498116666666687,0.0,0.0,0.5776665000000019,0.0,0.0010533333333333506,0.0,0.0,0.12246466666666658,0.0,0.11628755555555555,0.1008970000000002,0.0,0.0,0.0
250,2025-03-19T23:25:04.352036,0.7459257777777819,0.0,0.0,0.7273787777777759,0.0004651111111111137,0.0,0.0,0.0,0.0,0.0015845000000000258,0.3250251666666676,0.18656099999999992,0.12498116666666687,0.0,0.0,0.5776665000000019,0.0,0.0010533333333333506,0.0,0.0,0.12246466666666658,0.0,0.08623533333333298,0.0,0.0,0.0,0.0
250,2025-03-19T23:25:07.354919,0.0,0.0,0.0,0.7273787777777759,0.00039455555555555235,0.0,0.0,0.0,0.0,0.0,0.0,0.18656099999999992,0.0,0.07132883333333359,0.43064333333333127,0.0,0.11840683333333385,0.0,0.2732619999999947,0.0,0.0,0.5905525000000013,0.08623533333333298,0.0,0.0,0.0,0.0
250,2025-03-19T23:25:10.357918,0.0,0.004286666666666773,0.0,0.7273787777777759,0.00039455555555555235,0.0,0.0,0.0,0.0,0.0,0.0,0.0,0.0,0.07132883333333359,0.43064333333333127,0.0,0.11840683333333385,0.0,0.2732619999999947,0.20012683333333334,0.0,0.5905525000000013,0.08623533333333298,0.0,0.0,0.10897666666666696,0.362891666666665
250,2025-03-19T23:25:13.360760,0.0,0.004286666666666773,0.2031792222222227,0.0,0.00039455555555555235,0.0010858333333333416,0.01881500000000003,0.11741611111111105,0.8080743333333374,0.0,0.0,0.0,0.0,0.0,0.0,0.0,0.0,0.0007736666666666479,0.2732619999999947,0.20012683333333334,0.10746733333333383,0.0,0.0,0.10940788888888876,1.2241248333333299,0.10897666666666696,0.362891666666665
250,2025-03-19T23:25:16.363684,0.6467636666666674,0.0,0.2031792222222227,0.0,0.0,0.0010858333333333416,0.01881500000000003,0.11741611111111105,0.8080743333333374,0.0012493333333333247,0.0,0.0,0.0,0.04462949999999981,0.0,0.0,0.0,0.0007736666666666479,0.0,0.0,0.10746733333333383,0.3203475000000017,0.08167222222222235,0.10940788888888876,1.2241248333333299,0.0,0.0
250,2025-03-19T23:25:19.364465,0.6467636666666674,0.0,0.2031792222222227,0.0,0.00038422222222223024,0.0,0.0,0.11741611111111105,0.0,0.0012493333333333247,0.3059383333333325,0.22394716666666648,0.20794400000000007,0.04462949999999981,0.3566220000000016,0.560948666666666,0.10759016666666693,0.0007736666666666479,0.0,0.0,0.10746733333333383,0.3203475000000017,0.08167222222222235,0.10940788888888876,0.0,0.0,0.0
250,2025-03-19T23:25:22.367364,0.6467636666666674,0.0,0.0,1.9058225555555612,0.00038422222222223024,0.0,0.0,0.0,0.0,0.0,0.3059383333333325,0.22394716666666648,0.20794400000000007,0.0,0.3566220000000016,0.560948666666666,0.10759016666666693,0.0,0.24538388888889057,0.0,0.0,0.0,0.08167222222222235,0.0,0.0,0.057584833333333314,0.0
250,2025-03-19T23:25:25.370266,0.0,0.0,0.11854166666666623,1.9058225555555612,0.00038422222222223024,0.0,0.011724666666666533,0.0,0.0,0.0,0.0,0.0,0.0,0.0,0.0,0.0,0.0,0.0,0.24538388888889057,0.17699649999999897,0.09985566666666618,0.0,0.0,0.0,0.0,0.057584833333333314,0.0
250,2025-03-19T23:25:28.373156,0.0,0.0,0.11854166666666623,1.9058225555555612,0.0,0.0013194999999999921,0.011724666666666533,0.08087744444444431,0.0,0.0,0.0,0.0,0.0,0.0,0.0,0.0,0.0,0.0,0.24538388888889057,0.17699649999999897,0.09985566666666618,0.0,0.0,0.08105222222222214,1.0682245000000044,0.0,0.506286000000003
250,2025-03-19T23:25:31.376059,0.0,0.0070991666666665836,0.11854166666666623,0.0,0.000433333333333335,0.0013194999999999921,0.0,0.08087744444444431,0.953395999999998,0.0,0.2242275000000002,0.20499333333333428,0.0,0.0,0.0,0.0,0.13209833333333285,0.000994333333333344,0.0,0.0,0.09985566666666618,0.0,0.0,0.08105222222222214,1.0682245000000044,0.0,0.506286000000003
250,2025-03-19T23:25:34.378986,0.8180994444444424,0.0070991666666665836,0.11744333333333323,0.0,0.000433333333333335,0.0,0.0,0.08087744444444431,0.953395999999998,0.0014741666666666655,0.2242275000000002,0.20499333333333428,0.14970933333333394,0.06880099999999997,0.37241516666666524,0.0,0.13209833333333285,0.000994333333333344,0.0,0.0,0.0,0.6159053333333305,0.1175805555555548,0.08105222222222214,0.0,0.0,0.0
250,2025-03-19T23:25:37.381909,0.8180994444444424,0.0,0.11744333333333323,0.0,0.000433333333333335,0.0,0.012158833333333046,0.0,0.0,0.0014741666666666655,0.0,0.0,0.14970933333333394,0.06880099999999997,0.37241516666666524,0.5675734999999994,0.0,0.000994333333333344,0.2599266666666659,0.17719816666666807,0.08445522222222243,0.6159053333333305,0.1175805555555548,0.0,0.0,0.08357166666666653,0.29209299999999894
250,2025-03-19T23:25:40.384518,0.8180994444444424,0.0,0.11744333333333323,0.0,0.0,0.0,0.012158833333333046,0.07796055555555548,0.0,0.0,0.0,0.17578500000000002,0.0,0.0,0.0,0.5675734999999994,0.0,0.0,0.2599266666666659,0.17719816666666807,0.08445522222222243,0.0,0.1175805555555548,0.06276588888888944,0.0,0.08357166666666653,0.29209299999999894
250,2025-03-19T23:25:43.387430,0.0,0.0,0.0,0.9608907777777758,0.0,0.0012900000000000136,0.0,0.07796055555555548,0.0,0.0,0.0,0.17578500000000002,0.0,0.0,0.0,0.0,0.0,0.0,0.2599266666666659,0.0,0.08445522222222243,0.0,0.0,0.06276588888888944,1.089502833333332,0.0,0.0
250,2025-03-19T23:25:46.389778,0.0,0.0,0.10481955555555564,0.9608907777777758,0.0,0.0012900000000000136,0.0,0.07796055555555548,0.6063516666666703,0.0,0.0,0.0,0.0,0.0,0.0,0.2278146666666664,0.0,0.0,0.0,0.0,0.0,0.0,0.09957866666666683,0.06276588888888944,1.089502833333332,0.04167366666666716,0.0
250,2025-03-19T23:25:49.392638,0.0,0.007339999999999977,0.10481955555555564,0.9608907777777758,0.0006428888888888843,0.0,0.0,0.0,0.9095275000000054,0.0,0.29699216666666695,0.0,0.0,0.06025666666666693,0.0,0.3417219999999996,0.0,0.0008820000000000001,0.1951121111111118,0.0,0.10233866666666656,0.0,0.09957866666666683,0.0,0.0,0.06251050000000073,0.0
250,2025-03-19T23:25:52.395534,0.7440710000000006,0.007339999999999977,0.10481955555555564,0.0,0.0006428888888888843,0.0009225000000000114,0.015042666666666687,0.0766873333333338,0.9095275000000054,0.001571666666666675,0.29699216666666695,0.0,0.2224474999999989,0.06025666666666693,0.45917283333333603,0.3417219999999996,0.18095000000000047,0.0008820000000000001,0.1951121111111118,0.0,0.10233866666666656,0.5581615000000019,0.09957866666666683,0.07371388888888851,0.0,0.06251050000000073,0.0
250,2025-03-19T23:25:55.398478,0.7440710000000006,0.0,0.0,0.5277944444444403,0.0006428888888888843,0.0009225000000000114,0.015042666666666687,0.0766873333333338,0.0,0.001571666666666675,0.0,0.2241758333333337,0.2224474999999989,0.0,0.45917283333333603,0.0,0.18095000000000047,0.0008820000000000001,0.1951121111111118,0.22581233333333256,0.10233866666666656,0.5581615000000019,0.0,0.07371388888888851,0.816875166666667,0.0,0.5325238333333336
250,2025-03-19T23:25:58.400526,0.7440710000000006,0.0,0.1291205555555561,0.5277944444444403,0.0,0.0,0.0,0.0766873333333338,0.0,0.0,0.0,0.2241758333333337,0.0,0.0,0.0,0.0,0.0,0.0,0.0,0.22581233333333256,0.0,0.0,0.0,0.07371388888888851,0.816875166666667,0.0,0.5325238333333336
250,2025-03-19T23:26:01.403440,0.0,0.0,0.1291205555555561,0.5277944444444403,0.0,0.0,0.0,0.07188433333333283,0.7174821666666655,0.0,0.19540533333333346,0.0,0.0,0.0,0.0,0.0,0.0,0.0,0.0,0.0,0.0,0.37749116666666777,0.0,0.0,0.0,0.0,0.0
250,2025-03-19T23:26:04.406293,0.0,0.0,0.1291205555555561,0.4984418888888943,0.0,0.0,0.0,0.07188433333333283,0.7174821666666655,0.0,0.19540533333333346,0.0,0.12013100000000067,0.0,0.0,0.0,0.0,0.000826333333333324,0.2511114444444426,0.0,0.0,0.37749116666666777,0.13728222222222228,0.0,0.0,0.07324016666666586,0.0
250,2025-03-19T23:26:07.408484,0.0,0.0,0.0,0.4984418888888943,0.0005932222222222204,0.0,0.01659316666666655,0.07188433333333283,0.0,0.0,0.0,0.0,0.12013100000000067,0.07723533333333303,0.36263933333333404,0.545213666666669,0.0,0.000826333333333324,0.2511114444444426,0.0,0.13782355555555625,0.0,0.13728222222222228,0.0,0.0,0.07324016666666586,0.0
250,2025-03-19T23:26:10.411366,0.7100952222222203,0.007168166666666754,0.0,0.4984418888888943,0.0005932222222222204,0.0013311666666666613,0.01659316666666655,0.0,0.0,0.0014903333333333344,0.0,0.0,0.0,0.07723533333333303,0.36263933333333404,0.545213666666669,0.16891233333333253,0.000826333333333324,0.2511114444444426,0.2025764999999993,0.13782355555555625,0.0,0.13728222222222228,0.10584800000000015,0.0,0.0,0.0
250,2025-03-19T23:26:13.412468,0.7100952222222203,0.007168166666666754,0.0,0.0,0.0005932222222222204,0.0013311666666666613,0.0,0.0,0.0,0.0014903333333333344,0.0,0.28988933333333244,0.0,0.0,0.0,0.0,0.16891233333333253,0.0,0.0,0.2025764999999993,0.13782355555555625,0.0,0.0,0.10584800000000015,0.0,0.0,0.461207833333333
250,2025-03-19T23:26:16.415385,0.7100952222222203,0.0,0.1688891111111117,0.0,0.0,0.0,0.0,0.0,0.0,0.0,0.23245283333333336,0.28988933333333244,0.17321599999999887,0.0,0.0,0.0,0.0,0.0,0.0,0.0,0.0,0.0,0.0,0.10584800000000015,1.3636154999999994,0.0,0.461207833333333
250,2025-03-19T23:26:19.418260,0.0,0.0,0.1688891111111117,0.0,0.0005216666666666672,0.0,0.0,0.0,0.9494124999999941,0.0,0.23245283333333336,0.0,0.17321599999999887,0.0,0.33861383333333117,0.0,0.0,0.0,0.0,0.0,0.0,0.5831914999999982,0.0,0.0,1.3636154999999994,0.0,0.0
250,2025-03-19T23:26:22.421149,0.4678053333333373,0.0042348333333333,0.1688891111111117,0.0,0.0005216666666666672,0.0,0.01381044444444473,0.1247351111111112,0.6329416666666627,0.0009783333333333035,0.0,0.11416377777777756,0.0,0.0,0.33861383333333117,0.0,0.0926272222222227,0.0008253333333333323,0.0,0.0,0.1237182222222215,0.3887943333333321,0.13681166666666736,0.0,0.0,0.07464266666666694,0.0
250,2025-03-19T23:26:25.424025,0.4678053333333373,0.0042348333333333,0.0,0.8656345555555542,0.0005216666666666672,0.0012428333333333412,0.01381044444444473,0.1247351111111112,0.0,0.0009783333333333035,0.0,0.11416377777777756,0.0,0.07529166666666677,0.0,0.4063989999999996,0.0926272222222227,0.0008253333333333323,0.3067188888888887,0.0,0.1237182222222215,0.0,0.13681166666666736,0.07782866666666641,0.0,0.07464266666666694,0.0
250,2025-03-19T23:26:28.424478,0.4678053333333373,0.0,0.0,0.8656345555555542,0.0,0.0012428333333333412,0.01381044444444473,0.1247351111111112,0.0,0.0,0.20846883333333469,0.11416377777777756,0.10251900000000093,0.07529166666666677,0.0,0.4063989999999996,0.0926272222222227,0.0008253333333333323,0.3067188888888887,0.21611183333333395,0.1237182222222215,0.23970711111111126,0.13681166666666736,0.07782866666666641,0.0,0.0,0.0
250,2025-03-19T23:26:31.427399,0.0,0.0,0.18555377777777773,0.8656345555555542,0.0,0.0,0.0,0.0,0.0,0.0,0.20846883333333469,0.0,0.10251900000000093,0.0,0.2617063333333363,0.4063989999999996,0.0,0.0,0.3067188888888887,0.21611183333333395,0.0,0.23970711111111126,0.0,0.07782866666666641,1.0782368333333354,0.0,0.5333369999999984
250,2025-03-19T23:26:34.430305,0.0,0.0,0.18555377777777773,0.0,0.0,0.0008333333333333157,0.007642222222222254,0.0,0.0,0.0010930000000000108,0.0,0.0,0.10251900000000093,0.0,0.2617063333333363,0.0,0.0,0.0007106666666666743,0.0,0.0,0.0,0.23970711111111126,0.0,0.0,1.0782368333333354,0.051375888888889186,0.5333369999999984
250,2025-03-19T23:26:37.432523,0.0,0.0,0.18555377777777773,0.0,0.0005658888888888905,0.0008333333333333157,0.007642222222222254,0.0,0.6666716666666668,0.0010930000000000108,0.0,0.16612066666666675,0.0,0.0,0.0,0.0,0.10604211111111066,0.0007106666666666743,0.0,0.0,0.0,0.0,0.09123333333333349,0.0,0.0,0.051375888888889186,0.0
250,2025-03-19T23:26:40.435426,0.7375517777777721,0.006740833333333345,0.0,0.7259535555555583,0.0005658888888888905,0.0,0.007642222222222254,0.11214388888888907,0.6666716666666668,0.0,0.0,0.16612066666666675,0.09294266666666652,0.06129466666666695,0.29147933333333265,0.0,0.10604211111111066,0.0007106666666666743,0.24245566666667176,0.0,0.0,0.0,0.09123333333333349,0.08371700000000004,0.0,0.051375888888889186,0.0
250,2025-03-19T23:26:43.438287,0.7375517777777721,0.006740833333333345,0.0,0.7259535555555583,0.0005658888888888905,0.0,0.0,0.11214388888888907,0.6666716666666668,0.0,0.0,0.16612066666666675,0.09294266666666652,0.06129466666666695,0.29147933333333265,0.4021384444444449,0.10604211111111066,0.0,0.24245566666667176,0.0,0.14502433333333425,0.0,0.09123333333333349,0.08371700000000004,0.9366409999999898,0.03880044444444448,0.0
250,2025-03-19T23:26:46.441186,0.7375517777777721,0.0,0.0,0.7259535555555583,0.0,0.0009834999999999892,0.0,0.11214388888888907,0.0,0.0,0.31360216666666696,0.0,0.09294266666666652,0.0,0.0,0.4021384444444449,0.0,0.0005743333333333311,0.24245566666667176,0.2539214999999994,0.14502433333333425,0.36425433333333346,0.0,0.08371700000000004,0.9366409999999898,0.03880044444444448,0.4553043333333354
275,2025-03-19T23:28:06.780452,0.2760356666666629,0.0,0.0,0.26588149999999666,0.0,0.0011736666666666655,0.0,0.0,0.0,0.0,0.02531999999999831,0.02589833333333284,0.0,0.0,0.0,0.0,0.01195700000000007,0.0,0.0,0.0,0.0,0.14388883333333052,0.033075833333332604,0.0,0.0,0.0,0.0173816666666653
275,2025-03-19T23:28:09.783443,0.2760356666666629,0.0042104999999999695,0.0,0.26588149999999666,0.0,0.0,0.0,0.04681649999999967,0.0,0.0,0.0,0.0,0.09678733333333393,0.0,0.0,0.0,0.0,0.0014414999999999847,0.3561219999999992,0.0,0.0884285000000015,0.14388883333333052,0.033075833333332604,0.0,0.0,0.0,0.0
275,2025-03-19T23:28:12.784510,0.0,0.0042104999999999695,0.0,0.0,0.0006973333333333277,0.0,0.0,0.04681649999999967,0.4478424999999978,0.0013018333333333356,0.0,0.0,0.09678733333333393,0.05059083333333329,0.1956191666666693,0.0,0.0,0.0014414999999999847,0.3561219999999992,0.0,0.0884285000000015,0.0,0.0,0.0,0.0,0.05866750000000091,0.0
275,2025-03-19T23:28:15.787431,0.0,0.0,0.17550616666666488,0.0,0.0006973333333333277,0.0,0.0,0.0,0.4478424999999978,0.0013018333333333356,0.0,0.0,0.0,0.05059083333333329,0.1956191666666693,0.0,0.0,0.0,0.0,0.18139766666666665,0.0,0.0,0.0,0.13321933333333294,1.0364918333333437,0.05866750000000091,0.34837100000000026
275,2025-03-19T23:28:18.790315,0.0,0.0,0.17550616666666488,0.0,0.0,0.0,0.021548833333333427,0.0,0.0,0.0,0.0,0.24482050000000066,0.0,0.0,0.0,0.4552913333333304,0.0,0.0,0.0,0.18139766666666665,0.0,0.32316566666666807,0.0,0.13321933333333294,1.0364918333333437,0.0,0.34837100000000026
275,2025-03-19T23:28:21.793244,0.8913486666666681,0.0,0.0,0.0,0.0,0.0,0.021548833333333427,0.11396916666666596,0.0,0.0,0.3464873333333335,0.24482050000000066,0.0,0.0,0.0,0.4552913333333304,0.0,0.0009975000000000216,0.0,0.0,0.1358379999999997,0.32316566666666807,0.22958716666666848,0.0,0.0,0.0,0.0
275,2025-03-19T23:28:24.796151,0.8913486666666681,0.0,0.0,1.279085500000008,0.0,0.0015695000000000017,0.0,0.11396916666666596,0.0,0.0,0.3464873333333335,0.0,0.0,0.0,0.35892316666666585,0.0,0.19970066666666617,0.0009975000000000216,0.4246680000000065,0.0,0.1358379999999997,0.0,0.22958716666666848,0.0,0.0,0.0,0.0
275,2025-03-19T23:28:27.796521,0.0,0.0,0.0,1.279085500000008,0.0,0.0015695000000000017,0.011243833333333344,0.0,0.0,0.001104333333333337,0.0,0.0,0.0,0.0,0.35892316666666585,0.0,0.19970066666666617,0.0,0.4246680000000065,0.14441333333333264,0.0,0.0,0.0,0.0,0.0,0.0,0.0
275,2025-03-19T23:28:30.799443,0.0,0.007383666666666678,0.25038133333333457,0.0,0.000980500000000014,0.0,0.011243833333333344,0.0,1.051701666666664,0.001104333333333337,0.0,0.2682713333333335,0.20003383333333366,0.07657800000000019,0.0,0.434317333333335,0.0,0.0,0.0,0.14441333333333264,0.0,0.0,0.0,0.0,0.9860833333333214,0.0,0.4669270000000031
275,2025-03-19T23:28:33.802376,0.0,0.007383666666666678,0.25038133333333457,0.0,0.000980500000000014,0.0009844999999999808,0.0,0.0,1.051701666666664,0.0,0.0,0.2682713333333335,0.20003383333333366,0.07657800000000019,0.0,0.434317333333335,0.0,0.0011835000000000042,0.0,0.0,0.0,0.5018281666666696,0.0,0.16662116666666668,0.9860833333333214,0.11657566666666598,0.4669270000000031
275,2025-03-19T23:28:36.805271,0.0,0.0,0.0,0.0,0.0,0.0009844999999999808,0.0,0.0,0.0,0.0008476666666666911,0.24134016666666727,0.0,0.0,0.0,0.0,0.0,0.0,0.0011835000000000042,0.0,0.0,0.0,0.5018281666666696,0.0,0.16662116666666668,0.0,0.11657566666666598,0.0
275,2025-03-19T23:28:39.808174,1.0814338333333355,0.0,0.16945350000000067,0.0,0.0005998333333333365,0.0,0.0,0.17718433333333414,0.0,0.0008476666666666911,0.24134016666666727,0.0,0.0,0.0,0.0,0.0,0.179765166666666,0.0,0.39677016666666043,0.0,0.20802199999999973,0.0,0.0,0.0,0.0,0.0,0.0
275,2025-03-19T23:28:42.808511,1.0814338333333355,0.0,0.16945350000000067,1.1618378333333228,0.0005998333333333365,0.0,0.0,0.17718433333333414,0.648208333333334,0.0,0.0,0.0,0.0,0.0,0.47028833333333375,0.3676271666666651,0.179765166666666,0.0,0.39677016666666043,0.22482000000000116,0.20802199999999973,0.0,0.24686149999999907,0.1022138333333338,0.0,0.07832950000000002,0.30519316666666424
275,2025-03-19T23:28:45.811390,0.0,0.005778666666666747,0.0,1.1618378333333228,0.0,0.0,0.019019999999999964,0.0,0.648208333333334,0.0,0.0,0.0,0.15781850000000003,0.0630296666666664,0.47028833333333375,0.3676271666666651,0.0,0.0,0.0,0.22482000000000116,0.0,0.0,0.24686149999999907,0.1022138333333338,1.148564166666669,0.07832950000000002,0.30519316666666424
275,2025-03-19T23:28:48.814293,0.6381803333333381,0.005778666666666747,0.0,0.0,0.0,0.0,0.019019999999999964,0.0,0.0,0.0009508333333333083,0.0,0.3182998333333321,0.15781850000000003,0.0630296666666664,0.0,0.0,0.0,0.0,0.0,0.0,0.0,0.0,0.0,0.0,1.148564166666669,0.0,0.0
275,2025-03-19T23:28:51.817203,0.6381803333333381,0.0,0.1846301666666648,0.0,0.0,0.0,0.0,0.12267266666666644,0.0,0.000950833333333308,0.3036154999999993,0.3182998333333321,0.0,0.0,0.0,0.0,0.0,0.0013033333333333232,0.0,0.0,0.0,0.6130234999999972,0.1290138333333341,0.0,0.0,0.0,0.0
275,2025-03-19T23:28:54.820070,0.0,0.0,0.1846301666666648,0.0,0.0008153333333333161,0.0015618333333333365,0.0,0.12267266666666644,0.0,0.0,0.3036154999999994,0.0,0.0,0.05072916666666672,0.0,0.0,0.0,0.0013033333333333232,0.3546328333333312,0.14992033333333413,0.1827833333333331,0.6130234999999972,0.1290138333333341,0.0,0.0,0.07105566666666738,0.39084283333333286
275,2025-03-19T23:28:57.822971,0.0,0.004637333333333308,0.0,0.9818158333333336,0.0008153333333333161,0.0015618333333333365,0.0,0.0,0.0,0.0,0.0,0.0,0.0,0.05072916666666672,0.0,0.4777221666666663,0.0,0.0,0.3546328333333312,0.14992033333333413,0.1827833333333331,0.0,0.0,0.14791783333333325,0.0,0.07105566666666738,0.39084283333333286
275,2025-03-19T23:29:00.824527,0.0,0.004637333333333308,0.0,0.9818158333333336,0.0,0.0,0.016682333333333098,0.0,0.9359240000000001,0.0008325000000000139,0.0,0.20336633333333512,0.15483349999999993,0.0,0.43769199999999847,0.4777221666666663,0.20510183333333507,0.0,0.0,0.0,0.0,0.0,0.0,0.14791783333333325,0.0,0.0,0.0
275,2025-03-19T23:29:03.827447,0.8932154999999967,0.0,0.0,0.0,0.0,0.0,0.016682333333333098,0.0,0.9359240000000001,0.0008325000000000139,0.0,0.20336633333333512,0.15483349999999993,0.0,0.43769199999999847,0.0,0.20510183333333507,0.000883833333333343,0.0,0.15627633333333318,0.0,0.0,0.0,0.0,1.172340833333332,0.0,0.0
275,2025-03-19T23:29:06.828561,0.8932154999999967,0.0,0.2978503333333341,0.0,0.0007121666666666805,0.0,0.0,0.13327266666666662,0.0,0.0,0.0,0.0,0.0,0.0,0.0,0.0,0.0,0.000883833333333343,0.0,0.15627633333333318,0.17928966666666687,0.5717113333333355,0.2069351666666653,0.11300883333333309,1.172340833333332,0.0,0.0
275,2025-03-19T23:29:09.831028,0.0,0.0,0.2978503333333341,0.0,0.0007121666666666805,0.0,0.0,0.13327266666666662,0.0,0.0,0.2771418333333339,0.0,0.0,0.0,0.0,0.0,0.0,0.0,0.0,0.0,0.17928966666666687,0.5717113333333355,0.2069351666666653,0.11300883333333309,0.0,0.0,0.0
275,2025-03-19T23:29:12.832534,0.0,0.0,0.0,2.9923103333333456,0.0,0.001395833333333337,0.015545499999999992,0.0,0.0,0.0,0.2771418333333339,0.0,0.0,0.08810866666666685,0.28404599999999885,0.5121256666666673,0.15994849999999874,0.0,0.47189966666667266,0.0,0.0,0.0,0.0,0.0,0.0,0.11106333333333279,0.4818183333333319
275,2025-03-19T23:29:15.835438,0.0,0.0,0.0,2.9923103333333456,0.0,0.001395833333333337,0.015545499999999992,0.0,0.9442966666666736,0.0,0.0,0.0,0.0,0.08810866666666685,0.28404599999999885,0.5121256666666673,0.15994849999999874,0.0,0.47189966666667266,0.0,0.0,0.0,0.0,0.0,0.0,0.11106333333333279,0.4818183333333319
275,2025-03-19T23:29:18.838369,1.0285245000000034,0.007070833333333287,0.0,0.0,0.0,0.0,0.0,0.0,0.9442966666666736,0.0015044999999999828,0.0,0.35180633333333355,0.2041971666666669,0.0,0.0,0.0,0.0,0.001396333333333333,0.0,0.0,0.0,0.0,0.15474999999999997,0.1111751666666668,1.0140583333333288,0.0,0.0
275,2025-03-19T23:29:21.841230,1.0285245000000034,0.007070833333333287,0.0,0.0,0.0006593333333333267,0.0,0.0,0.1377648333333331,0.0,0.0015044999999999828,0.0,0.35180633333333355,0.2041971666666669,0.0,0.0,0.0,0.0,0.001396333333333333,0.29014833333332984,0.0,0.17256916666666675,0.426110666666664,0.15474999999999997,0.1111751666666668,1.0140583333333288,0.0,0.0
275,2025-03-19T23:29:24.844145,0.0,0.0,0.2862950000000003,0.0,0.0006593333333333267,0.00098083333333332,0.01194933333333322,0.1377648333333331,0.0,0.0,0.2970589999999997,0.0,0.0,0.0,0.0,0.0,0.1319930000000014,0.0,0.29014833333332984,0.2567966666666664,0.17256916666666675,0.426110666666664,0.0,0.0,0.0,0.0,0.0
275,2025-03-19T23:29:27.847052,0.0,0.0,0.2862950000000003,1.4485633333333303,0.0,0.00098083333333332,0.01194933333333322,0.0,0.0,0.0,0.2970589999999997,0.0,0.0,0.0,0.43405516666666705,0.0,0.1319930000000014,0.0008131666666666427,0.0,0.2567966666666664,0.0,0.0,0.0,0.0,0.0,0.0,0.5338030000000014
275,2025-03-19T23:29:30.849943,0.8231291666666608,0.005045833333333417,0.0,1.4485633333333303,0.000659999999999994,0.0,0.0,0.10215633333333331,0.0,0.0,0.0,0.23208849999999853,0.12443083333333269,0.07942433333333318,0.43405516666666705,0.0,0.0,0.0008131666666666427,0.0,0.0,0.0,0.0,0.15368600000000046,0.0,0.0,0.10499216666666675,0.5338030000000014
275,2025-03-19T23:29:33.852867,0.8231291666666608,0.005045833333333417,0.17151466666666695,0.0,0.000659999999999994,0.0,0.0,0.10215633333333331,0.9495926666666606,0.0,0.0,0.23208849999999853,0.12443083333333269,0.07942433333333318,0.0,0.6071696666666687,0.0,0.0,0.0,0.0,0.13400633333333428,0.4638906666666667,0.15368600000000046,0.16401916666666713,1.309588999999998,0.10499216666666675,0.0
275,2025-03-19T23:29:36.855747,0.0,0.0,0.17151466666666695,0.0,0.0,0.0,0.0,0.0,0.9495926666666606,0.0,0.1868223333333342,0.0,0.0,0.0,0.0,0.6071696666666687,0.0,0.0,0.0,0.18782766666666595,0.13400633333333428,0.4638906666666667,0.0,0.16401916666666713,1.3095889999999974,0.0,0.0
275,2025-03-19T23:29:39.858638,0.0,0.0,0.0,0.0,0.0,0.0014041666666666879,0.0,0.0,0.0,0.0015908333333333562,0.18682233333333426,0.0,0.0,0.0,0.0,0.0,0.0,0.0,0.46723683333333577,0.187827666666666,0.0,0.0,0.0,0.0,0.0,0.0,0.0
275,2025-03-19T23:29:42.861572,0.0,0.0,0.0,0.0,0.0,0.0014041666666666879,0.019688000000000375,0.0,0.0,0.0015908333333333562,0.0,0.0,0.0,0.0,0.0,0.0,0.18630699999999936,0.0,0.46723683333333577,0.0,0.0,0.0,0.0,0.0,0.0,0.08314499999999944,0.0
275,2025-03-19T23:29:45.864490,0.8581365000000006,0.0,0.0,1.393186499999994,0.0007605000000000158,0.0,0.019688000000000375,0.1282883333333338,0.0,0.0,0.0,0.0,0.1850623333333322,0.0,0.49376400000000353,0.0,0.18630699999999936,0.0014060000000000186,0.0,0.0,0.16200633333333297,0.0,0.0,0.0,0.9347291666666707,0.08314499999999944,0.0
275,2025-03-19T23:29:48.867341,0.8581365000000006,0.006481833333333261,0.2318921666666659,1.393186499999994,0.0007605000000000158,0.0,0.0,0.1282883333333338,0.8924201666666725,0.0,0.0,0.3244418333333338,0.1850623333333322,0.07934383333333392,0.49376400000000353,0.4896218333333309,0.0,0.0014060000000000186,0.0,0.14949350000000078,0.16200633333333297,0.0,0.0,0.1567713333333328,0.9347291666666707,0.0,0.5860961666666687
275,2025-03-19T23:29:51.870255,0.0,0.006481833333333261,0.2318921666666659,0.0,0.0,0.0,0.0,0.0,0.8924201666666725,0.0011943333333333344,0.0,0.3244418333333338,0.0,0.07934383333333392,0.0,0.4896218333333309,0.0,0.0,0.28908599999999757,0.14949350000000078,0.0,0.0,0.2357326666666661,0.1567713333333328,0.0,0.06624666666666694,0.5860961666666687
275,2025-03-19T23:29:54.873114,0.0,0.0,0.0,0.0,0.0,0.0,0.0,0.10433633333333367,0.0,0.0011943333333333344,0.35184283333333377,0.0,0.0,0.0,0.0,0.0,0.10986750000000002,0.0008983333333333344,0.28908599999999757,0.0,0.0,0.7282108333333356,0.2357326666666661,0.0,0.0,0.06624666666666694,0.0
275,2025-03-19T23:29:57.874574,0.0,0.0,0.0,0.9289058333333364,0.0005828333333333288,0.0,0.0,0.10433633333333367,0.0,0.0,0.35184283333333377,0.0,0.0,0.0,0.0,0.35521433333333624,0.10986750000000002,0.0008983333333333344,0.0,0.14543149999999846,0.14985966666666667,0.7282108333333356,0.0,0.0,0.0,0.0,0.0
275,2025-03-19T23:30:00.877451,1.0274370000000015,0.0,0.0,0.9289058333333364,0.0005828333333333288,0.0016556666666666482,0.0,0.0,0.0,0.0,0.0,0.0,0.0,0.05543033333333251,0.3469683333333317,0.35521433333333624,0.0,0.0,0.0,0.14543149999999846,0.14985966666666667,0.0,0.0,0.0,0.9545546666666762,0.0,0.3060135000000012
275,2025-03-19T23:30:03.880348,1.0274370000000015,0.0,0.2586590000000016,0.0,0.0,0.0016556666666666482,0.017898666666666806,0.0,0.0,0.0,0.0,0.30301149999999905,0.0,0.05543033333333251,0.3469683333333317,0.0,0.0,0.0,0.0,0.0,0.0,0.3805613333333327,0.16564366666666788,0.0,0.9545546666666762,0.0,0.3060135000000012
275,2025-03-19T23:30:06.880528,0.0,0.006444833333333419,0.2586590000000016,0.0,0.0,0.0,0.017898666666666806,0.0,0.9425838333333256,0.001152333333333311,0.23086183333333332,0.30301149999999905,0.21472350000000046,0.0,0.0,0.0,0.13976550000000051,0.0,0.423618166666671,0.0,0.0,0.3805613333333327,0.16564366666666788,0.0,0.0,0.0753713333333342,0.0
275,2025-03-19T23:30:09.883448,0.0,0.006444833333333419,0.0,0.0,0.0,0.0,0.0,0.0,0.9425838333333256,0.001152333333333311,0.23086183333333332,0.0,0.21472350000000046,0.0,0.0,0.0,0.13976550000000051,0.0,0.423618166666671,0.0,0.1558353333333334,0.0,0.0,0.1970331666666662,0.0,0.0753713333333342,0.0
275,2025-03-19T23:30:12.886380,0.8367149999999982,0.0,0.0,1.2364549999999972,0.0008913333333333366,0.0,0.013086333333333165,0.0,0.0,0.0,0.0,0.0,0.0,0.060603000000000413,0.0,0.4661763333333322,0.0,0.001291666666666654,0.0,0.18051583333333338,0.1558353333333334,0.0,0.0,0.1970331666666662,0.0,0.0,0.3980839999999973
275,2025-03-19T23:30:15.888541,0.8367149999999982,0.0,0.18995749999999847,1.2364549999999972,0.0008913333333333366,0.0,0.013086333333333165,0.17944316666666657,0.0,0.0,0.0,0.21046250000000083,0.0,0.060603000000000413,0.36616349999999903,0.4661763333333322,0.0,0.001291666666666654,0.0,0.18051583333333338,0.0,0.0,0.0,0.0,0.9774979999999878,0.0,0.3980839999999973
275,2025-03-19T23:30:18.891417,0.0,0.0,0.18995749999999847,0.0,0.0,0.0016276666666666941,0.0,0.17944316666666657,0.0,0.0,0.0,0.21046250000000083,0.0,0.0,0.36616349999999903,0.0,0.0,0.0,0.26294216666666637,0.0,0.0,0.397113166666666,0.0,0.0,0.9774979999999878,0.07591099999999903,0.0
275,2025-03-19T23:30:21.894310,0.0,0.0,0.0,2.5223889999999947,0.0005393333333333177,0.0016276666666666941,0.0,0.0,0.8845460000000004,0.0,0.0,0.0,0.13920966666666604,0.0,0.0,0.0,0.15729516666666638,0.0009448333333333578,0.26294216666666637,0.0,0.0,0.397113166666666,0.24430850000000015,0.0,0.0,0.07591099999999903,0.0
275,2025-03-19T23:30:24.896511,0.6368366666666722,0.006532999999999975,0.0,2.5223889999999947,0.0005393333333333177,0.0,0.0,0.0,0.8845460000000004,0.0012941666666666705,0.0,0.0,0.13920966666666604,0.05019616666666594,0.0,0.0,0.15729516666666638,0.0009448333333333578,0.0,0.0,0.16709133333333173,0.0,0.24430850000000015,0.1763400000000009,0.7166043333333316,0.0,0.0
275,2025-03-19T23:30:27.899415,0.6368366666666722,0.006532999999999975,0.17479783333333407,0.0,0.0,0.0,0.0,0.0,0.0,0.0012941666666666705,0.3473504999999975,0.23576833333333272,0.0,0.05019616666666594,0.3242386666666685,0.4644408333333322,0.0,0.0,0.30299466666666797,0.20754766666666788,0.16709133333333173,0.0,0.0,0.1763400000000009,0.7166043333333316,0.0,0.0
275,2025-03-19T23:30:30.902293,0.0,0.0,0.17479783333333407,0.0,0.0,0.0,0.0157098333333335,0.15781633333333292,0.0,0.0,0.3473504999999975,0.23576833333333272,0.0,0.0,0.3242386666666685,0.4644408333333322,0.10656883333333413,0.0,0.30299466666666797,0.20754766666666788,0.0,0.0,0.0,0.0,0.0,0.07564666666666754,0.0
275,2025-03-19T23:30:33.904516,0.0,0.0,0.0,0.0,0.0,0.0,0.0157098333333335,0.15781633333333292,0.0,0.0,0.0,0.0,0.0,0.0,0.0,0.0,0.10656883333333413,0.0,0.0,0.0,0.1388611666666672,0.0,0.0,0.0,0.0,0.07564666666666754,0.5773190000000029
275,2025-03-19T23:30:36.907415,0.8895499999999952,0.0,0.0,0.0,0.0008376666666666811,0.0014589999999999883,0.0,0.0,0.7648895000000001,0.0,0.0,0.0,0.0,0.0,0.0,0.0,0.0,0.0,0.0,0.0,0.1388611666666672,0.7005924999999992,0.0,0.0,0.9908575000000043,0.0,0.5773190000000029
275,2025-03-19T23:30:39.908516,0.8895499999999952,0.0,0.22615949999999907,0.0,0.0008376666666666811,0.0014589999999999883,0.0,0.09633750000000064,0.7648895000000001,0.0,0.0,0.0,0.19999450000000016,0.0,0.0,0.3511585000000016,0.0,0.0,0.27761399999999986,0.0,0.0,0.7005924999999992,0.0,0.0,0.9908575000000043,0.0,0.0
275,2025-03-19T23:30:42.911443,0.0,0.007093500000000013,0.22615949999999907,1.5812743333333403,0.0,0.0,0.015335999999999574,0.09633750000000064,0.0,0.0015140000000000156,0.0,0.32680116666666714,0.19999450000000016,0.08216733333333438,0.0,0.3511585000000016,0.0,0.0017346666666666624,0.27761399999999986,0.2046291666666657,0.0,0.0,0.25757999999999964,0.18488933333333318,0.0,0.0,0.0
275,2025-03-19T23:30:45.914325,0.0,0.007093500000000013,0.0,1.5812743333333403,0.0,0.0,0.015335999999999574,0.0,0.0,0.0015140000000000156,0.3135760000000024,0.32680116666666714,0.0,0.08216733333333438,0.49540883333333363,0.0,0.0,0.0017346666666666624,0.0,0.2046291666666657,0.12696216666666754,0.0,0.25757999999999964,0.18488933333333318,0.0,0.0,0.31560449999999685
275,2025-03-19T23:30:48.916509,0.0,0.0,0.0,0.0,0.0,0.0,0.0,0.0,0.0,0.0,0.3135760000000024,0.0,0.11111516666666671,0.0,0.49540883333333363,0.0,0.18456916666666484,0.0,0.0,0.0,0.12696216666666754,0.0,0.0,0.0,0.0,0.13047816666666637,0.31560449999999685
275,2025-03-19T23:30:51.919679,0.0,0.0,0.0,0.0,0.0007771666666666622,0.0012534999999999816,0.0,0.0,0.8606509999999996,0.0,0.0,0.0,0.11111516666666671,0.0,0.0,0.0,0.18456916666666484,0.0009145000000000034,0.3000648333333326,0.0,0.0,0.44186300000000267,0.1286503333333329,0.0,0.0,0.13047816666666637,0.0
275,2025-03-19T23:30:54.922547,0.0,0.0,0.0,0.0,0.0007771666666666622,0.0012534999999999816,0.0,0.0,0.8606509999999996,0.0009754999999999812,0.0,0.20749666666666639,0.0,0.0,0.0,0.0,0.0,0.0009145000000000034,0.3000648333333326,0.0,0.0,0.44186300000000267,0.1286503333333329,0.0,1.135522999999997,0.0,0.2767245000000003
275,2025-03-19T23:30:57.923291,1.2119221666666724,0.005837833333333246,0.23911050000000011,0.0,0.0,0.0,0.0,0.15259383333333196,0.0,0.0009754999999999812,0.0,0.20749666666666639,0.0,0.0,0.0,0.6287183333333342,0.0,0.0,0.0,0.2132271666666673,0.0,0.0,0.0,0.0,1.135522999999997,0.0,0.2767245000000003
300,2025-03-19T23:32:18.646317,0.0,0.0,0.06388033333333236,0.0,0.0009345000000000049,0.0,0.019834166666666896,0.0037950000000013997,0.0,0.0,0.048545833333330776,0.0,0.0,0.0,0.1437588333333319,0.06538583333333274,0.0,0.0010014999999999887,0.0,0.03193000000000031,0.013445833333333233,0.1024565000000024,0.0,0.0,0.24427800000000846,0.0,0.16276883333333106
300,2025-03-19T23:32:21.649182,0.0,0.0,0.06388033333333236,0.0,0.0009345000000000049,0.0,0.0,0.0,0.0,0.0,0.048545833333330776,0.0,0.0,0.0,0.1437588333333319,0.0,0.0,0.0010014999999999887,0.0,0.0,0.0,0.1024565000000024,0.0,0.05550050000000085,0.0,0.0,0.16276883333333106
300,2025-03-19T23:32:24.652108,0.0,0.0,0.0,0.0,0.0,0.001300166666666658,0.01207016666666642,0.0,0.0,0.0,0.0,0.0,0.0,0.053982999999999975,0.0,0.0,0.0,0.0,0.36161400000000304,0.0,0.0,0.0,0.13780250000000177,0.05550050000000085,0.0,0.0,0.0
300,2025-03-19T23:32:27.655034,0.0,0.00685416666666668,0.0,2.5312690000000093,0.0,0.001300166666666658,0.01207016666666642,0.0,0.6267796666666642,0.0015783333333333485,0.0,0.22951750000000007,0.0,0.053982999999999975,0.0,0.0,0.0,0.0,0.36161400000000304,0.0,0.14293483333333276,0.0,0.13780250000000177,0.0,0.0,0.0787350000000006,0.0
300,2025-03-19T23:32:30.656529,0.9656256666666632,0.00685416666666668,0.1816880000000012,2.5312690000000093,0.0006663333333333429,0.0,0.0,0.16251633333333143,0.6267796666666642,0.0015783333333333485,0.0,0.22951750000000007,0.19047799999999884,0.0,0.0,0.0,0.19194349999999835,0.000788000000000011,0.0,0.198695833333332,0.14293483333333276,0.49085500000000104,0.0,0.0,1.0591689999999974,0.0787350000000006,0.0
300,2025-03-19T23:32:33.659469,0.9656256666666632,0.0,0.1816880000000012,0.0,0.0006663333333333429,0.0,0.0,0.16251633333333143,0.0,0.0,0.0,0.0,0.19047799999999884,0.0,0.3984011666666684,0.0,0.19194349999999835,0.000788000000000011,0.0,0.198695833333332,0.0,0.49085500000000104,0.0,0.0,1.0591689999999974,0.0,0.49561216666666996
300,2025-03-19T23:32:36.662386,0.0,0.0,0.0,0.0,0.0,0.0,0.0,0.0,0.0,0.0,0.33998250000000024,0.0,0.0,0.0,0.3984011666666684,0.6545714999999983,0.0,0.0,0.0,0.0,0.0,0.0,0.15421066666666644,0.0,0.0,0.0,0.49561216666666996
300,2025-03-19T23:32:39.665304,0.7607455000000035,0.0,0.0,0.0,0.0,0.0,0.0,0.0,0.701927333333335,0.0011309999999999933,0.33998250000000024,0.0,0.0,0.06801916666666705,0.0,0.6545714999999983,0.0,0.0,0.0,0.0,0.12495999999999916,0.0,0.15421066666666644,0.18977833333333413,0.0,0.09780049999999937,0.0
300,2025-03-19T23:32:42.668254,0.7607455000000035,0.0,0.0,0.0,0.0,0.0013386666666666733,0.0,0.0,0.701927333333335,0.0011309999999999933,0.0,0.3397378333333355,0.17557333333333486,0.06801916666666705,0.0,0.0,0.0,0.0009311666666666682,0.496161833333332,0.21817016666666691,0.12495999999999916,0.0,0.0,0.18977833333333413,0.0,0.09780049999999937,0.0
300,2025-03-19T23:32:45.671244,0.0,0.007356666666666605,0.244592666666667,1.6612429999999943,0.0,0.0013386666666666733,0.020675000000000075,0.15238533333333495,0.0,0.0,0.0,0.3397378333333355,0.17557333333333486,0.0,0.0,0.39673416666666605,0.0,0.0009311666666666682,0.496161833333332,0.21817016666666691,0.0,0.0,0.0,0.0,0.0,0.0,0.0
300,2025-03-19T23:32:48.674153,0.0,0.007356666666666605,0.244592666666667,1.6612429999999943,0.0009834999999999892,0.0,0.020675000000000075,0.15238533333333495,0.0,0.0,0.2529180000000035,0.0,0.0,0.0,0.49406249999999835,0.39673416666666605,0.0,0.0,0.0,0.0,0.0,0.0,0.0,0.0,1.3766021666666577,0.0,0.0
300,2025-03-19T23:32:51.676511,0.7681451666666609,0.0,0.0,0.0,0.0009834999999999892,0.0,0.0,0.0,0.0,0.0,0.2529180000000035,0.23971933333333106,0.0,0.0,0.49406249999999835,0.0,0.2283241666666669,0.0,0.0,0.0,0.0,0.6446646666666662,0.0,0.1300293333333329,1.3766021666666577,0.08099633333333382,0.0
300,2025-03-19T23:32:54.679450,0.7681451666666609,0.0,0.0,0.0,0.0,0.0,0.0,0.0,0.8174180000000036,0.0011693333333333187,0.0,0.23971933333333106,0.0,0.0,0.0,0.0,0.2283241666666669,0.0,0.0,0.16603716666666676,0.15036983333333373,0.6446646666666662,0.23137716666666586,0.1300293333333329,0.0,0.08099633333333382,0.6509259999999985
300,2025-03-19T23:32:57.682367,0.0,0.0,0.16093533333333218,0.9379126666666671,0.0,0.0,0.014659166666666817,0.12025749999999866,0.8174180000000036,0.0011693333333333187,0.0,0.0,0.0,0.09308116666666659,0.0,0.0,0.0,0.0010103333333333355,0.39335833333333886,0.16603716666666676,0.15036983333333373,0.0,0.23137716666666586,0.0,0.0,0.0,0.6509259999999985
300,2025-03-19T23:33:00.685272,0.0,0.0,0.16093533333333218,0.9379126666666671,0.0,0.0014843333333333468,0.014659166666666817,0.12025749999999866,0.0,0.0,0.0,0.0,0.2639546666666656,0.09308116666666659,0.0,0.5592333333333339,0.0,0.0010103333333333355,0.39335833333333886,0.0,0.0,0.0,0.0,0.0,1.0271078333333323,0.0,0.0
300,2025-03-19T23:33:03.688139,0.0,0.006415666666666672,0.0,0.0,0.0008508333333333378,0.0014843333333333468,0.0,0.0,0.0,0.0,0.0,0.0,0.2639546666666656,0.0,0.0,0.5592333333333339,0.0,0.0,0.0,0.0,0.0,0.45378949999999924,0.0,0.0,1.0271078333333323,0.0,0.3749995000000013
300,2025-03-19T23:33:06.691049,0.0,0.006415666666666672,0.17344283333333269,0.0,0.0008508333333333378,0.0,0.0,0.0,0.7073746666666618,0.0,0.0,0.28562316666666737,0.0,0.0,0.5039041666666673,0.0,0.0,0.0,0.0,0.19600100000000018,0.0,0.45378949999999924,0.0,0.0,0.0,0.0,0.3749995000000013
300,2025-03-19T23:33:09.693963,1.1519156666666677,0.0,0.17344283333333269,0.0,0.0,0.0,0.010918166666666453,0.0,0.7073746666666618,0.0012614999999999896,0.3664973333333327,0.28562316666666737,0.0,0.0,0.5039041666666673,0.0,0.23164883333333347,0.0010098333333333025,0.0,0.19600100000000018,0.0,0.0,0.0,0.1768488333333333,0.0,0.0,0.0
300,2025-03-19T23:33:12.696886,1.1519156666666677,0.0,0.0,0.0,0.0,0.0,0.010918166666666453,0.0,0.0,0.0012614999999999896,0.3664973333333327,0.0,0.1335495000000009,0.06437516666666691,0.0,0.0,0.23164883333333347,0.0010098333333333025,0.31491933333332633,0.0,0.19004950000000068,0.0,0.2327646666666681,0.1768488333333333,0.0,0.123608666666667,0.0
300,2025-03-19T23:33:15.699786,0.0,0.00547399999999998,0.0,1.731152000000009,0.0,0.0,0.0,0.18965333333333473,0.0,0.0,0.0,0.0,0.1335495000000009,0.06437516666666691,0.0,0.4882106666666697,0.0,0.0,0.31491933333332633,0.0,0.19004950000000068,0.0,0.2327646666666681,0.0,1.2547006666666791,0.123608666666667,0.0
300,2025-03-19T23:33:18.700526,0.0,0.00547399999999998,0.1844709999999997,1.731152000000009,0.0007346666666666614,0.0,0.0,0.18965333333333473,0.0,0.0,0.0,0.0,0.0,0.0,0.0,0.4882106666666697,0.0,0.0,0.0,0.0,0.0,0.675352666666664,0.0,0.0,1.2547006666666791,0.0,0.4793523333333336
300,2025-03-19T23:33:21.700909,0.0,0.0,0.1844709999999997,0.0,0.0007346666666666614,0.0016266666666666654,0.01279850000000001,0.0,0.0,0.0,0.0,0.0,0.0,0.0,0.0,0.0,0.0,0.0,0.0,0.21444633333333488,0.11687849999999857,0.675352666666664,0.0,0.0,0.0,0.0,0.4793523333333336
300,2025-03-19T23:33:24.703799,0.0,0.0,0.0,0.0,0.0,0.0016266666666666654,0.01279850000000001,0.0,1.0069923333333388,0.0,0.2540949999999972,0.37251000000000073,0.16304166666666714,0.06851149999999963,0.5599523333333328,0.0,0.0,0.0,0.2907535000000034,0.21444633333333488,0.11687849999999857,0.0,0.13769883333333158,0.18219916666666575,0.0,0.0,0.0
300,2025-03-19T23:33:27.706709,1.3152038333333376,0.0,0.0,0.0,0.0,0.0,0.0,0.10124633333333341,1.0069923333333388,0.0013823333333333374,0.2540949999999972,0.37251000000000073,0.16304166666666714,0.06851149999999963,0.5599523333333328,0.0,0.21275950000000188,0.0011288333333333569,0.2907535000000034,0.0,0.0,0.0,0.13769883333333158,0.18219916666666575,0.0,0.09928366666666597,0.0
300,2025-03-19T23:33:30.709604,1.3152038333333376,0.004888000000000078,0.16701350000000068,0.0,0.0006458333333333456,0.0,0.0,0.10124633333333341,0.0,0.0013823333333333374,0.0,0.0,0.0,0.0,0.0,0.0,0.21275950000000188,0.0011288333333333569,0.0,0.0,0.0,0.0,0.0,0.0,0.0,0.09928366666666597,0.3982138333333344
300,2025-03-19T23:33:33.712452,0.0,0.004888000000000078,0.16701350000000068,1.6381780000000012,0.0006458333333333456,0.0010926666666666678,0.0,0.0,0.0,0.0,0.0,0.0,0.0,0.0,0.0,0.6508403333333301,0.0,0.0,0.0,0.0,0.0,0.0,0.0,0.0,1.3464936666666556,0.0,0.3982138333333344
300,2025-03-19T23:33:36.715373,0.0,0.0,0.0,1.6381780000000012,0.0,0.0010926666666666678,0.0,0.0,0.728205166666669,0.0,0.2300573333333347,0.3079878333333331,0.0,0.0,0.0,0.6508403333333301,0.1401253333333325,0.0009936666666666707,0.34059733333333503,0.2102536666666666,0.0,0.0,0.0,0.10695949999999974,1.3464936666666556,0.0,0.0
300,2025-03-19T23:33:39.716517,0.0,0.0,0.0,0.0,0.0,0.0,0.021546500000000062,0.1362683333333313,0.728205166666669,0.0,0.2300573333333347,0.3079878333333331,0.0,0.0,0.0,0.0,0.1401253333333325,0.0009936666666666707,0.34059733333333503,0.2102536666666666,0.18852733333333543,0.7533953333333396,0.0,0.10695949999999974,0.0,0.0,0.0
300,2025-03-19T23:33:42.719445,0.0,0.004871833333333224,0.1988405000000005,0.0,0.0,0.0,0.021546500000000062,0.1362683333333313,0.0,0.0,0.0,0.0,0.25104049999999967,0.08369783333333322,0.5767914999999989,0.36175866666666917,0.0,0.0,0.0,0.0,0.18852733333333543,0.7533953333333396,0.2416345000000012,0.0,0.0,0.0,0.0
300,2025-03-19T23:33:45.722315,1.244934833333332,0.004871833333333224,0.1988405000000005,0.0,0.0,0.0,0.0,0.0,0.0,0.0013769999999999987,0.0,0.0,0.25104049999999967,0.08369783333333322,0.5767914999999989,0.36175866666666917,0.0,0.0,0.0,0.1456526666666657,0.0,0.0,0.2416345000000012,0.0,0.0,0.13789683333333377,0.0
300,2025-03-19T23:33:48.724518,1.244934833333332,0.0,0.0,0.0,0.0009299999999999865,0.0012173333333333296,0.0,0.0,0.0,0.0013769999999999987,0.0,0.0,0.0,0.0,0.0,0.0,0.0,0.0,0.0,0.1456526666666657,0.0,0.0,0.0,0.0,0.0,0.13789683333333377,0.595018833333332
300,2025-03-19T23:33:51.727430,0.0,0.0,0.0,0.0,0.0009299999999999865,0.0012173333333333296,0.012097833333333105,0.10890716666666835,0.0,0.0,0.0,0.3236841666666664,0.0,0.0,0.0,0.0,0.0,0.0,0.0,0.0,0.0,0.0,0.0,0.0,1.4069559999999988,0.0,0.595018833333332
300,2025-03-19T23:33:54.730332,0.0,0.0,0.0,3.380581666666653,0.0,0.0,0.012097833333333105,0.10890716666666835,0.0,0.0009019999999999955,0.3114826666666678,0.3236841666666664,0.16140000000000046,0.0,0.0,0.0,0.0,0.0013601666666666439,0.4435541666666628,0.0,0.17852183333333235,0.0,0.15289016666666558,0.2024673333333335,1.4069559999999988,0.0,0.0
300,2025-03-19T23:33:57.733213,0.0,0.0058431666666667334,0.0,3.380581666666653,0.0,0.0,0.0,0.0,1.0743121666666584,0.0009019999999999955,0.3114826666666678,0.0,0.16140000000000046,0.0,0.0,0.568485499999999,0.23335199999999884,0.0013601666666666439,0.4435541666666628,0.0,0.17852183333333235,0.6752451666666655,0.15289016666666558,0.2024673333333335,0.0,0.0,0.0
300,2025-03-19T23:34:00.736050,1.094275666666666,0.0058431666666667334,0.2537635000000004,0.0,0.0,0.0,0.0,0.0,1.0743121666666584,0.0,0.0,0.0,0.0,0.08203366666666768,0.47606716666666676,0.568485499999999,0.23335199999999884,0.0,0.0,0.24795483333333362,0.0,0.6752451666666655,0.0,0.0,0.0,0.0,0.0
300,2025-03-19T23:34:03.738932,1.094275666666666,0.0,0.2537635000000004,0.0,0.000990500000000024,0.0,0.0,0.11448266666666504,0.0,0.0,0.2076333333333338,0.0,0.0,0.08203366666666768,0.47606716666666676,0.0,0.0,0.0,0.0,0.24795483333333362,0.0,0.0,0.13729133333333485,0.0,0.0,0.0,0.0
300,2025-03-19T23:34:06.741834,0.0,0.0,0.0,0.0,0.000990500000000024,0.0015753333333333361,0.018238666666666962,0.11448266666666504,0.0,0.0,0.2076333333333338,0.29371733333333344,0.0,0.0,0.0,0.0,0.0,0.0,0.3345858333333354,0.0,0.0,0.0,0.13729133333333485,0.0,1.3579756666666756,0.11989983333333262,0.494467499999999
300,2025-03-19T23:34:09.744683,0.0,0.0,0.0,1.2629630000000136,0.0,0.0015753333333333361,0.018238666666666962,0.0,0.7621350000000008,0.0,0.0,0.29371733333333344,0.16779383333333206,0.0,0.3372956666666672,0.0,0.0,0.0012068333333333423,0.3345858333333354,0.0,0.14835866666666678,0.0,0.0,0.0,1.3579756666666756,0.11989983333333262,0.494467499999999
300,2025-03-19T23:34:12.747567,0.7175415000000006,0.005236333333333251,0.0,1.2629630000000136,0.0,0.0,0.0,0.11083050000000111,0.7621350000000008,0.0013433333333333632,0.0,0.0,0.16779383333333206,0.0,0.3372956666666672,0.0,0.0,0.0012068333333333423,0.0,0.16567266666666572,0.14835866666666678,0.5697824999999929,0.0,0.0,0.0,0.0,0.0
300,2025-03-19T23:34:15.750439,0.7175415000000006,0.005236333333333251,0.23029733333333272,0.0,0.0,0.0,0.0,0.11083050000000111,0.0,0.0013433333333333632,0.0,0.2074614999999985,0.0,0.0,0.0,0.0,0.23458766666666742,0.0,0.0,0.16567266666666572,0.0,0.5697824999999929,0.0,0.188206000000001,0.0,0.0,0.0
300,2025-03-19T23:34:18.752454,0.0,0.0,0.23029733333333272,0.0,0.0006914999999999931,0.0,0.0,0.0,0.0,0.0,0.0,0.2074614999999985,0.0,0.09086649999999945,0.0,0.699748166666666,0.23458766666666742,0.0,0.0,0.0,0.0,0.0,0.0,0.188206000000001,0.0,0.0,0.0
300,2025-03-19T23:34:21.755301,0.7000836666666715,0.0,0.0,0.0,0.0006914999999999931,0.0,0.0,0.0,0.5969891666666741,0.0,0.3237036666666645,0.0,0.0,0.09086649999999945,0.0,0.699748166666666,0.0,0.0,0.0,0.0,0.0,0.0,0.23312283333333286,0.0,0.0,0.09095850000000047,0.5773115000000029
300,2025-03-19T23:34:24.758175,0.7000836666666715,0.004337333333333416,0.0,0.0,0.0,0.0,0.02037766666666663,0.0,0.5969891666666741,0.0,0.3237036666666645,0.0,0.0,0.0,0.44846833333333325,0.0,0.0,0.0,0.44199999999999784,0.0,0.0,0.0,0.23312283333333286,0.0,1.2713619999999917,0.09095850000000047,0.5773115000000029
300,2025-03-19T23:34:27.761055,0.0,0.004337333333333416,0.0,1.2904291666666647,0.0005458333333333195,0.0015505000000000104,0.02037766666666663,0.0,0.0,0.0,0.0,0.0,0.2597276666666678,0.0,0.44846833333333325,0.0,0.0,0.0012654999999999936,0.44199999999999784,0.0,0.22704699999999892,0.5784291666666757,0.0,0.0,1.2713619999999917,0.0,0.0
300,2025-03-19T23:34:30.763916,0.0,0.0,0.23930333333333448,1.2904291666666647,0.0005458333333333195,0.0015505000000000104,0.0,0.17810433333333248,0.0,0.0015243333333333129,0.18824750000000282,0.0,0.2597276666666678,0.06315199999999996,0.0,0.3951771666666702,0.14490983333333438,0.0012654999999999936,0.0,0.29783533333333406,0.22704699999999892,0.5784291666666757,0.0,0.0,0.0,0.062481000000000605,0.0
300,2025-03-19T23:34:33.766791,0.0,0.0,0.23930333333333448,0.0,0.0,0.0,0.010301000000000117,0.17810433333333248,0.8290238333333283,0.0015243333333333129,0.18824750000000282,0.0,0.0,0.06315199999999996,0.0,0.3951771666666702,0.14490983333333438,0.0,0.0,0.29783533333333406,0.0,0.0,0.0,0.18947566666666663,0.0,0.062481000000000605,0.0
300,2025-03-19T23:34:36.769701,0.0,0.005336999999999926,0.0,0.0,0.0,0.0,0.010301000000000117,0.0,0.8290238333333283,0.0,0.0,0.42524250000000074,0.14505166666666489,0.0,0.0,0.0,0.0,0.0,0.0,0.0,0.0,0.0,0.0,0.18947566666666663,1.0383591666666805,0.0,0.473300999999997
300,2025-03-19T23:34:39.772578,0.0,0.005336999999999926,0.0,0.8575195000000047,0.0,0.0010666666666666604,0.0,0.08700650000000111,0.0,0.0,0.0,0.42524250000000074,0.14505166666666489,0.0,0.46604950000000167,0.0,0.0,0.0,0.4455571666666648,0.0,0.0,0.0,0.0,0.0,1.0383591666666805,0.0,0.473300999999997
300,2025-03-19T23:34:42.775422,1.3801921666666603,0.0,0.0,0.8575195000000047,0.000780000000000003,0.0010666666666666604,0.0,0.08700650000000111,0.0,0.0,0.0,0.0,0.0,0.0,0.46604950000000167,0.508650499999997,0.0,0.0010589999999999953,0.4455571666666648,0.151906999999999,0.1700654999999998,0.0,0.25774316666666647,0.0,0.0,0.1061821666666667,0.0
300,2025-03-19T23:34:45.778299,1.3801921666666603,0.0,0.0,0.0,0.000780000000000003,0.0,0.0,0.0,0.0,0.0,0.0,0.0,0.0,0.0,0.0,0.508650499999997,0.20989733333333288,0.0010589999999999953,0.0,0.15190699999999893,0.1700654999999998,0.5974156666666584,0.25774316666666647,0.13092966666666686,0.8690944999999979,0.1061821666666667,0.0
300,2025-03-19T23:34:48.781134,0.0,0.004413833333333451,0.2618356666666676,0.0,0.0,0.0,0.0,0.0,0.7568330000000004,0.0015010000000000117,0.0,0.0,0.0,0.08003350000000017,0.0,0.0,0.20989733333333288,0.0,0.0,0.0,0.0,0.5974156666666584,0.0,0.13092966666666686,0.8690944999999981,0.0,0.0
300,2025-03-19T23:34:51.783993,0.6963655000000036,0.004413833333333451,0.2618356666666676,0.0,0.0,0.0,0.016762833333332953,0.0,0.7568330000000004,0.0015010000000000117,0.3502263333333294,0.0,0.0,0.08003350000000017,0.0,0.0,0.0,0.0,0.29446383333333875,0.0,0.0,0.0,0.0,0.0,0.0,0.0,0.49694516666666766
300,2025-03-19T23:34:54.784504,0.6963655000000036,0.0,0.0,2.844945499999995,0.0,0.0,0.016762833333332953,0.166081166666667,0.0,0.0,0.3502263333333294,0.4182441666666677,0.23905783333333377,0.0,0.0,0.0,0.0,0.0,0.29446383333333875,0.0,0.0,0.0,0.0,0.0,0.0,0.0807134999999993,0.49694516666666766
300,2025-03-19T23:34:57.787371,0.0,0.0,0.0,2.844945499999995,0.0,0.0016603333333333379,0.0,0.166081166666667,0.0,0.0,0.0,0.4182441666666677,0.23905783333333377,0.0,0.5210261666666678,0.0,0.0,0.0,0.0,0.0,0.19661766666666838,0.4908365000000004,0.0,0.0,0.0,0.0807134999999993,0.0
300,2025-03-19T23:35:00.790241,0.0,0.0,0.23734283333332942,0.0,0.0009736666666666506,0.0016603333333333379,0.0,0.0,0.0,0.0,0.0,0.0,0.0,0.0,0.5210261666666678,0.6087729999999995,0.0,0.0013936666666666635,0.0,0.2647000000000001,0.19661766666666838,0.4908365000000004,0.25375033333333386,0.15613533333333154,0.0,0.0,0.0
300,2025-03-19T23:35:03.793160,0.0,0.005169666666666592,0.23734283333332942,0.0,0.0009736666666666506,0.0,0.0,0.0,0.9095371666666666,0.0012256666666666807,0.0,0.0,0.0,0.06508300000000015,0.0,0.6087729999999995,0.2189704999999999,0.0013936666666666635,0.0,0.2647000000000001,0.0,0.0,0.25375033333333386,0.15613533333333154,1.461090666666659,0.0,0.0
300,2025-03-19T23:35:06.796033,1.0329599999999934,0.005169666666666592,0.0,1.019535,0.0,0.0,0.01759100000000006,0.11481400000000028,0.9095371666666666,0.0012256666666666807,0.0,0.0,0.0,0.06508300000000015,0.0,0.0,0.2189704999999999,0.0,0.0,0.0,0.0,0.0,0.0,0.0,1.461090666666659,0.0,0.0
300,2025-03-19T23:35:09.798926,1.0329599999999934,0.0,0.0,1.019535,0.0006140000000000035,0.0,0.01759100000000006,0.11481400000000028,0.0,0.0,0.32276866666667087,0.0,0.0,0.0,0.0,0.0,0.0,0.0,0.45700966666666437,0.0,0.0,0.0,0.0,0.0,0.0,0.0979000000000004,0.545326666666668
325,2025-03-19T23:36:30.193143,0.23241783333332935,0.0,0.08411916666666742,0.09429466666665577,0.0,0.001428333333333328,0.01369416666666664,0.0,0.0,0.0,0.08758416666666355,0.0,0.06458099999999926,0.01337983333333289,0.05679416666666745,0.07833316666666217,0.0,0.0011026666666666594,0.0,0.0,0.006203666666666645,0.0,0.0,0.0,0.39186566666666073,0.0,0.0
325,2025-03-19T23:36:33.196124,0.23241783333332935,0.0,0.08411916666666742,0.0,0.0,0.0,0.01369416666666664,0.0,0.0,0.0,0.08758416666666355,0.0,0.06458099999999926,0.0,0.0,0.0,0.08638433333333259,0.0011026666666666594,0.0,0.1049153333333332,0.0,0.0,0.0,0.0,0.39186566666666073,0.036327000000000005,0.22640283333333383
325,2025-03-19T23:36:36.199056,0.0,0.004671166666666634,0.0,0.0,0.0007745000000000114,0.0,0.0,0.0,0.0,0.0,0.0,0.2239004999999992,0.0,0.0,0.0,0.0,0.08638433333333259,0.0,0.0,0.1049153333333332,0.0,0.38919549999999964,0.15131149999999852,0.0,0.0,0.036327000000000005,0.22640283333333383
325,2025-03-19T23:36:39.201983,0.0,0.004671166666666634,0.0,0.0,0.0007745000000000114,0.0,0.0,0.0,0.0,0.001340000000000008,0.24109749999999985,0.2239004999999992,0.0,0.05775066666666718,0.0,0.4646405000000016,0.0,0.0008536666666666786,0.3768029999999954,0.0,0.0,0.38919549999999964,0.15131149999999852,0.13700100000000032,0.0,0.0,0.0
325,2025-03-19T23:36:42.204490,1.0197403333333266,0.0,0.0,0.0,0.0,0.001164333333333323,0.0,0.0,0.9552938333333336,0.001340000000000008,0.24109749999999985,0.0,0.0,0.05775066666666718,0.4929135000000003,0.4646405000000016,0.0,0.0008536666666666786,0.3768029999999954,0.0,0.21356999999999954,0.0,0.0,0.13700100000000032,0.0,0.0,0.3875634999999989
325,2025-03-19T23:36:45.207422,1.0197403333333266,0.0,0.0,0.0,0.0,0.001164333333333323,0.0,0.20636183333333238,0.9552938333333336,0.0,0.0,0.0,0.0,0.0,0.4929135000000003,0.0,0.0,0.0,0.0,0.2274178333333339,0.21356999999999954,0.0,0.0,0.0,0.0,0.0,0.3875634999999989
325,2025-03-19T23:36:48.208446,0.0,0.0,0.3632716666666672,1.63576683333334,0.0,0.0,0.017553000000000075,0.20636183333333238,0.0,0.0,0.0,0.0,0.24506050000000096,0.0,0.0,0.0,0.17711050000000006,0.0,0.0,0.2274178333333339,0.0,0.0,0.16030816666666683,0.0,1.5183700000000047,0.10529483333333424,0.0
325,2025-03-19T23:36:51.211379,0.0,0.0,0.3632716666666672,1.63576683333334,0.0008204999999999649,0.0,0.01755300000000008,0.0,0.0,0.0,0.0,0.32553666666666464,0.24506050000000104,0.0,0.0,0.4716743333333303,0.17711050000000012,0.0007681666666666439,0.0,0.0,0.0,0.0,0.16030816666666683,0.0,1.5183700000000047,0.10529483333333428,0.0
325,2025-03-19T23:36:54.214323,0.9567548333333398,0.006064999999999988,0.0,0.0,0.0008204999999999649,0.0,0.0,0.0,0.0,0.0,0.0,0.32553666666666464,0.0,0.0,0.4057679999999996,0.4716743333333303,0.0,0.0007681666666666439,0.36432783333333424,0.0,0.0,0.0,0.0,0.0,0.0,0.0,0.4581498333333325
325,2025-03-19T23:36:57.216515,0.9567548333333398,0.006064999999999988,0.0,0.0,0.0,0.001168166666666674,0.0,0.0,0.0,0.0014260000000000015,0.0,0.0,0.0,0.0910368333333338,0.4057679999999996,0.0,0.0,0.0,0.36432783333333424,0.0,0.2281756666666676,0.7970506666666685,0.0,0.17598200000000003,0.0,0.0,0.4581498333333325
325,2025-03-19T23:37:00.219421,0.0,0.0,0.0,0.0,0.0,0.001168166666666674,0.0,0.0,1.0800265000000027,0.0014260000000000015,0.40162016666666983,0.0,0.0,0.0910368333333338,0.0,0.0,0.0,0.0,0.0,0.0,0.2281756666666676,0.7970506666666685,0.16707199999999983,0.17598200000000003,0.0,0.0,0.0
325,2025-03-19T23:37:03.220479,0.0,0.0,0.0,0.0,0.0,0.0,0.01823100000000011,0.20332050000000143,1.0800265000000027,0.0,0.40162016666666983,0.2592309999999998,0.0,0.0,0.0,0.0,0.0,0.0,0.0,0.0,0.0,0.0,0.16707199999999983,0.0,0.0,0.0,0.0
325,2025-03-19T23:37:06.223385,0.9230416666666581,0.0,0.365313333333333,3.4883114999999902,0.0,0.0,0.01823100000000011,0.20332050000000143,0.0,0.0,0.0,0.2592309999999998,0.2846486666666669,0.0,0.0,0.508752000000006,0.22220516666666634,0.0013823333333333374,0.3229341666666699,0.29048533333333404,0.0,0.0,0.0,0.0,1.7421080000000115,0.14883249999999987,0.0
325,2025-03-19T23:37:09.226303,0.9230416666666581,0.0,0.365313333333333,3.4883114999999902,0.0,0.0,0.0,0.0,0.0,0.001079666666666664,0.0,0.0,0.2846486666666669,0.0,0.45226233333333715,0.508752000000006,0.22220516666666634,0.0013823333333333374,0.3229341666666699,0.29048533333333404,0.14439866666666748,0.0,0.0,0.15955333333333502,1.7421080000000115,0.14883249999999987,0.5389806666666697
325,2025-03-19T23:37:12.229223,0.0,0.0057616666666667395,0.0,0.0,0.0009791666666666792,0.0,0.0,0.0,0.0,0.001079666666666664,0.0,0.0,0.0,0.06866216666666604,0.45226233333333715,0.0,0.0,0.0,0.0,0.0,0.14439866666666748,0.5265456666666638,0.0,0.15955333333333502,0.0,0.0,0.5389806666666697
325,2025-03-19T23:37:15.232120,0.0,0.0057616666666667395,0.0,0.0,0.0009791666666666792,0.00139599999999999,0.0,0.0,1.059018333333332,0.0,0.3399254999999973,0.0,0.0,0.06866216666666604,0.0,0.0,0.0,0.0,0.0,0.0,0.0,0.5265456666666638,0.202758333333333,0.0,0.0,0.0,0.0
325,2025-03-19T23:37:18.235117,0.0,0.0,0.26160966666666735,0.0,0.0,0.00139599999999999,0.0,0.2164036666666647,1.059018333333332,0.0,0.3399254999999973,0.0,0.0,0.0,0.0,0.5099239999999934,0.0,0.0,0.3275063333333322,0.0,0.0,0.0,0.202758333333333,0.0,0.0,0.0,0.0
325,2025-03-19T23:37:21.238023,1.2152033333333445,0.0,0.26160966666666735,1.499440833333343,0.0,0.0,0.0,0.2164036666666647,0.0,0.0,0.0,0.3438868333333337,0.18693383333333222,0.0,0.0,0.5099239999999934,0.0,0.0,0.3275063333333322,0.0,0.0,0.0,0.0,0.0,0.0,0.08972366666666669,0.0
325,2025-03-19T23:37:24.240943,1.2152033333333445,0.0,0.0,1.499440833333343,0.0,0.0,0.02086233333333294,0.0,0.0,0.0010075000000000132,0.0,0.3438868333333336,0.18693383333333216,0.0,0.5341708333333297,0.0,0.21727016666666776,0.0013144999999999964,0.0,0.31018833333333384,0.0,0.44843000000000177,0.0,0.0,1.4749415000000001,0.08972366666666666,0.0
325,2025-03-19T23:37:27.241673,0.0,0.006322833333333241,0.0,0.0,0.0007821666666666764,0.0,0.02086233333333294,0.0,0.7098301666666674,0.0010075000000000132,0.0,0.0,0.0,0.07471316666666658,0.5341708333333297,0.0,0.21727016666666776,0.0013144999999999964,0.0,0.31018833333333384,0.2741826666666659,0.44843000000000177,0.0,0.21153116666666472,1.4749415000000001,0.0,0.605207166666664
325,2025-03-19T23:37:30.244583,0.0,0.006322833333333241,0.0,0.0,0.0007821666666666764,0.001200166666666669,0.0,0.0,0.7098301666666677,0.0,0.0,0.0,0.0,0.07471316666666658,0.0,0.47077250000000015,0.0,0.0,0.0,0.0,0.2741826666666659,0.0,0.2452465000000004,0.21153116666666472,0.0,0.0,0.605207166666664
325,2025-03-19T23:37:33.247524,0.0,0.0,0.0,0.0,0.0,0.001200166666666669,0.0,0.15505016666666668,0.0,0.0,0.3456685000000022,0.0,0.0,0.0,0.0,0.47077250000000015,0.0,0.0,0.0,0.0,0.0,0.0,0.2452465000000004,0.0,0.0,0.0,0.0
325,2025-03-19T23:37:36.250435,0.0,0.0,0.34054966666666553,0.0,0.0,0.0,0.0,0.15505016666666668,0.0,0.0009703333333333324,0.3456685000000022,0.0,0.24697416666666785,0.0,0.0,0.0,0.0,0.0010171666666666617,0.5003418333333325,0.0,0.0,0.0,0.0,0.0,0.0,0.10954399999999966,0.0
325,2025-03-19T23:37:39.252514,1.3623624999999986,0.0,0.34054966666666553,1.495676500000002,0.0,0.0,0.015380166666666641,0.0,0.0,0.0009703333333333324,0.0,0.40145133333333644,0.24697416666666785,0.0648311666666667,0.0,0.0,0.21635266666666556,0.0010171666666666617,0.5003418333333325,0.0,0.0,0.5711158333333326,0.0,0.11600400000000141,0.0,0.10954399999999966,0.5220533333333323
325,2025-03-19T23:37:42.255410,1.3623624999999986,0.0,0.0,1.495676500000002,0.0,0.0,0.015380166666666641,0.0,0.0,0.0,0.0,0.40145133333333644,0.0,0.0648311666666667,0.0,0.4315353333333387,0.21635266666666556,0.0,0.0,0.0,0.0,0.5711158333333326,0.0,0.11600400000000141,1.8405353333333212,0.0,0.5220533333333323
325,2025-03-19T23:37:45.258353,0.0,0.0,0.0,0.0,0.0,0.0,0.0,0.0,1.1476196666666663,0.0,0.26243416666666525,0.0,0.0,0.0,0.6288210000000022,0.4315353333333387,0.0,0.0,0.30447916666667163,0.30749499999999824,0.26950633333333235,0.0,0.0,0.0,1.8405353333333212,0.0,0.0
325,2025-03-19T23:37:48.261279,0.0,0.007349333333333431,0.0,0.0,0.0009090000000000118,0.0015701666666666874,0.01195200000000026,0.0,1.1476196666666663,0.0,0.26243416666666525,0.0,0.0,0.0,0.6288210000000022,0.0,0.0,0.0,0.30447916666667163,0.30749499999999824,0.26950633333333235,0.0,0.2295034999999999,0.0,0.0,0.0,0.0
325,2025-03-19T23:37:51.264143,1.1077911666666675,0.007349333333333431,0.0,0.0,0.0009090000000000118,0.0015701666666666874,0.01195200000000026,0.22950433333333348,0.0,0.0,0.0,0.25731016666666545,0.18577816666666538,0.0,0.0,0.0,0.0,0.0009996666666666951,0.0,0.0,0.0,0.0,0.2295034999999999,0.0,0.0,0.0,0.0
325,2025-03-19T23:37:54.264531,1.1077911666666675,0.0,0.3596514999999983,0.0,0.0,0.0,0.0,0.22950433333333348,0.0,0.0014721666666666449,0.0,0.25731016666666545,0.18577816666666538,0.07611566666666648,0.0,0.0,0.18620483333333485,0.0009996666666666951,0.0,0.0,0.0,0.6506726666666605,0.0,0.18539549999999852,0.0,0.0,0.0
325,2025-03-19T23:37:57.267453,0.0,0.0,0.3596514999999983,1.6889384999999875,0.0004808333333333008,0.0,0.0,0.0,0.0,0.0014721666666666449,0.0,0.0,0.0,0.07611566666666648,0.0,0.6662849999999974,0.18620483333333485,0.0,0.26896466666666663,0.0,0.0,0.6506726666666605,0.0,0.18539549999999852,0.0,0.11592516666666698,0.0
325,2025-03-19T23:38:00.270345,0.0,0.004864833333333282,0.0,1.6889384999999875,0.0004808333333333008,0.0,0.0,0.0,0.0,0.0,0.28715316666666507,0.0,0.0,0.0,0.0,0.6662849999999974,0.0,0.0,0.26896466666666663,0.27709366666666807,0.1939446666666669,0.0,0.0,0.0,1.650289833333337,0.11592516666666698,0.6768046666666693
325,2025-03-19T23:38:03.273285,0.0,0.004864833333333282,0.0,0.0,0.0,0.0,0.0,0.0,1.2279671666666636,0.0,0.28715316666666507,0.2436999999999993,0.18574800000000144,0.0,0.5711885000000005,0.0,0.0,0.0011064999999999734,0.0,0.27709366666666807,0.1939446666666669,0.0,0.22145766666666827,0.0,1.650289833333337,0.0,0.6768046666666693
325,2025-03-19T23:38:06.276175,0.0,0.0,0.0,0.0,0.0,0.0,0.0,0.0,1.2279671666666636,0.0,0.0,0.2436999999999993,0.18574800000000144,0.0,0.5711885000000005,0.0,0.0,0.0011064999999999734,0.0,0.0,0.0,0.36912516666667256,0.22145766666666827,0.0,0.0,0.10183383333333278,0.0
325,2025-03-19T23:38:09.276518,1.216797333333337,0.0,0.0,2.856475000000008,0.000527833333333357,0.0014926666666666608,0.021303166666666467,0.0,0.0,0.0012505000000000064,0.0,0.0,0.0,0.07635866666666759,0.0,0.0,0.17077583333333263,0.0,0.0,0.0,0.0,0.36912516666667256,0.0,0.0,0.0,0.10183383333333278,0.0
325,2025-03-19T23:38:12.279421,1.216797333333337,0.0,0.29661483333333655,2.856475000000008,0.000527833333333357,0.0014926666666666608,0.021303166666666467,0.24354250000000144,0.0,0.0012505000000000064,0.0,0.0,0.0,0.07635866666666759,0.3363214999999969,0.0,0.17077583333333263,0.0,0.45646433333333414,0.0,0.20829566666666705,0.0,0.0,0.1826133333333336,0.0,0.0,0.0
325,2025-03-19T23:38:15.282311,0.0,0.005916499999999955,0.29661483333333655,0.0,0.0,0.0,0.0,0.24354250000000144,0.0,0.0,0.32900883333333303,0.0,0.17483516666666551,0.0,0.3363214999999969,0.0,0.0,0.0,0.45646433333333414,0.22168866666666534,0.20829566666666705,0.0,0.18177249999999864,0.1826133333333336,1.2641600000000042,0.0,0.6387778333333359
325,2025-03-19T23:38:18.285169,0.0,0.005916499999999955,0.0,0.0,0.0,0.0,0.011101833333333627,0.0,0.0,0.0,0.32900883333333303,0.3592975000000015,0.17483516666666551,0.0,0.0,0.7050181666666713,0.0,0.0010828333333333293,0.0,0.22168866666666534,0.0,0.0,0.18177249999999864,0.0,1.2641600000000042,0.0,0.6387778333333359
325,2025-03-19T23:38:21.288068,1.000545999999986,0.0,0.0,0.9102286666666639,0.0,0.0,0.011101833333333627,0.0,0.0,0.0010331666666666777,0.0,0.3592975000000015,0.0,0.0,0.0,0.7050181666666713,0.16645833333333354,0.0010828333333333293,0.0,0.0,0.0,0.0,0.0,0.0,0.0,0.0,0.0
325,2025-03-19T23:38:24.290928,1.000545999999986,0.0,0.24344683333333234,0.9102286666666639,0.0,0.0012469999999999983,0.0,0.0,1.2305304999999958,0.0010331666666666777,0.0,0.0,0.0,0.0,0.0,0.0,0.16645833333333354,0.0,0.0,0.0,0.0,0.7107509999999972,0.0,0.0,0.0,0.1207660000000009,0.0
325,2025-03-19T23:38:27.293801,0.0,0.0,0.24344683333333234,0.0,0.0009358333333333211,0.0012469999999999983,0.0,0.1789321666666671,1.2305304999999958,0.0,0.21941283333333675,0.0,0.0,0.0954139999999993,0.0,0.42574616666666054,0.0,0.0,0.0,0.0,0.2229171666666664,0.7107509999999972,0.17344200000000146,0.181134333333335,0.9033958333333394,0.1207660000000009,0.0
325,2025-03-19T23:38:30.296526,0.0,0.004558999999999981,0.0,0.0,0.0009358333333333211,0.0,0.0,0.1789321666666671,0.0,0.0,0.21941283333333675,0.0,0.0,0.0954139999999993,0.5236356666666685,0.42574616666666054,0.0,0.0008811666666666738,0.4594366666666664,0.0,0.2229171666666664,0.0,0.17344200000000146,0.181134333333335,0.9033958333333394,0.0,0.0
325,2025-03-19T23:38:33.299377,0.9452396666666801,0.004558999999999981,0.0,0.0,0.0,0.0,0.0,0.0,0.0,0.0,0.0,0.3368763333333315,0.27323650000000066,0.0,0.5236356666666685,0.0,0.17922616666666616,0.0008811666666666738,0.4594366666666664,0.2883708333333341,0.0,0.0,0.0,0.0,0.0,0.0,0.0
325,2025-03-19T23:38:36.302282,0.9452396666666801,0.0,0.0,0.0,0.0,0.0,0.020992166666666517,0.0,0.8096488333333413,0.001127999999999981,0.0,0.3368763333333315,0.27323650000000066,0.0,0.0,0.0,0.17922616666666616,0.0,0.0,0.2883708333333341,0.0,0.0,0.0,0.0,0.0,0.0,0.6880291666666666
325,2025-03-19T23:38:39.305187,0.0,0.0,0.0,1.6139195000000088,0.0,0.0011738333333333186,0.020992166666666517,0.0,0.8096488333333413,0.001127999999999981,0.0,0.0,0.0,0.0,0.0,0.0,0.0,0.0,0.0,0.0,0.0,0.5794701666666716,0.0,0.11671299999999957,1.1105488333333258,0.0,0.6880291666666666
325,2025-03-19T23:38:42.308059,0.0,0.0,0.3498646666666664,1.6139195000000088,0.000724000000000021,0.0011738333333333186,0.0,0.194631166666665,0.0,0.0,0.0,0.0,0.0,0.0,0.0,0.5447733333333342,0.0,0.0010170000000000088,0.0,0.17565649999999997,0.18618083333333385,0.5794701666666716,0.24023949999999894,0.11671299999999957,1.1105488333333258,0.11564616666666677,0.0
325,2025-03-19T23:38:45.310986,0.0,0.0,0.3498646666666664,0.0,0.000724000000000021,0.0,0.0,0.194631166666665,0.0,0.0,0.36402899999999744,0.2537619999999995,0.0,0.08724300000000086,0.0,0.5447733333333342,0.1296079999999999,0.0010170000000000088,0.0,0.17565649999999997,0.18618083333333385,0.0,0.24023949999999894,0.0,0.0,0.11564616666666677,0.0
325,2025-03-19T23:38:48.312520,0.0,0.007138833333333466,0.0,0.0,0.0,0.0,0.0,0.0,0.0,0.0011015000000000146,0.36402899999999744,0.2537619999999995,0.2136809999999988,0.08724300000000086,0.0,0.0,0.1296079999999999,0.0,0.5055123333333332,0.0,0.0,0.0,0.0,0.0,0.0,0.0,0.0
325,2025-03-19T23:38:51.315385,1.513328333333334,0.007138833333333466,0.0,0.0,0.0,0.0009558333333333411,0.014062500000000238,0.12885466666666665,0.0,0.0011015000000000146,0.0,0.0,0.2136809999999988,0.0,0.6532851666666678,0.42246849999999847,0.0,0.0,0.5055123333333332,0.0,0.0,0.38993616666666264,0.0,0.0,1.0889505000000101,0.0,0.0
325,2025-03-19T23:38:54.318238,1.513328333333334,0.0,0.2752631666666664,0.0,0.0,0.0009558333333333411,0.014062500000000238,0.12885466666666665,1.116875333333326,0.0,0.0,0.0,0.0,0.0,0.6532851666666678,0.42246849999999847,0.0,0.0,0.0,0.0,0.0,0.38993616666666264,0.0,0.0,1.0889505000000101,0.0,0.7113999999999977
325,2025-03-19T23:38:57.320510,0.0,0.003860999999999967,0.2752631666666664,1.4408354999999917,0.0,0.0,0.0,0.0,1.116875333333326,0.0,0.30014650000000154,0.0,0.0,0.056480499999999274,0.0,0.0,0.18073966666666766,0.0011295000000000057,0.0,0.0,0.2350681666666669,0.0,0.20191066666666777,0.19102066666666676,0.0,0.08949900000000001,0.7113999999999977
325,2025-03-19T23:39:00.323422,0.0,0.003860999999999967,0.0,1.4408354999999917,0.0008475000000000011,0.0,0.0,0.0,0.0,0.0,0.30014650000000154,0.0,0.0,0.056480499999999274,0.0,0.0,0.18073966666666766,0.0011295000000000057,0.0,0.279745833333332,0.2350681666666669,0.48924199999999973,0.20191066666666777,0.19102066666666676,0.0,0.08949900000000001,0.0
325,2025-03-19T23:39:03.326324,0.0,0.0,0.0,0.0,0.0008475000000000011,0.000944000000000019,0.0,0.0,0.0,0.0012074999999999911,0.0,0.39223050000000137,0.20124833333333453,0.0,0.0,0.39668216666667416,0.0,0.0,0.0,0.279745833333332,0.0,0.48924199999999973,0.0,0.0,0.0,0.0,0.0
325,2025-03-19T23:39:06.329192,0.0,0.0,0.0,0.8233221666666661,0.0,0.000944000000000019,0.0,0.18080050000000134,0.0,0.0012074999999999911,0.0,0.39223050000000137,0.20124833333333453,0.0,0.0,0.39668216666667416,0.0,0.0,0.0,0.0,0.0,0.0,0.0,0.0,1.2200351666666622,0.0,0.0
325,2025-03-19T23:39:09.332059,1.5023448333333251,0.0,0.0,0.8233221666666661,0.0,0.0,0.020451666666666316,0.18080050000000134,0.0,0.0,0.0,0.0,0.0,0.0,0.5675291666666643,0.0,0.0,0.0,0.519237333333327,0.0,0.16616483333333323,0.0,0.0,0.14082100000000017,1.2200351666666622,0.0,0.0
325,2025-03-19T23:39:12.332484,1.5023448333333251,0.0,0.0,0.0,0.0,0.0,0.020451666666666316,0.0,0.0,0.0,0.0,0.0,0.0,0.07655416666666663,0.5675291666666643,0.0,0.1838855,0.0012776666666666585,0.519237333333327,0.17249550000000133,0.16616483333333323,0.0,0.0,0.14082100000000017,0.0,0.0,0.0
325,2025-03-19T23:39:15.335360,0.0,0.005989833333333323,0.3540801666666672,0.0,0.0,0.0,0.0,0.0,1.2353209999999992,0.0,0.0,0.0,0.0,0.0765541666666666,0.0,0.0,0.1838855,0.0012776666666666585,0.0,0.17249550000000127,0.0,0.0,0.2683789999999983,0.0,0.0,0.1407444999999991,0.7185691666666684
325,2025-03-19T23:39:18.336516,0.0,0.0059898333333333244,0.3540801666666672,0.0,0.0009506666666666553,0.0,0.0,0.132012166666667,1.2353209999999992,0.0011251666666666957,0.39767616666666566,0.0,0.0,0.0,0.0,0.5599839999999954,0.0,0.0,0.0,0.0,0.0,0.5862996666666713,0.2683789999999983,0.11339599999999925,1.2738356666666657,0.1407444999999991,0.7185691666666686
325,2025-03-19T23:39:21.339400,0.0,0.0,0.0,2.956594666666661,0.0009506666666666553,0.0013253333333333266,0.0,0.132012166666667,0.0,0.0011251666666666957,0.39767616666666566,0.39247833333333426,0.2601929999999987,0.0,0.0,0.5599839999999954,0.0,0.0,0.0,0.0,0.18067500000000083,0.5862996666666713,0.0,0.11339599999999925,1.2738356666666657,0.0,0.0
350,2025-03-19T23:40:42.012517,0.0,0.0,0.0,0.04370966666666239,0.0,0.0,0.019550333333333118,0.0,0.0,0.0,0.0,0.0,0.08360716666666691,0.0,0.032675000000002306,0.07479616666666782,0.0,0.0,0.0,0.0,0.0,0.0,0.0,0.010781166666665362,0.29742466666668105,0.013500833333332928,0.0
350,2025-03-19T23:40:45.015486,0.63517299999999,0.0,0.10002933333333412,0.0,0.0009749999999999852,0.0,0.0,0.0,0.0,0.0,0.0,0.0,0.08360716666666691,0.0,0.0,0.0,0.0,0.0,0.0,0.0,0.0,0.0,0.11756316666666797,0.0,0.0,0.0,0.0
350,2025-03-19T23:40:48.016519,0.63517299999999,0.0063083333333332865,0.10002933333333412,0.0,0.0009749999999999852,0.0,0.010556000000000529,0.12523066666666696,0.0,0.0,0.244238333333333,0.22122116666666616,0.0,0.0,0.0,0.0,0.0,0.0013064999999999884,0.37919883333333365,0.0,0.1309066666666657,0.0,0.11756316666666797,0.0,0.0,0.0,0.0
350,2025-03-19T23:40:51.019459,0.0,0.0063083333333332865,0.0,1.0407748333333304,0.0,0.0,0.010556000000000529,0.12523066666666696,0.0,0.0013493333333333137,0.244238333333333,0.22122116666666616,0.0,0.07536150000000083,0.0,0.0,0.173211666666667,0.0013064999999999884,0.37919883333333365,0.2133480000000011,0.1309066666666657,0.49633866666666415,0.0,0.13442483333333402,0.0,0.11850166666666696,0.0
350,2025-03-19T23:40:54.022379,0.0,0.0,0.0,1.0407748333333304,0.0,0.0013311666666666613,0.0,0.0,1.075805833333315,0.0013493333333333137,0.0,0.0,0.18631600000000031,0.07536150000000083,0.5781196666666613,0.5781698333333339,0.173211666666667,0.0,0.0,0.2133480000000011,0.0,0.49633866666666415,0.0,0.13442483333333402,1.4120179999999893,0.11850166666666696,0.5993071666666671
350,2025-03-19T23:40:57.025301,0.0,0.004145333333333371,0.0,0.0,0.0,0.0013311666666666608,0.0,0.0,1.075805833333315,0.0,0.0,0.0,0.18631600000000031,0.0,0.578119666666661,0.5781698333333339,0.0,0.0,0.0,0.0,0.0,0.0,0.16129666666666512,0.0,1.412017999999989,0.0,0.5993071666666668
350,2025-03-19T23:41:00.028216,1.1649265000000166,0.0041453333333333715,0.34345700000000084,0.0,0.0006206666666666768,0.0,0.0,0.0,0.0,0.0008051666666666717,0.0,0.2941276666666682,0.0,0.05592033333333291,0.0,0.0,0.0,0.0,0.0,0.0,0.0,0.0,0.16129666666666512,0.1350811666666682,0.0,0.0,0.0
350,2025-03-19T23:41:03.031143,1.1649265000000166,0.0,0.34345700000000084,1.246291500000003,0.0006206666666666768,0.0,0.013280999999999803,0.20319349999999997,0.0,0.0008051666666666717,0.30948883333333305,0.2941276666666682,0.0,0.05592033333333291,0.0,0.0,0.0,0.0014168333333333118,0.0,0.0,0.0,0.4630086666666671,0.0,0.1350811666666682,1.034179833333345,0.0,0.0
350,2025-03-19T23:41:06.034025,0.0,0.0,0.0,1.246291500000003,0.0,0.0,0.013280999999999803,0.20319349999999997,0.0,0.0,0.30948883333333305,0.0,0.16776766666666515,0.0,0.0,0.0,0.22983816666666715,0.0014168333333333118,0.0,0.2891471666666661,0.2941945000000009,0.4630086666666671,0.0,0.0,1.034179833333345,0.10203033333333286,0.0
350,2025-03-19T23:41:09.036517,0.0,0.003965666666666609,0.0,0.0,0.0,0.0,0.0,0.0,0.0,0.0,0.0,0.0,0.16776766666666515,0.0,0.0,0.6715223333333332,0.22983816666666715,0.0,0.5705489999999999,0.2891471666666661,0.2941945000000009,0.0,0.20885049999999933,0.0,0.0,0.10203033333333286,0.461672333333335
350,2025-03-19T23:41:12.039428,1.1121258333333233,0.003965666666666609,0.0,0.0,0.0,0.0012754999999999852,0.0,0.0,1.151357166666685,0.0,0.0,0.0,0.0,0.06120183333333293,0.0,0.6715223333333332,0.0,0.0,0.5705489999999999,0.0,0.0,0.4787288333333398,0.20885049999999933,0.0,0.0,0.0,0.461672333333335
350,2025-03-19T23:41:15.042343,1.1121258333333233,0.0,0.0,2.6734790000000053,0.000659999999999994,0.0012754999999999852,0.014608833333333258,0.0,1.151357166666685,0.0,0.24361599999999822,0.0,0.0,0.06120183333333293,0.6643275000000036,0.0,0.0,0.0,0.0,0.0,0.0,0.4787288333333398,0.0,0.16302699999999962,0.0,0.0,0.0
350,2025-03-19T23:41:18.045266,0.0,0.0,0.39436416666666696,2.6734790000000053,0.000659999999999994,0.0,0.014608833333333258,0.1690380000000005,0.0,0.0,0.24361599999999822,0.43257699999999966,0.0,0.0,0.6643275000000036,0.426276333333334,0.0,0.0,0.0,0.0,0.0,0.0,0.0,0.16302699999999962,1.4604493333333344,0.0,0.0
350,2025-03-19T23:41:21.048170,0.0,0.0,0.39436416666666696,0.0,0.0,0.0,0.0,0.1690380000000005,0.0,0.0015171666666666808,0.0,0.43257699999999966,0.0,0.0,0.0,0.426276333333334,0.18103833333333344,0.00126350000000001,0.3422110000000013,0.0,0.21949233333333262,0.0,0.0,0.0,1.4604493333333344,0.09576950000000059,0.41938550000000424
350,2025-03-19T23:41:24.048514,0.0,0.005664666666666652,0.0,0.0,0.0,0.0010543333333333424,0.0,0.0,0.0,0.0015171666666666808,0.0,0.0,0.26457249999999993,0.0,0.0,0.0,0.18103833333333344,0.00126350000000001,0.3422110000000013,0.30168599999999896,0.21949233333333262,0.0,0.22431783333333521,0.0,0.0,0.09576950000000059,0.41938550000000424
350,2025-03-19T23:41:27.051389,0.0,0.005664666666666652,0.0,0.0,0.0,0.0010543333333333424,0.012960166666666478,0.0,0.0,0.0,0.0,0.0,0.26457249999999993,0.07635716666666663,0.0,0.0,0.0,0.0,0.0,0.30168599999999896,0.0,0.6338304999999973,0.22431783333333521,0.16240950000000018,0.0,0.0,0.0
350,2025-03-19T23:41:30.052523,1.457972666666668,0.0,0.0,1.3119996666666605,0.0,0.0,0.012960166666666478,0.0,1.0395893333333297,0.0,0.41139649999999983,0.0,0.0,0.07635716666666663,0.0,0.0,0.0,0.0007890000000000027,0.0,0.0,0.0,0.6338304999999973,0.0,0.16240950000000018,1.3228563333333343,0.0,0.0
350,2025-03-19T23:41:33.055146,1.457972666666668,0.0,0.3331649999999987,1.3119996666666605,0.0008406666666666749,0.0,0.0,0.20489566666666786,1.0395893333333297,0.0,0.41139649999999983,0.0,0.0,0.0,0.6492385000000052,0.0,0.0,0.0007890000000000027,0.0,0.0,0.0,0.0,0.0,0.0,1.3228563333333343,0.08189066666666635,0.0
350,2025-03-19T23:41:36.058063,0.0,0.005094500000000076,0.3331649999999987,0.0,0.0008406666666666749,0.0,0.0,0.20489566666666786,0.0,0.0,0.0,0.4198958333333328,0.0,0.0,0.6492385000000052,0.0,0.21241366666666534,0.0,0.41124583333332987,0.0,0.0,0.0,0.0,0.0,0.0,0.08189066666666635,0.0
350,2025-03-19T23:41:39.060968,0.0,0.005094500000000076,0.0,0.0,0.0,0.0,0.013392500000000142,0.0,0.0,0.0014661666666666575,0.0,0.4198958333333328,0.2639748333333335,0.0,0.0,0.8589015000000019,0.21241366666666534,0.0008448333333333318,0.41124583333332987,0.28709033333333406,0.2981430000000008,0.0,0.0,0.13949933333333323,0.0,0.0,0.642376333333336
350,2025-03-19T23:41:42.063871,0.0,0.0,0.0,0.0,0.0,0.0012253333333333376,0.013392500000000142,0.0,0.8043553333333194,0.0014661666666666575,0.0,0.0,0.2639748333333335,0.08896650000000032,0.0,0.8589015000000019,0.0,0.0008448333333333318,0.0,0.28709033333333406,0.2981430000000008,0.5916096666666705,0.29359433333333135,0.13949933333333323,0.0,0.0,0.642376333333336
350,2025-03-19T23:41:45.066781,1.5126950000000081,0.0,0.270403833333333,0.0,0.00047366666666666857,0.0012253333333333376,0.0,0.0,0.8043553333333194,0.0,0.28976783333333367,0.2422980000000005,0.0,0.08896650000000032,0.3770551666666601,0.0,0.0,0.0,0.3169615000000003,0.0,0.0,0.5916096666666705,0.29359433333333135,0.0,1.336241166666658,0.12207816666666699,0.0
350,2025-03-19T23:41:48.068526,1.5126950000000081,0.0,0.270403833333333,1.8688254999999954,0.00047366666666666857,0.0,0.0,0.20626849999999783,0.0,0.0,0.28976783333333367,0.2422980000000005,0.0,0.0,0.3770551666666601,0.0,0.0,0.0,0.3169615000000003,0.0,0.0,0.0,0.0,0.0,1.336241166666658,0.12207816666666699,0.0
350,2025-03-19T23:41:51.071361,0.0,0.004829666666666585,0.0,1.8688254999999954,0.0,0.0,0.0,0.20626849999999783,0.0,0.0,0.0,0.0,0.18872483333333182,0.0,0.0,0.0,0.23644483333333238,0.0,0.0,0.22041649999999893,0.0,0.0,0.17044733333333303,0.0,0.0,0.0,0.0
350,2025-03-19T23:41:54.074279,0.0,0.004829666666666585,0.0,0.0,0.0,0.0010824999999999865,0.0,0.0,0.0,0.0009980000000000175,0.0,0.0,0.18872483333333182,0.0,0.37196683333333647,0.0,0.23644483333333238,0.0,0.0,0.22041649999999893,0.20160316666666728,0.0,0.17044733333333303,0.0,0.0,0.0,0.48300733333332846
350,2025-03-19T23:41:57.076515,0.0,0.0,0.0,0.0,0.0004663333333333464,0.0010824999999999865,0.018226333333333383,0.0,0.0,0.0009980000000000175,0.3539536666666692,0.0,0.0,0.0,0.37196683333333647,0.7716756666666716,0.0,0.0,0.3030771666666681,0.0,0.20160316666666728,0.0,0.0,0.23482866666666527,0.0,0.0,0.48300733333332846
350,2025-03-19T23:42:00.079452,0.0,0.0038216666666667605,0.0,0.0,0.0004663333333333464,0.0,0.01822633333333338,0.14339966666666729,1.2406831666666749,0.0,0.3539536666666692,0.3747201666666673,0.0,0.09350999999999962,0.0,0.7716756666666714,0.0,0.001623333333333347,0.3030771666666681,0.0,0.0,0.7402363333333329,0.0,0.23482866666666527,1.575981666666659,0.08603866666666703,0.0
350,2025-03-19T23:42:03.082354,0.0,0.0038216666666667605,0.3646675000000007,1.1841790000000099,0.0,0.0,0.0,0.14339966666666729,1.2406831666666753,0.0,0.0,0.3747201666666674,0.0,0.09350999999999962,0.0,0.0,0.1668633333333342,0.001623333333333347,0.0,0.0,0.16083466666666626,0.7402363333333332,0.0,0.0,1.575981666666659,0.08603866666666705,0.0
350,2025-03-19T23:42:06.084505,1.5884323333333252,0.0,0.3646675000000007,1.1841790000000099,0.00043699999999998373,0.00077983333333335,0.0,0.0,0.0,0.001015499999999984,0.0,0.0,0.0,0.0,0.0,0.0,0.1668633333333342,0.0,0.0,0.0,0.16083466666666626,0.0,0.0,0.0,0.0,0.0,0.0
350,2025-03-19T23:42:09.087412,1.5884323333333252,0.0,0.0,0.0,0.00043699999999998373,0.00077983333333335,0.0,0.0,0.0,0.001015499999999984,0.0,0.0,0.0,0.0,0.0,0.0,0.0,0.0,0.40112283333333687,0.3292493333333369,0.0,0.0,0.2573886666666662,0.0,0.0,0.0,0.0
350,2025-03-19T23:42:12.090334,0.0,0.0,0.0,0.0,0.0,0.0,0.01864266666666659,0.0,0.656977333333335,0.0,0.0,0.0,0.3111366666666698,0.06633183333333412,0.6056711666666673,0.6010551666666591,0.0,0.0008733333333333186,0.40112283333333687,0.3292493333333369,0.0,0.0,0.2573886666666662,0.1921645000000017,0.0,0.0,0.6393306666666662
350,2025-03-19T23:42:15.093223,0.0,0.0052726666666666295,0.0,0.0,0.0,0.0,0.01864266666666659,0.0,0.656977333333335,0.0,0.0,0.0,0.3111366666666698,0.06633183333333412,0.6056711666666673,0.6010551666666591,0.0,0.0008733333333333186,0.0,0.0,0.17614833333333263,0.7128864999999963,0.0,0.1921645000000017,0.0,0.11189333333333215,0.6393306666666662
350,2025-03-19T23:42:18.094197,0.0,0.0052726666666666295,0.0,0.0,0.0,0.0,0.0,0.23854266666666749,0.0,0.0,0.4219069999999998,0.40337733333333387,0.0,0.0,0.0,0.0,0.0,0.0,0.0,0.0,0.17614833333333263,0.7128864999999963,0.0,0.0,1.6813460000000005,0.11189333333333215,0.0
350,2025-03-19T23:42:21.094860,1.4132343333333401,0.0,0.4242073333333328,3.3548969999999945,0.0,0.0,0.0,0.23854266666666749,0.0,0.0011093333333333326,0.4219069999999998,0.40337733333333387,0.0,0.0,0.0,0.0,0.22316783333333257,0.0009016666666666896,0.33471183333332993,0.0,0.0,0.0,0.2300003333333365,0.0,1.6813460000000005,0.0,0.37723033333332984
350,2025-03-19T23:42:24.096482,1.4132343333333401,0.0,0.4242073333333328,3.3548969999999945,0.0007420000000000205,0.0015311666666666392,0.0,0.0,0.8007456666666714,0.0011093333333333326,0.0,0.0,0.0,0.0,0.0,0.0,0.22316783333333257,0.0009016666666666896,0.33471183333332993,0.2859869999999963,0.0,0.0,0.2300003333333365,0.15000399999999797,0.0,0.0,0.37723033333332984
350,2025-03-19T23:42:27.099517,0.0,0.0053210000000000575,0.0,0.0,0.0007420000000000205,0.0015311666666666392,0.016142500000000247,0.14656749999999857,0.8007456666666714,0.0,0.0,0.0,0.2058333333333309,0.0,0.0,0.6573098333333387,0.0,0.0,0.0,0.2859869999999963,0.18344533333333385,0.0,0.0,0.15000399999999797,0.0,0.08406666666666733,0.0
350,2025-03-19T23:42:30.100516,0.0,0.0053210000000000575,0.0,0.0,0.0,0.0,0.016142500000000247,0.14656749999999857,0.0,0.0,0.0,0.0,0.2058333333333309,0.09523633333333356,0.6290193333333322,0.6573098333333387,0.0,0.0,0.0,0.0,0.18344533333333385,0.0,0.0,0.0,1.277472000000008,0.08406666666666733,0.0
350,2025-03-19T23:42:33.103416,0.0,0.0,0.30698099999999806,0.0,0.0,0.0,0.0,0.0,0.0,0.0009713333333333242,0.0,0.4225438333333311,0.0,0.09523633333333356,0.6290193333333322,0.0,0.1850968333333351,0.0010329999999999877,0.0,0.0,0.0,0.7017766666666698,0.18552583333333436,0.0,1.277472000000008,0.0,0.0
350,2025-03-19T23:42:36.106315,1.4203968333333328,0.0,0.30698099999999806,0.0,0.0005738333333333105,0.0,0.0,0.0,0.0,0.0009713333333333242,0.4130333333333312,0.4225438333333311,0.0,0.0,0.0,0.0,0.1850968333333351,0.0010329999999999877,0.0,0.0,0.17130966666666583,0.7017766666666698,0.18552583333333436,0.0,0.0,0.0,0.5542020000000037
350,2025-03-19T23:42:39.109219,1.4203968333333328,0.0,0.0,1.9445051666666588,0.0005738333333333105,0.0,0.0,0.15008466666666703,0.9714893333333332,0.0,0.4130333333333312,0.0,0.23499799999999976,0.06276799999999957,0.0,0.0,0.0,0.0,0.527931833333336,0.0,0.17130966666666583,0.0,0.0,0.0,0.0,0.07227500000000002,0.5542020000000037
350,2025-03-19T23:42:42.112148,0.0,0.0,0.0,1.9445051666666588,0.0,0.0012731666666666956,0.014661499999999588,0.15008466666666703,0.9714893333333332,0.0,0.0,0.0,0.23499799999999976,0.06276799999999957,0.0,0.0,0.0,0.0,0.527931833333336,0.3032863333333372,0.0,0.47789599999999655,0.0,0.0,0.0,0.07227500000000002,0.0
350,2025-03-19T23:42:45.112509,0.0,0.006431666666666688,0.2534543333333375,0.0,0.0,0.0012731666666666956,0.014661499999999588,0.0,0.0,0.0009145000000000034,0.0,0.0,0.0,0.0,0.6352583333333353,0.7782733333333359,0.16669466666666705,0.0,0.0,0.3032863333333372,0.0,0.47789599999999655,0.0,0.2525433333333354,0.0,0.0,0.0
350,2025-03-19T23:42:48.114436,0.0,0.006431666666666688,0.2534543333333375,0.0,0.0,0.0,0.0,0.0,0.0,0.0009145000000000034,0.0,0.29627316666667036,0.0,0.0,0.6352583333333353,0.7782733333333359,0.16669466666666705,0.0011269999999999893,0.0,0.0,0.0,0.0,0.0,0.2525433333333354,2.099328999999993,0.0,0.4190711666666687
350,2025-03-19T23:42:51.117344,1.3264580000000026,0.0,0.0,0.0,0.0006660000000000185,0.0,0.0,0.0,0.8756506666666535,0.0,0.3566721666666695,0.29627316666667036,0.1860145000000036,0.0,0.0,0.0,0.0,0.0011269999999999893,0.0,0.0,0.0,0.0,0.2909989999999994,0.0,2.099328999999993,0.12306633333333396,0.4190711666666687
350,2025-03-19T23:42:54.120270,1.3264580000000026,0.0,0.0,0.0,0.0006660000000000185,0.0010494999999999997,0.0,0.0,0.8756506666666533,0.0,0.3566721666666695,0.0,0.18601450000000355,0.0,0.0,0.0,0.0,0.0,0.0,0.26731999999999806,0.2659396666666681,0.0,0.2909989999999994,0.0,0.0,0.12306633333333392,0.0
350,2025-03-19T23:42:57.123172,0.0,0.004133499999999865,0.0,1.700933833333352,0.0,0.0010494999999999997,0.0,0.0,0.0,0.0009256666666666766,0.0,0.0,0.0,0.0,0.0,0.0,0.15320433333333247,0.0,0.4922585000000008,0.26731999999999806,0.2659396666666681,0.6496733333333301,0.0,0.0,0.0,0.0,0.0
350,2025-03-19T23:43:00.124513,0.0,0.004133499999999865,0.0,1.700933833333352,0.0,0.0,0.01890783333333346,0.2442785000000001,0.0,0.0009256666666666766,0.0,0.3107293333333322,0.0,0.10142600000000003,0.0,0.685501999999995,0.15320433333333247,0.0010783333333333294,0.4922585000000008,0.0,0.0,0.6496733333333301,0.0,0.0,0.0,0.0,0.0
350,2025-03-19T23:43:03.127379,0.0,0.0,0.40764049999999946,0.0,0.0,0.0,0.01890783333333346,0.2442785000000001,0.0,0.0,0.0,0.3107293333333322,0.0,0.10142600000000003,0.0,0.685501999999995,0.0,0.0010783333333333294,0.0,0.0,0.0,0.0,0.0,0.22594233333333358,0.0,0.08525533333333139,0.0
350,2025-03-19T23:43:06.130259,0.0,0.0,0.40764049999999946,0.0,0.0006586666666666593,0.0,0.0,0.0,0.8689640000000055,0.0,0.0,0.0,0.0,0.0,0.6347414999999994,0.0,0.0,0.0,0.0,0.0,0.1599131666666646,0.0,0.0,0.22594233333333358,1.8702756666666764,0.08525533333333139,0.6691253333333312
350,2025-03-19T23:43:09.132519,1.5921113333333212,0.0,0.0,0.0,0.0006586666666666593,0.0010848333333333129,0.0,0.0,0.8689640000000055,0.0,0.0,0.0,0.2527149999999997,0.0,0.6347414999999994,0.0,0.0,0.0,0.0,0.0,0.1599131666666646,0.0,0.0,0.0,1.8702756666666764,0.0,0.6691253333333312
350,2025-03-19T23:43:12.135388,1.5921113333333212,0.0,0.0,0.0,0.0,0.0010848333333333129,0.01631333333333333,0.18763933333333446,0.0,0.0,0.436926166666666,0.26100433333333234,0.2527149999999997,0.0,0.0,0.5142858333333323,0.21209466666666546,0.0009608333333333368,0.0,0.3041746666666683,0.0,0.6396841666666736,0.3203669999999998,0.0,0.0,0.0,0.0
350,2025-03-19T23:43:15.138215,0.0,0.0071531666666667295,0.0,1.5906713333333378,0.0,0.0,0.01631333333333333,0.18763933333333446,0.680762166666663,0.0012981666666666745,0.436926166666666,0.26100433333333234,0.0,0.0,0.0,0.5142858333333323,0.21209466666666546,0.0009608333333333368,0.5660188333333357,0.3041746666666683,0.0,0.6396841666666736,0.3203669999999998,0.15074849999999887,0.0,0.0,0.0
350,2025-03-19T23:43:18.141068,0.0,0.0071531666666667295,0.3599649999999978,1.5906713333333378,0.0,0.0,0.0,0.0,0.680762166666663,0.0012981666666666745,0.0,0.0,0.0,0.10279433333333307,0.0,0.0,0.0,0.0,0.5660188333333357,0.0,0.196558166666667,0.0,0.0,0.15074849999999887,0.0,0.2573873333333339,0.0
350,2025-03-19T23:43:21.143939,1.1249370000000076,0.0,0.3599649999999978,0.0,0.0006493333333333167,0.0,0.0,0.0,0.0,0.0,0.0,0.0,0.0,0.10279433333333307,0.600761833333337,0.0,0.0,0.0,0.0,0.0,0.196558166666667,0.0,0.0,0.0,1.357345333333323,0.2573873333333339,0.5461948333333358
350,2025-03-19T23:43:24.146774,1.1249370000000076,0.0,0.0,0.0,0.0006493333333333167,0.0,0.0,0.0,0.0,0.0,0.0,0.0,0.2506569999999992,0.0,0.600761833333337,0.0,0.179751166666667,0.0,0.0,0.0,0.0,0.0,0.0,0.0,1.357345333333323,0.0,0.5461948333333358
350,2025-03-19T23:43:27.149665,0.0,0.0,0.0,0.0,0.0,0.0012723333333333569,0.0,0.18044483333333264,0.0,0.0,0.0,0.43930349999999885,0.2506569999999992,0.0,0.0,0.6357460000000023,0.179751166666667,0.0,0.30132516666666714,0.0,0.0,0.5552619999999991,0.0,0.0,0.0,0.0,0.0
350,2025-03-19T23:43:30.152514,0.0,0.005929166666666616,0.0,2.870983666666651,0.0,0.0012723333333333569,0.01721133333333332,0.18044483333333264,0.9961671666666804,0.0010203333333333269,0.4195739999999973,0.43930349999999885,0.0,0.0,0.0,0.6357460000000023,0.0,0.0,0.30132516666666714,0.28486616666666487,0.18723316666666773,0.5552619999999991,0.28931966666666636,0.0,0.0,0.07413400000000082,0.0
350,2025-03-19T23:43:33.155374,0.0,0.005929166666666616,0.0,2.870983666666651,0.00042016666666666597,0.0,0.01721133333333332,0.0,0.9961671666666804,0.0010203333333333269,0.4195739999999973,0.0,0.0,0.0,0.0,0.0,0.0,0.001635666666666665,0.0,0.28486616666666487,0.18723316666666773,0.0,0.28931966666666636,0.24824416666666596,1.1229708333333408,0.07413400000000082,0.0
375,2025-03-19T23:44:53.731405,0.0,0.0031521111111110717,0.07348283333333447,0.0,0.0008808333333333308,0.0007028888888888949,0.0,0.058296166666664824,0.32555466666665706,0.0,0.05445377777777733,0.0,0.0,0.0,0.0,0.0,0.0,0.0,0.0,0.0011151111111094756,0.0,0.0,0.0,0.05804716666666821,0.0,0.0,0.0005970000000022285
375,2025-03-19T23:44:56.734375,0.0,0.0031521111111110717,0.07348283333333447,0.0,0.0,0.0007028888888888949,0.014009000000000306,0.058296166666664824,0.32555466666665694,0.0007484444444444282,0.05445377777777733,0.0,0.0,0.032870111111111086,0.13602077777778102,0.2621486666666707,0.0,0.0,0.38019200000000336,0.0,0.0,0.0,0.0,0.05804716666666821,0.6308533333333344,0.06741233333333221,0.0
375,2025-03-19T23:44:59.736521,0.8971806666666757,0.0,0.0,0.0,0.0006310000000000112,0.0007028888888888949,0.01400900000000031,0.0,0.0,0.0007484444444444282,0.05445377777777733,0.0,0.0,0.032870111111111086,0.13602077777778102,0.26214866666667075,0.0,0.0,0.38019200000000336,0.0,0.1281155000000022,0.4644354999999981,0.18663899999999958,0.0,0.6308533333333344,0.06741233333333223,0.0
375,2025-03-19T23:45:02.739465,0.8971806666666757,0.0036080000000000313,0.0,0.9690414999999653,0.0006310000000000112,0.0,0.0,0.0,0.0,0.0007484444444444282,0.0,0.0,0.19635049999999885,0.032870111111111086,0.13602077777778102,0.0,0.17333683333333266,0.0,0.0,0.0,0.1281155000000022,0.4644354999999981,0.18663899999999958,0.0,0.6308533333333344,0.0,0.0
375,2025-03-19T23:45:05.740507,0.0,0.0036080000000000313,0.0,0.9690414999999653,0.0,0.000718333333333327,0.010258499999999653,0.12134050000000231,0.0,0.0,0.21284155555555473,0.38704266666666837,0.19635049999999885,0.0,0.0,0.0,0.17333683333333266,0.0013743333333333294,0.0,0.19819022222222316,0.0,0.0,0.0,0.0,0.0,0.0,0.4477644444444435
375,2025-03-19T23:45:08.743452,0.0,0.0036080000000000313,0.3321511666666671,0.0,0.0,0.000718333333333327,0.010258499999999653,0.12134050000000231,0.0,0.0,0.21284155555555473,0.38704266666666837,0.0,0.0,0.0,0.6472049999999949,0.0,0.0013743333333333294,0.0,0.19819022222222316,0.0,0.0,0.0,0.0,0.0,0.0,0.4477644444444435
375,2025-03-19T23:45:11.746374,1.2088421666666707,0.0,0.3321511666666671,0.0,0.0,0.000718333333333327,0.0,0.0,1.1331451666666605,0.0,0.21284155555555473,0.0,0.0,0.0,0.0,0.6472049999999949,0.0,0.0,0.0,0.19819022222222316,0.0,0.0,0.0,0.215231333333333,0.0,0.10690833333333435,0.4477644444444435
375,2025-03-19T23:45:14.749258,1.2088421666666707,0.0,0.0,0.0,0.0,0.0,0.0,0.1295793333333322,1.1331451666666605,0.0008790000000000002,0.0,0.0,0.16543916666666786,0.0,0.5031486666666626,0.0,0.21406249999999954,0.0,0.5831503333333312,0.0,0.2755543333333322,0.7378594999999943,0.23890683333333607,0.215231333333333,1.2395838888888875,0.10690833333333435,0.0
375,2025-03-19T23:45:17.752127,0.0,0.0,0.0,1.620447666666678,0.00086799999999998,0.0,0.0,0.1295793333333322,0.0,0.0008790000000000002,0.0,0.0,0.16543916666666786,0.08044566666666637,0.5031486666666626,0.0,0.21406249999999954,0.0,0.5831503333333312,0.16809722222222315,0.2755543333333322,0.7378594999999943,0.23890683333333607,0.0,1.2395838888888875,0.0,0.4020029999999982
375,2025-03-19T23:45:20.755042,0.0,0.0,0.0,1.620447666666678,0.00086799999999998,0.0007128888888888864,0.015858500000000223,0.0,0.0,0.0008790000000000002,0.0,0.3963161666666651,0.0,0.08044566666666637,0.5031486666666626,0.45916933333333537,0.0,0.0,0.0,0.16809722222222315,0.0,0.0,0.0,0.0,1.2395838888888875,0.0,0.4020029999999982
375,2025-03-19T23:45:23.757954,1.1138564999999974,0.005110222222222226,0.0,0.0,0.0,0.0007128888888888864,0.015858500000000223,0.0,0.0,0.0,0.2657757777777792,0.3963161666666651,0.0,0.08044566666666637,0.0,0.45916933333333537,0.0,0.001667500000000007,0.0,0.16809722222222315,0.0,0.0,0.0,0.16764183333333213,0.0,0.15776133333333323,0.4020029999999982
375,2025-03-19T23:45:26.760864,1.1138564999999974,0.005110222222222226,0.38433999999999935,0.0,0.0,0.0007128888888888864,0.0,0.0,0.7864318333333434,0.0,0.2657757777777792,0.0,0.16617650000000123,0.0,0.0,0.0,0.0,0.001667500000000007,0.3124476666666662,0.0,0.0,0.6217336666666712,0.20581649999999743,0.16764183333333213,0.0,0.15776133333333323,0.0
375,2025-03-19T23:45:29.763770,0.0,0.005110222222222226,0.38433999999999935,0.0,0.0,0.0,0.0,0.1785233333333333,0.7864318333333434,0.000861444444444458,0.2657757777777792,0.0,0.16617650000000123,0.04621633333333364,0.0,0.0,0.0,0.0,0.3124476666666662,0.15102166666666664,0.0,0.6217336666666712,0.20581649999999743,0.0,0.0,0.0,0.0
375,2025-03-19T23:45:32.764513,0.0,0.0,0.0,2.9084308333333415,0.0008206666666666549,0.0,0.0,0.1785233333333333,0.0,0.000861444444444458,0.0,0.0,0.0,0.04621633333333364,0.46937455555555774,0.0,0.0,0.0,0.0,0.15102166666666664,0.279770499999998,0.0,0.0,0.0,1.204858777777771,0.0,0.0
375,2025-03-19T23:45:35.767405,1.0325256666666671,0.0,0.0,2.9084308333333415,0.0008206666666666549,0.0,0.0,0.0,0.0,0.000861444444444458,0.0,0.4593013333333337,0.0,0.04621633333333364,0.46937455555555774,0.0,0.2800853333333346,0.0,0.0,0.15102166666666664,0.279770499999998,0.0,0.0,0.19395400000000035,1.204858777777771,0.0,0.0
375,2025-03-19T23:45:38.768522,1.0325256666666671,0.004450444444444399,0.0,0.0,0.0,0.0010277777777777757,0.01795483333333318,0.0,0.8791976666666605,0.0,0.2726443333333306,0.4593013333333337,0.1752183333333335,0.0,0.46937455555555774,0.8638294999999991,0.2800853333333346,0.0,0.3991496666666687,0.0,0.0,0.0,0.0,0.19395400000000035,1.204858777777771,0.0,0.5863131111111102
375,2025-03-19T23:45:41.771423,0.0,0.004450444444444399,0.3598106666666657,0.0,0.0,0.0010277777777777757,0.01795483333333318,0.1492903333333331,0.8791976666666605,0.0006038888888888976,0.2726443333333306,0.0,0.1752183333333335,0.05065633333333371,0.0,0.8638294999999991,0.0,0.0014859999999999875,0.3991496666666687,0.14905844444444308,0.0,0.7642006666666628,0.0,0.0,0.0,0.1298588333333323,0.5863131111111102
375,2025-03-19T23:45:44.772511,0.0,0.004450444444444399,0.3598106666666657,0.0,0.0005883333333333389,0.0010277777777777757,0.0,0.1492903333333331,0.0,0.0006038888888888976,0.2726443333333306,0.0,0.0,0.05065633333333371,0.0,0.0,0.0,0.0014859999999999875,0.0,0.14905844444444308,0.0,0.7642006666666628,0.3240049999999997,0.0,0.8905140000000024,0.1298588333333323,0.5863131111111102
375,2025-03-19T23:45:47.773059,1.1918329999999933,0.0,0.0,1.4245218333333394,0.0005883333333333389,0.0,0.01118233333333348,0.0,0.0,0.0006038888888888976,0.0,0.0,0.0,0.05065633333333371,0.0,0.0,0.0,0.0,0.0,0.14905844444444308,0.0,0.0,0.3240049999999997,0.0,0.8905140000000024,0.0,0.3275544444444449
375,2025-03-19T23:45:50.775967,1.1918329999999933,0.0,0.0,1.4245218333333394,0.0,0.0007643333333333422,0.01118233333333348,0.0,0.7519466666666783,0.0,0.0,0.0,0.0,0.0,0.46297455555555367,0.0,0.22811316666666673,0.0,0.0,0.0,0.31265150000000125,0.0,0.0,0.0,0.8905140000000024,0.0,0.3275544444444449
375,2025-03-19T23:45:53.776470,0.0,0.0,0.0,0.0,0.0,0.0007643333333333422,0.0,0.149486166666667,0.7519466666666783,0.0,0.0,0.0,0.0,0.050164111111110785,0.46297455555555367,0.7573960000000001,0.22811316666666673,0.0,0.0,0.14504288888888875,0.31265150000000125,0.0,0.0,0.0,0.0,0.0,0.3275544444444449
375,2025-03-19T23:45:56.778358,0.0,0.004765555555555542,0.3480085000000012,0.0,0.0,0.0007643333333333422,0.0,0.149486166666667,0.0,0.0008791111111111022,0.0,0.5266676666666684,0.2812818333333335,0.050164111111110785,0.46297455555555367,0.7573960000000001,0.0,0.0,0.0,0.14504288888888875,0.0,0.0,0.0,0.2646278333333333,0.0,0.0,0.0
375,2025-03-19T23:45:59.780464,1.1307010000000068,0.004765555555555542,0.3480085000000012,0.0,0.0008205000000000019,0.0,0.0,0.0,0.0,0.0008791111111111022,0.2977854444444448,0.5266676666666684,0.2812818333333335,0.050164111111110785,0.0,0.0,0.0,0.001456000000000013,0.5961726666666608,0.14504288888888875,0.0,0.0,0.21968850000000376,0.2646278333333333,0.0,0.12812333333333473,0.0
375,2025-03-19T23:46:02.783366,1.1307010000000068,0.004765555555555542,0.0,1.2537588333333358,0.0008205000000000019,0.0,0.0,0.0,0.0,0.0008791111111111022,0.2977854444444448,0.0,0.0,0.0,0.3090906666666658,0.0,0.0,0.001456000000000013,0.5961726666666608,0.0,0.17117033333333612,0.883413166666666,0.21968850000000376,0.0,1.162141777777783,0.12812333333333473,0.0
375,2025-03-19T23:46:05.786358,0.0,0.0,0.0,1.2537588333333363,0.0,0.0,0.01769733333333316,0.0,0.0,0.0,0.2977854444444448,0.0,0.0,0.0,0.3090906666666658,0.5837756666666679,0.2258256666666654,0.0,0.0,0.0,0.17117033333333612,0.883413166666666,0.0,0.0,1.162141777777783,0.0,0.44724666666667195
375,2025-03-19T23:46:08.789181,0.0,0.002591111111111112,0.0,0.0,0.0005848333333333308,0.0007925555555555619,0.01769733333333316,0.0,1.116143333333336,0.0,0.1546815555555554,0.0,0.0,0.06248788888888868,0.3090906666666658,0.5837756666666679,0.2258256666666654,0.0,0.0,0.0,0.0,0.0,0.0,0.0,1.162141777777783,0.0,0.44724666666667195
375,2025-03-19T23:46:11.792085,0.0,0.002591111111111112,0.342986666666666,0.0,0.0005848333333333308,0.0007925555555555619,0.0,0.2099438333333339,1.116143333333336,0.0008393333333333401,0.1546815555555554,0.46262049999999993,0.24362266666666701,0.06248788888888868,0.0,0.0,0.0,0.0,0.0,0.21632177777777886,0.0,0.0,0.20662183333332965,0.18380200000000005,0.0,0.0,0.44724666666667195
375,2025-03-19T23:46:14.792509,0.0,0.002591111111111112,0.342986666666666,0.0,0.0,0.0007925555555555619,0.0,0.2099438333333339,0.0,0.0008393333333333401,0.1546815555555554,0.46262049999999993,0.24362266666666701,0.06248788888888868,0.0,0.0,0.16695666666666636,0.0011028333333333493,0.4726986666666733,0.21632177777777886,0.0,0.0,0.20662183333332965,0.18380200000000005,1.0745546666666619,0.13475983333333139,0.0
375,2025-03-19T23:46:17.792878,1.6176174999999946,0.0,0.0,0.0,0.0,0.0,0.012722333333333799,0.0,0.0,0.0008393333333333401,0.0,0.0,0.0,0.0,0.3917394444444477,0.0,0.16695666666666636,0.0011028333333333493,0.4726986666666733,0.21632177777777886,0.24838833333333338,0.7301893333333378,0.0,0.0,1.0745546666666619,0.13475983333333139,0.3834672222222177
375,2025-03-19T23:46:20.795732,1.6176174999999946,0.0,0.0,1.6459906666666486,0.0,0.0006627777777777776,0.012722333333333799,0.0,0.0,0.0,0.0,0.0,0.0,0.0,0.3917394444444477,0.0,0.0,0.0,0.0,0.0,0.24838833333333338,0.7301893333333378,0.0,0.0,1.0745546666666619,0.0,0.3834672222222177
375,2025-03-19T23:46:23.798612,0.0,0.0,0.0,1.6459906666666486,0.0008593333333333599,0.0006627777777777776,0.0,0.0,0.0,0.0,0.22165022222222322,0.0,0.0,0.06014699999999983,0.3917394444444477,0.0,0.0,0.0,0.0,0.0,0.0,0.0,0.0,0.0,0.0,0.0,0.3834672222222177
375,2025-03-19T23:46:26.801502,0.0,0.004812444444444472,0.3456670000000012,0.0,0.0008593333333333601,0.0006627777777777776,0.0,0.18912599999999932,1.1390115,0.0007058888888888702,0.22165022222222322,0.350475666666668,0.0,0.06014699999999983,0.0,0.8471086666666661,0.0,0.0010976666666666637,0.3853968333333266,0.0,0.0,0.0,0.0,0.0,0.8453665555555543,0.0,0.0
375,2025-03-19T23:46:29.804390,0.0,0.004812444444444472,0.3456670000000012,2.929232999999992,0.0,0.0,0.0,0.18912599999999932,1.1390115,0.0007058888888888702,0.22165022222222322,0.350475666666668,0.3069893333333293,0.06014699999999983,0.0,0.8471086666666661,0.21003750000000093,0.0010976666666666637,0.3853968333333266,0.21279911111111008,0.0,0.0,0.31212000000000256,0.24181183333333445,0.8453665555555543,0.0,0.38649711111111174
375,2025-03-19T23:46:32.807290,0.0,0.004812444444444472,0.0,2.929232999999992,0.0,0.0,0.0,0.0,0.0,0.0007058888888888702,0.0,0.0,0.3069893333333293,0.0,0.34931877777777726,0.0,0.21003750000000093,0.0,0.0,0.21279911111111008,0.24380316666666604,0.0,0.31212000000000256,0.24181183333333445,0.8453665555555543,0.19215350000000106,0.38649711111111174
375,2025-03-19T23:46:35.808549,0.0,0.0,0.0,0.0,0.0005251666666666507,0.0008908888888888733,0.019753166666666527,0.0,0.0,0.0,0.0,0.0,0.0,0.0,0.34931877777777726,0.5103486666666679,0.0,0.0,0.0,0.21279911111111008,0.24380316666666604,0.9397391666666693,0.0,0.0,0.0,0.19215350000000106,0.38649711111111174
375,2025-03-19T23:46:38.811422,1.8830355000000056,0.0,0.0,0.0,0.0005251666666666507,0.0008908888888888733,0.019753166666666527,0.15444966666666698,0.7501628333333202,0.0,0.0,0.0,0.0,0.0,0.34931877777777726,0.5103486666666679,0.0,0.0,0.3645525000000021,0.0,0.0,0.9397391666666693,0.0,0.0,0.7283315555555672,0.0,0.0
375,2025-03-19T23:46:41.814323,1.8830355000000056,0.003509555555555544,0.0,1.1503998333333434,0.0,0.0008908888888888733,0.0,0.15444966666666698,0.7501628333333202,0.0,0.28448411111111227,0.43072033333333104,0.16236983333333418,0.06874800000000016,0.0,0.0,0.0,0.0,0.3645525000000021,0.0,0.0,0.0,0.0,0.1861324999999994,0.7283315555555672,0.0,0.0
375,2025-03-19T23:46:44.817058,0.0,0.003509555555555544,0.388830166666665,1.150399833333343,0.0,0.0,0.0,0.0,0.0,0.0010150000000000129,0.28448411111111227,0.43072033333333104,0.16236983333333418,0.06874800000000016,0.3011133333333318,0.0,0.26192816666666613,0.0,0.0,0.20482999999999962,0.0,0.0,0.0,0.1861324999999994,0.7283315555555672,0.0,0.0
375,2025-03-19T23:46:47.817340,0.0,0.003509555555555544,0.388830166666665,0.0,0.0,0.0,0.011798499999999972,0.0,0.0,0.0010150000000000129,0.28448411111111227,0.0,0.0,0.06874800000000016,0.3011133333333318,0.0,0.26192816666666613,0.0015671666666666382,0.0,0.20482999999999962,0.28029133333333317,0.0,0.31301400000000024,0.0,0.0,0.11602950000000098,0.5551018888888911
375,2025-03-19T23:46:50.817914,0.0,0.0,0.0,0.0,0.0008416666666666666,0.0,0.011798499999999972,0.0,0.0,0.0010150000000000129,0.0,0.0,0.0,0.0,0.3011133333333318,0.6467948333333312,0.0,0.0015671666666666382,0.0,0.20482999999999962,0.28029133333333317,0.0,0.31301400000000024,0.0,0.9555276666666639,0.11602950000000098,0.5551018888888911
375,2025-03-19T23:46:53.820757,1.5110611666666691,0.0,0.0,1.108320000000011,0.0008416666666666666,0.0009783333333333527,0.0,0.0,1.029730500000009,0.0,0.36659700000000034,0.0,0.0,0.05069377777777836,0.0,0.6467948333333312,0.0,0.0,0.4260270000000049,0.0,0.0,0.9449376666666658,0.0,0.0,0.9555276666666639,0.0,0.5551018888888911
375,2025-03-19T23:46:56.823648,1.5110611666666691,0.0,0.0,1.108320000000011,0.0,0.0009783333333333527,0.0,0.2243776666666667,1.029730500000009,0.0,0.36659700000000034,0.0,0.0,0.05069377777777836,0.0,0.0,0.0,0.0,0.4260270000000049,0.14778522222222376,0.0,0.9449376666666658,0.0,0.0,0.9555276666666639,0.0,0.0
375,2025-03-19T23:46:59.826549,0.0,0.004945888888888916,0.0,0.0,0.0,0.0009783333333333527,0.0,0.2243776666666667,0.0,0.0008054444444444513,0.36659700000000034,0.5058181666666666,0.2621200000000007,0.05069377777777836,0.4328133333333363,0.0,0.2119530000000012,0.0,0.0,0.14778522222222376,0.0,0.0,0.0,0.0,0.0,0.0,0.0
375,2025-03-19T23:47:02.829450,0.0,0.004945888888888916,0.3835305000000015,0.0,0.0,0.0,0.017621500000000033,0.0,0.0,0.0008054444444444513,0.0,0.5058181666666666,0.2621200000000007,0.0,0.4328133333333363,0.6423390000000022,0.2119530000000012,0.0014370000000000218,0.0,0.14778522222222376,0.206759999999998,0.0,0.0,0.26400533333333465,0.8849332222222176,0.11448549999999832,0.0
375,2025-03-19T23:47:05.832385,1.1353328333333368,0.004945888888888916,0.3835305000000015,0.0,0.0,0.0007195555555555474,0.017621500000000033,0.0,0.0,0.0008054444444444513,0.0,0.0,0.0,0.0,0.4328133333333363,0.6423390000000022,0.0,0.0014370000000000218,0.3864989999999959,0.0,0.206759999999998,0.0,0.2901331666666636,0.26400533333333465,0.8849332222222176,0.11448549999999832,0.4940782222222235
375,2025-03-19T23:47:08.835254,1.1353328333333368,0.0,0.0,0.0,0.0010313333333333472,0.0007195555555555474,0.0,0.0,1.0304269999999938,0.0,0.0,0.0,0.0,0.0,0.0,0.0,0.0,0.0,0.3864989999999959,0.0,0.0,0.0,0.2901331666666636,0.0,0.8849332222222176,0.0,0.4940782222222235
375,2025-03-19T23:47:11.838122,0.0,0.0,0.0,1.6303481666666737,0.0010313333333333472,0.0007195555555555474,0.0,0.0,1.0304269999999938,0.0,0.2763805555555558,0.2914289999999985,0.18298999999999904,0.06821122222222206,0.0,0.0,0.0,0.0,0.0,0.1576383333333335,0.0,0.8535548333333339,0.0,0.0,0.0,0.0,0.4940782222222235
375,2025-03-19T23:47:14.841020,0.0,0.0041778888888888395,0.2888335000000003,1.6303481666666737,0.0,0.0,0.0,0.0,0.0,0.0,0.2763805555555558,0.2914289999999985,0.18298999999999904,0.06821122222222206,0.3575952222222188,0.0,0.22589483333333507,0.0,0.0,0.1576383333333335,0.0,0.8535548333333339,0.18690850000000128,0.0,0.0,0.0,0.0
375,2025-03-19T23:47:17.843881,0.0,0.0041778888888888395,0.2888335000000003,0.0,0.0,0.0,0.0,0.25493549999999965,0.0,0.0009133333333333217,0.2763805555555558,0.0,0.0,0.06821122222222206,0.3575952222222188,0.0,0.22589483333333507,0.0011978333333333426,0.0,0.1576383333333335,0.0,0.0,0.18690850000000128,0.0,0.0,0.0,0.0
375,2025-03-19T23:47:20.844548,0.0,0.0041778888888888395,0.0,0.0,0.0,0.0,0.018312833333333483,0.25493549999999965,0.0,0.0009133333333333217,0.0,0.0,0.0,0.0,0.3575952222222188,0.0,0.0,0.0011978333333333426,0.48675449999999887,0.0,0.28514316666666656,0.0,0.0,0.25299233333333154,1.3485239999999976,0.0,0.44552699999999534
375,2025-03-19T23:47:23.847419,1.686449000000001,0.0,0.24183966666666856,1.3318426666666403,0.0006891666666666667,0.0,0.018312833333333483,0.0,0.0,0.0009133333333333217,0.22463188888888733,0.3089051666666668,0.0,0.0,0.0,0.840455666666666,0.0,0.0,0.48675449999999887,0.0,0.28514316666666656,0.0,0.0,0.25299233333333154,1.3485239999999976,0.21033966666666737,0.44552699999999534
375,2025-03-19T23:47:26.850268,1.686449000000001,0.0,0.24183966666666856,1.3318426666666408,0.0006891666666666667,0.0010493333333333342,0.0,0.14054700000000037,0.0,0.0,0.22463188888888733,0.3089051666666668,0.24842616666666595,0.0,0.0,0.840455666666666,0.16748533333333174,0.0,0.0,0.19030722222222116,0.0,0.0,0.0,0.0,1.3485239999999976,0.21033966666666737,0.44552699999999534
375,2025-03-19T23:47:29.852532,0.0,0.004063555555555611,0.0,0.0,0.0,0.0010493333333333342,0.0,0.14054700000000037,1.233693833333329,0.0,0.22463188888888733,0.0,0.24842616666666595,0.0,0.3728507777777787,0.0,0.16748533333333174,0.0,0.0,0.19030722222222116,0.0,0.9014231666666604,0.0,0.12928750000000142,0.0,0.0,0.0
375,2025-03-19T23:47:32.855426,0.0,0.006095333333333416,0.0,2.7012835000000073,0.0,0.0,0.0,0.0,1.233693833333329,0.0,0.0,0.28860350000000307,0.0,0.11660716666666698,0.559276166666668,0.516507666666674,0.0,0.0013379999999999874,0.0,0.0,0.0,0.9014231666666604,0.0,0.12928750000000142,0.0,0.0,0.0
375,2025-03-19T23:47:35.858305,0.0,0.004063555555555611,0.0,2.7012835000000073,0.0007446666666666528,0.0,0.019087999999999997,0.0,0.0,0.0010213333333333433,0.0,0.28860350000000307,0.0,0.07773811111111131,0.3728507777777787,0.516507666666674,0.0,0.0013379999999999874,0.0,0.0,0.22945166666666716,0.0,0.30886966666666643,0.0,0.9851655555555682,0.0,0.0
375,2025-03-19T23:47:38.861142,0.0,0.0,0.0,0.0,0.0007446666666666528,0.001191833333333318,0.019087999999999997,0.1264446666666667,0.0,0.001532000000000015,0.0,0.0,0.0,0.0,0.0,0.0,0.0,0.0,0.0,0.0,0.22945166666666716,0.0,0.30886966666666643,0.0,1.4777483333333523,0.12575866666666732,0.814945000000004
375,2025-03-19T23:47:41.863994,0.0,0.0,0.4043259999999976,0.0,0.0,0.001191833333333318,0.0,0.1264446666666667,0.8834998333333413,0.0,0.3898341666666691,0.0,0.2500918333333336,0.0,0.0,0.0,0.0,0.0,0.6103254999999972,0.0,0.0,0.0,0.0,0.0,0.0,0.12575866666666732,0.814945000000004
375,2025-03-19T23:47:44.864534,1.7623758333333326,0.00519949999999995,0.4043259999999976,0.0,0.0,0.0,0.0,0.0,0.8834998333333413,0.0,0.3898341666666691,0.0,0.2500918333333336,0.0,0.0,0.0,0.2500950000000018,0.0,0.6103254999999972,0.34703549999999933,0.0,0.6891474999999996,0.18129533333333353,0.0,0.0,0.0,0.0
400,2025-03-19T23:49:05.169711,0.35433933333333323,0.0,0.0,0.2385560000000169,0.000623666666666652,0.0008843333333333389,0.0,0.0,0.08260033333333973,0.0007988888888888923,0.021141333333332568,0.02609500000000114,0.03400222222222106,0.0,0.07750044444444232,0.02759122222222585,0.025055000000002617,0.0,0.2870579999999924,0.0,0.01484566666666846,0.0,0.0,0.0,0.21382566666665703,0.039038888888888505,0.030366333333328537
400,2025-03-19T23:49:08.172681,0.3543393333333331,0.0045001111111111994,0.0,0.2385560000000169,0.0006236666666666518,0.000884333333333339,0.0,0.0,0.08260033333333973,0.0007988888888888924,0.0,0.02609500000000114,0.03400222222222106,0.03296966666666635,0.07750044444444233,0.02759122222222585,0.025055000000002617,0.0,0.0,0.0,0.0,0.212942777777774,0.12818799999999914,0.0,0.21382566666665706,0.039038888888888505,0.0
400,2025-03-19T23:49:11.175627,0.0,0.004500111111111199,0.0,0.0,0.0,0.0008843333333333389,0.0,0.0,0.0,0.0007988888888888923,0.0,0.0,0.0,0.03296966666666634,0.0,0.0,0.0,0.0012109999999999992,0.0,0.0,0.0,0.212942777777774,0.12818799999999916,0.0,0.0,0.039038888888888505,0.3033680000000029
400,2025-03-19T23:49:14.178591,0.0,0.004500111111111199,0.0,0.0,0.0,0.0,0.014351444444444264,0.17902450000000178,0.4956322222222222,0.0,0.0,0.0,0.0,0.03296966666666634,0.0,0.4132308888888853,0.0,0.0012109999999999992,0.0,0.20558777777777792,0.1885445000000014,0.212942777777774,0.0,0.0,0.0,0.0,0.3033680000000029
400,2025-03-19T23:49:17.181522,1.2663928333333276,0.0,0.3901958333333369,0.0,0.0,0.0005550000000000093,0.014351444444444264,0.17902450000000178,0.4956322222222222,0.0,0.0,0.0,0.0,0.0,0.42276855555555437,0.4132308888888853,0.12517422222222133,0.0,0.0,0.20558777777777792,0.1885445000000014,0.0,0.0,0.0,1.2124341111111285,0.0,0.3033680000000029
400,2025-03-19T23:49:20.184465,1.2663928333333276,0.0,0.3901958333333369,0.0,0.0,0.0005550000000000093,0.014351444444444264,0.0,0.4956322222222222,0.0,0.2965802222222212,0.2812038888888885,0.19607077777777704,0.05363133333333379,0.42276855555555437,0.4132308888888853,0.12517422222222133,0.0,0.0,0.20558777777777792,0.0,0.0,0.0,0.23311899999999974,1.2124341111111285,0.07859000000000076,0.0
400,2025-03-19T23:49:23.187399,0.0,0.0038966666666665857,0.0,2.005998166666662,0.0008556666666666621,0.0005550000000000093,0.0,0.0,0.0,0.0009526666666666758,0.2965802222222212,0.2812038888888885,0.19607077777777704,0.05363133333333379,0.42276855555555437,0.0,0.12517422222222133,0.0,0.5655628333333407,0.0,0.0,0.3543765555555562,0.25639850000000314,0.23311899999999974,1.2124341111111285,0.07859000000000076,0.0
400,2025-03-19T23:49:26.188513,0.0,0.0038966666666665857,0.27107566666666594,2.005998166666662,0.0008556666666666621,0.0,0.0,0.0,0.5616171111111044,0.0009526666666666758,0.2965802222222212,0.2812038888888885,0.19607077777777704,0.05363133333333379,0.0,0.0,0.0,0.0,0.5655628333333407,0.0,0.22081899999999643,0.3543765555555562,0.25639850000000314,0.0,0.0,0.07859000000000076,0.4986505555555583
400,2025-03-19T23:49:29.191429,0.0,0.0038966666666665857,0.27107566666666594,0.0,0.0,0.0006176666666666522,0.0,0.0,0.5616171111111044,0.0009526666666666758,0.20307088888888972,0.0,0.0,0.0,0.0,0.5212783333333341,0.0,0.0014583333333333395,0.0,0.1691593333333338,0.22081899999999643,0.3543765555555562,0.0,0.0,0.895188555555554,0.0,0.4986505555555583
400,2025-03-19T23:49:32.194353,0.0,0.0028901111111111614,0.0,0.0,0.0,0.0006176666666666522,0.013369333333333346,0.29075349999999867,0.5616171111111044,0.0,0.20307088888888972,0.0,0.1551864444444454,0.04982622222222233,0.0,0.5212783333333341,0.18941222222222287,0.0014583333333333395,0.0,0.1691593333333338,0.0,0.2862236666666655,0.0,0.0,0.895188555555554,0.0,0.4986505555555583
400,2025-03-19T23:49:35.197270,1.6509774999999915,0.0028901111111111614,0.0,0.0,0.0004628333333333383,0.0006176666666666522,0.013369333333333346,0.29075349999999867,0.0,0.0,0.20307088888888972,0.2761561111111127,0.1551864444444454,0.04982622222222233,0.50002,0.5212783333333341,0.18941222222222287,0.0,0.0,0.1691593333333338,0.0,0.2862236666666655,0.21945199999999926,0.0,0.895188555555554,0.0,0.0
400,2025-03-19T23:49:38.200210,1.6509774999999915,0.0028901111111111614,0.0,3.304531166666645,0.0004628333333333383,0.0,0.013369333333333346,0.0,0.0,0.0,0.0,0.2761561111111127,0.1551864444444454,0.04982622222222233,0.50002,0.0,0.18941222222222287,0.0,0.0,0.0,0.0,0.2862236666666655,0.21945199999999926,0.2574448333333332,0.0,0.1268394444444441,0.0
400,2025-03-19T23:49:41.203114,0.0,0.0,0.3529851666666654,3.304531166666645,0.0,0.0,0.0,0.0,0.0,0.0009525555555555492,0.0,0.2761561111111127,0.0,0.0,0.50002,0.0,0.0,0.0009696666666666466,0.0,0.0,0.23150433333333356,0.0,0.0,0.2574448333333332,0.0,0.1268394444444441,0.5060926666666635
400,2025-03-19T23:49:44.204510,0.0,0.0,0.3529851666666654,0.0,0.0,0.0,0.0,0.0,0.8488085555555548,0.0009525555555555492,0.0,0.0,0.15332933333333346,0.0,0.0,0.4244197777777825,0.0,0.0009696666666666466,0.5913341666666649,0.0,0.23150433333333356,0.0,0.0,0.0,0.0,0.1268394444444441,0.5060926666666635
400,2025-03-19T23:49:47.207439,0.0,0.003702444444444453,0.0,0.0,0.0,0.0,0.0,0.23676650000000168,0.8488085555555548,0.0009525555555555492,0.24947211111111126,0.0,0.15332933333333346,0.0,0.30154433333333625,0.4244197777777825,0.0,0.0,0.5913341666666649,0.25881600000000227,0.0,0.0,0.0,0.0,1.3498306666666497,0.0,0.5060926666666635
400,2025-03-19T23:49:50.208518,0.0,0.003702444444444453,0.0,0.0,0.0,0.0010235555555555553,0.011937444444444544,0.23676650000000168,0.8488085555555548,0.0,0.24947211111111126,0.0,0.15332933333333346,0.0,0.30154433333333625,0.4244197777777825,0.1676789999999989,0.0,0.0,0.25881600000000227,0.0,0.4239480000000021,0.0,0.0,1.3498306666666497,0.062642333333334,0.0
400,2025-03-19T23:49:53.211387,1.6667461666666745,0.003702444444444453,0.3206946666666682,0.0,0.0009616666666666755,0.0010235555555555553,0.011937444444444544,0.0,0.0,0.0,0.24947211111111126,0.321735888888889,0.0,0.07913455555555515,0.30154433333333625,0.0,0.1676789999999989,0.0009655000000000267,0.0,0.25881600000000227,0.20249483333333276,0.4239480000000021,0.3168028333333316,0.0,1.3498306666666497,0.062642333333334,0.0
400,2025-03-19T23:49:56.214297,1.6667461666666745,0.0,0.3206946666666682,1.838862500000005,0.0009616666666666755,0.0010235555555555553,0.011937444444444544,0.0,0.0,0.000860777777777772,0.0,0.321735888888889,0.0,0.07913455555555515,0.0,0.42841344444444,0.1676789999999989,0.0009655000000000267,0.0,0.0,0.20249483333333276,0.4239480000000021,0.3168028333333316,0.23641916666666657,0.0,0.062642333333334,0.48254222222222
400,2025-03-19T23:49:59.217208,0.0,0.0,0.0,1.838862500000005,0.0,0.0,0.0,0.0,0.5269594444444515,0.000860777777777772,0.0,0.321735888888889,0.15274877777777837,0.07913455555555515,0.0,0.42841344444444,0.0,0.0,0.47464483333333385,0.0,0.0,0.0,0.0,0.23641916666666657,0.0,0.0,0.48254222222222
400,2025-03-19T23:50:02.220112,0.0,0.0,0.0,0.0,0.0,0.0,0.008676333333333336,0.19781716666666685,0.5269594444444515,0.000860777777777772,0.24536266666666823,0.17919488888888838,0.15274877777777837,0.0,0.46336444444444347,0.42841344444444,0.0,0.0,0.47464483333333385,0.0,0.0,0.32033355555555293,0.0,0.0,0.0,0.0,0.48254222222222
400,2025-03-19T23:50:05.220682,0.0,0.004561444444444421,0.0,0.0,0.0,0.0,0.008676333333333336,0.19781716666666685,0.5269594444444515,0.0,0.24536266666666823,0.17919488888888838,0.15274877777777837,0.0,0.46336444444444347,0.0,0.0,0.0,0.0,0.21695677777777672,0.1705291666666682,0.32033355555555293,0.0,0.0,1.4725681111111095,0.09163866666666663,0.0
400,2025-03-19T23:50:08.223592,0.0,0.004561444444444421,0.34320249999999913,1.2261515000000147,0.0,0.0009551111111111165,0.008676333333333336,0.0,0.0,0.0,0.24536266666666823,0.17919488888888838,0.0,0.06679888888888917,0.46336444444444347,0.0,0.18808344444444616,0.0,0.0,0.21695677777777672,0.1705291666666682,0.32033355555555293,0.0,0.17659800000000087,1.4725681111111095,0.09163866666666663,0.0
400,2025-03-19T23:50:11.224511,1.8075761666666685,0.004561444444444421,0.34320249999999913,1.2261515000000143,0.0,0.0009551111111111165,0.0,0.0,0.0,0.0,0.19475755555555452,0.0,0.14263644444444407,0.06679888888888917,0.0,0.4261126666666668,0.18808344444444616,0.0013706666666666683,0.3436454999999986,0.21695677777777672,0.0,0.0,0.0,0.17659800000000087,1.4725681111111095,0.09163866666666663,0.0
400,2025-03-19T23:50:14.226980,1.8075761666666685,0.0,0.0,0.0,0.0009008333333333508,0.0009551111111111165,0.007820333333333294,0.0,0.0,0.0007968888888889087,0.19475755555555452,0.0,0.14263644444444407,0.06679888888888917,0.3274697777777773,0.4261126666666668,0.18808344444444616,0.0013706666666666683,0.3436454999999986,0.0,0.0,0.0,0.3258946666666703,0.0,0.0,0.0,0.0
400,2025-03-19T23:50:17.228519,0.0,0.002710555555555574,0.0,0.0,0.0009008333333333508,0.0,0.007820333333333294,0.0,0.8306252222222131,0.0007968888888889087,0.19475755555555452,0.0,0.14263644444444407,0.0,0.3274697777777773,0.4261126666666668,0.11360455555555406,0.0,0.0,0.0,0.0,0.0,0.3258946666666703,0.0,0.0,0.0,0.5989573333333359
400,2025-03-19T23:50:20.231423,0.0,0.002710555555555574,0.28215200000000107,0.0,0.0,0.0,0.007820333333333294,0.26669299999999885,0.8306252222222131,0.0007968888888889087,0.0,0.0,0.0,0.0,0.3274697777777773,0.0,0.11360455555555406,0.0008904999999999791,0.0,0.1834935555555559,0.0,0.48312544444444766,0.0,0.0,0.0,0.08393288888888784,0.5989573333333359
400,2025-03-19T23:50:23.234313,1.3337933333333278,0.002710555555555574,0.2821520000000012,1.5065731666666504,0.0,0.0007737777777777745,0.0,0.2666929999999989,0.8306252222222131,0.0005813333333333226,0.0,0.34844800000000004,0.0,0.06086300000000004,0.0,0.42172377777778064,0.11360455555555406,0.0008904999999999794,0.0,0.1834935555555559,0.2723099999999998,0.48312544444444766,0.0,0.0,1.4457067777777866,0.08393288888888784,0.5989573333333359
400,2025-03-19T23:50:26.236512,1.3337933333333278,0.0,0.0,1.5065731666666504,0.0005563333333333069,0.0007737777777777745,0.0,0.0,0.0,0.0005813333333333226,0.22524122222222334,0.34844800000000004,0.0,0.06086300000000004,0.0,0.42172377777778064,0.0,0.0,0.0,0.1834935555555559,0.2723099999999998,0.48312544444444766,0.0,0.0,1.4457067777777866,0.08393288888888784,0.0
400,2025-03-19T23:50:29.239410,0.0,0.0,0.0,0.0,0.0005563333333333069,0.0007737777777777745,0.0103704444444443,0.0,0.0,0.0005813333333333226,0.22524122222222334,0.34844800000000004,0.23266955555555394,0.06086300000000004,0.0,0.42172377777778064,0.10797799999999964,0.0,0.5747426666666703,0.0,0.0,0.0,0.2905603333333318,0.26382250000000107,1.4457067777777866,0.0,0.36772344444444294
400,2025-03-19T23:50:32.242332,0.0,0.0,0.31787483333332983,0.0,0.0,0.0,0.0103704444444443,0.0,0.7155075555555566,0.0,0.22524122222222334,0.0,0.23266955555555394,0.0,0.0,0.0,0.10797799999999964,0.0,0.5747426666666703,0.0,0.0,0.0,0.2905603333333318,0.26382250000000107,0.0,0.1049716666666664,0.36772344444444294
400,2025-03-19T23:50:35.245237,0.9677950000000048,0.00470777777777778,0.31787483333332983,0.0,0.00046416666666667294,0.000605000000000016,0.0,0.24368900000000104,1.073261333333335,0.0,0.0,0.0,0.0,0.05270577777777735,0.5682804444444464,0.0,0.0,0.0,0.0,0.1951695555555533,0.0,0.0,0.0,0.0,0.0,0.1574574999999996,0.36772344444444294
400,2025-03-19T23:50:38.248164,0.9677950000000048,0.00470777777777778,0.0,3.200193333333346,0.00046416666666667294,0.000605000000000016,0.0,0.24368900000000104,0.0,0.0007449999999999957,0.0,0.0,0.0,0.05270577777777735,0.5682804444444464,0.0,0.0,0.0012346666666666803,0.0,0.1951695555555533,0.26028533333333337,0.7397614999999955,0.0,0.0,0.0,0.0,0.0
400,2025-03-19T23:50:41.251062,0.0,0.00470777777777778,0.2744185000000007,3.200193333333346,0.0,0.000605000000000016,0.0,0.0,0.0,0.0007449999999999957,0.0,0.4453343333333351,0.0,0.05270577777777735,0.5682804444444464,0.8720481666666635,0.0,0.0012346666666666803,0.0,0.1951695555555533,0.26028533333333337,0.7397614999999955,0.20165933333333425,0.0,1.3171936666666777,0.0,0.0
400,2025-03-19T23:50:44.252527,0.0,0.0,0.2744185000000007,0.0,0.0,0.0,0.0,0.0,0.7012075000000096,0.0007449999999999957,0.2935033333333321,0.4453343333333351,0.21654850000000184,0.0,0.0,0.8720481666666635,0.25173100000000187,0.0,0.0,0.126335777777778,0.0,0.0,0.20165933333333425,0.0,1.3171936666666777,0.0,0.5164044444444471
400,2025-03-19T23:50:47.255432,1.360482333333342,0.0,0.0,0.0,0.0,0.0,0.017770166666666757,0.0,0.7012075000000096,0.0,0.2935033333333321,0.0,0.21654850000000184,0.04616666666666684,0.0,0.0,0.25173100000000187,0.0,0.49744383333332587,0.126335777777778,0.0,0.0,0.0,0.26551383333333217,1.3171936666666777,0.0,0.5164044444444471
400,2025-03-19T23:50:50.258329,1.360482333333342,0.0,0.0,0.0,0.0,0.0,0.017770166666666757,0.212629166666666,0.0,0.0006013333333333303,0.2935033333333321,0.0,0.0,0.04616666666666684,0.4278821111111092,0.0,0.0,0.0,0.49744383333332587,0.126335777777778,0.0,0.0,0.0,0.26551383333333217,0.0,0.146920333333334,0.5164044444444471
400,2025-03-19T23:50:53.260535,0.0,0.004592000000000004,0.26284483333333236,0.0,0.0008926666666666896,0.0008742222222222208,0.0,0.21262916666666593,0.0,0.0006013333333333303,0.0,0.0,0.0,0.04616666666666684,0.4278821111111092,0.0,0.0,0.0011931666666666523,0.0,0.0,0.0,0.5559753333333409,0.1857159999999993,0.0,0.833189333333318,0.146920333333334,0.0
400,2025-03-19T23:50:56.263411,0.0,0.004592000000000004,0.2628448333333325,1.8796983333333328,0.0008926666666666898,0.0008742222222222208,0.0,0.0,0.0,0.0006013333333333303,0.0,0.0,0.0,0.0,0.4278821111111092,0.7290359999999984,0.0,0.0011931666666666527,0.0,0.0,0.31193883333333383,0.5559753333333409,0.18571599999999935,0.0,0.833189333333318,0.0,0.0
400,2025-03-19T23:50:59.266274,0.0,0.004592000000000004,0.0,1.8796983333333328,0.0,0.0008742222222222208,0.013227999999999797,0.0,0.0,0.0,0.0,0.5017906666666648,0.0,0.0,0.0,0.7290359999999984,0.2527373333333335,0.0,0.3585668333333369,0.0,0.31193883333333383,0.0,0.0,0.0,0.833189333333318,0.0,0.0
400,2025-03-19T23:51:02.268518,1.3015076666666612,0.0,0.0,0.0,0.0,0.0,0.013227999999999797,0.20298650000000154,1.3063745000000042,0.0,0.0,0.5017906666666648,0.3524781666666665,0.07131566666666661,0.38490166666666586,0.0,0.2527373333333335,0.0,0.3585668333333369,0.22603177777777875,0.0,0.0,0.0,0.0,0.9205518888888947,0.0,0.0
400,2025-03-19T23:51:05.271400,1.3015076666666612,0.0,0.0,0.0,0.0,0.0006596666666666511,0.0,0.20298650000000154,1.3063745000000042,0.0,0.32988555555555704,0.0,0.3524781666666665,0.07131566666666661,0.38490166666666586,0.0,0.0,0.0,0.0,0.22603177777777875,0.0,0.5108084999999961,0.19791149999999885,0.21698133333333425,0.9205518888888947,0.1147221666666667,0.6397563333333349
400,2025-03-19T23:51:08.272518,0.0,0.0,0.0,0.0,0.0,0.0006596666666666511,0.0,0.0,0.0,0.0010475555555555548,0.32988555555555704,0.0,0.0,0.07131566666666661,0.38490166666666586,0.0,0.0,0.0012771666666666628,0.0,0.22603177777777875,0.18825966666666719,0.5108084999999961,0.19791149999999885,0.21698133333333425,0.9205518888888947,0.1147221666666667,0.6397563333333349
400,2025-03-19T23:51:11.275399,0.0,0.004809777777777827,0.4811913333333375,1.649246500000004,0.0008586666666666374,0.0006596666666666511,0.01410500000000011,0.0,0.0,0.0010475555555555548,0.32988555555555704,0.0,0.0,0.0,0.0,0.0,0.1964463333333318,0.0012771666666666628,0.0,0.0,0.18825966666666719,0.0,0.0,0.0,0.0,0.0,0.6397563333333349
400,2025-03-19T23:51:14.276547,0.0,0.004809777777777827,0.4811913333333375,1.649246500000004,0.0008586666666666374,0.0,0.01410500000000011,0.15769849999999982,0.0,0.0010475555555555548,0.0,0.0,0.0,0.04666088888888867,0.0,0.9230021666666726,0.1964463333333318,0.0,0.4428120000000036,0.15348355555555473,0.0,0.0,0.0,0.0,0.0,0.0,0.364958111111106
400,2025-03-19T23:51:17.279423,0.0,0.004809777777777827,0.0,0.0,0.0,0.0005490000000000094,0.0,0.15769849999999982,0.0,0.0,0.0,0.0,0.0,0.04666088888888867,0.42369666666666544,0.9230021666666726,0.0,0.0,0.4428120000000036,0.15348355555555473,0.0,0.0,0.252973000000002,0.0,0.0,0.11621516666666784,0.364958111111106
400,2025-03-19T23:51:20.282324,1.9271973333333299,0.0,0.0,0.0,0.0,0.0005490000000000094,0.01122500000000019,0.0,0.0,0.0,0.2750196666666638,0.5132011666666662,0.32071433333333255,0.04666088888888867,0.42369666666666544,0.0,0.0,0.0,0.0,0.15348355555555473,0.161887333333335,0.0,0.252973000000002,0.21823750000000078,1.472744888888883,0.11621516666666784,0.364958111111106
400,2025-03-19T23:51:23.285191,1.9271973333333299,0.0,0.0,0.0,0.0,0.0005490000000000092,0.01122500000000019,0.0,1.3239008333333309,0.0006987777777777765,0.2750196666666637,0.5132011666666662,0.32071433333333255,0.0,0.42369666666666533,0.0,0.0,0.001260666666666688,0.0,0.0,0.161887333333335,0.6666746666666655,0.0,0.21823750000000078,1.4727448888888828,0.0,0.0
400,2025-03-19T23:51:26.288061,0.0,0.0,0.0,0.0,0.0,0.0,0.0,0.0,1.3239008333333309,0.0006987777777777766,0.2750196666666638,0.0,0.0,0.045754333333334,0.0,0.0,0.19206266666666733,0.001260666666666688,0.355411833333335,0.0,0.0,0.6666746666666655,0.0,0.0,1.472744888888883,0.0,0.0
400,2025-03-19T23:51:29.290950,0.0,0.0,0.49917949999999683,3.5444238333333264,0.0008020000000000065,0.0,0.0,0.2616329999999986,0.0,0.0006987777777777766,0.0,0.0,0.0,0.045754333333334,0.0,0.0,0.19206266666666733,0.0,0.355411833333335,0.0,0.0,0.0,0.0,0.0,0.0,0.0,0.0
400,2025-03-19T23:51:32.293817,0.0,0.005046555555555443,0.49917949999999683,3.5444238333333264,0.0008020000000000065,0.0008028888888888839,0.011720333333333482,0.2616329999999986,0.0,0.0005765555555555679,0.0,0.0,0.20801516666666944,0.045754333333334,0.4421112222222266,0.8366318333333331,0.0,0.0,0.0,0.24603322222222349,0.24124849999999756,0.0,0.23983983333332998,0.0,0.0,0.0,0.579606
400,2025-03-19T23:51:35.296509,0.0,0.005046555555555443,0.0,0.0,0.0,0.0008028888888888839,0.011720333333333478,0.0,0.0,0.0005765555555555679,0.0,0.44469483333333426,0.20801516666666936,0.0,0.4421112222222266,0.8366318333333328,0.18953849999999756,0.0,0.0,0.24603322222222349,0.24124849999999756,0.5135483333333373,0.23983983333332998,0.0,1.2422956666666778,0.0,0.579606
400,2025-03-19T23:51:38.298718,1.9588994999999911,0.005046555555555444,0.0,0.0,0.0,0.000802888888888884,0.0,0.0,0.9864378333333359,0.0005765555555555679,0.0,0.44469483333333437,0.0,0.0,0.44211122222222665,0.0,0.18953849999999764,0.0010389999999999748,0.0,0.2460332222222235,0.0,0.5135483333333374,0.0,0.23057750000000013,1.242295666666678,0.21954883333333208,0.579606
400,2025-03-19T23:51:41.301645,1.9588994999999918,0.0,0.0,0.0,0.0,0.0,0.0,0.0,0.9864378333333359,0.0,0.3289911111111129,0.0,0.0,0.07102377777777807,0.0,0.0,0.0,0.0010389999999999753,0.460799833333321,0.0,0.0,0.0,0.0,0.2305775000000002,1.2422956666666778,0.21954883333333208,0.0
400,2025-03-19T23:51:44.304522,0.0,0.0,0.0,0.0,0.0,0.0,0.0,0.0,0.0,0.0,0.3289911111111129,0.0,0.0,0.07102377777777807,0.31957255555555425,0.0,0.0,0.0,0.460799833333321,0.12654388888888787,0.0,0.0,0.0,0.0,0.0,0.0,0.0
400,2025-03-19T23:51:47.307432,0.0,0.0,0.412581666666668,1.8044948333333273,0.0008325000000000139,0.0,0.0,0.0,0.6688066666666639,0.0007613333333333423,0.3289911111111129,0.0,0.2718244999999987,0.07102377777777807,0.31957255555555425,0.7351588333333344,0.17079183333333486,0.0,0.0,0.12654388888888787,0.0,0.0,0.0,0.0,0.0,0.0,0.4513739999999997
400,2025-03-19T23:51:50.310338,0.9769030000000121,0.0045331111111111735,0.412581666666668,1.8044948333333273,0.0008325000000000139,0.0,0.016146333333333377,0.28610566666666654,0.6688066666666639,0.0007613333333333423,0.0,0.0,0.2718244999999987,0.0,0.31957255555555425,0.7351588333333344,0.17079183333333486,0.0011016666666666677,0.0,0.12654388888888787,0.0,0.0,0.31276333333333645,0.0,0.0,0.10876950000000109,0.4513739999999997
400,2025-03-19T23:51:53.313201,0.9769030000000121,0.0045331111111111735,0.0,0.0,0.0,0.0010095555555555476,0.016146333333333377,0.28610566666666654,0.0,0.0007613333333333423,0.235947444444444,0.4386543333333322,0.0,0.0,0.0,0.0,0.0,0.0011016666666666677,0.0,0.0,0.31090549999999934,0.6447241666666629,0.31276333333333645,0.0,1.2406362222222167,0.10876950000000109,0.4513739999999997
400,2025-03-19T23:51:56.316089,0.0,0.0045331111111111735,0.0,0.0,0.0,0.0010095555555555476,0.0,0.0,0.0,0.0,0.235947444444444,0.4386543333333322,0.0,0.0610511111111107,0.2784159999999992,0.5337409999999921,0.0,0.0,0.0,0.0,0.31090549999999934,0.6447241666666629,0.0,0.0,1.2406362222222167,0.0,0.33261555555556144
425,2025-03-19T23:53:16.787534,0.05653822222221708,0.004509666666666709,0.006804111111111726,0.0020596666666582073,0.0,0.0,0.008091333333333573,0.0,0.003451777777778868,0.0009804999999999768,0.05355633333333762,0.0,0.0455002222222226,0.0,0.0,0.0006366666666634855,0.007636444444446827,0.0008418888888889075,0.15357033333332817,0.0,0.0,0.0005983333333321954,0.0,0.014597444444442925,0.0,0.017776333333333446,0.041224333333332204
425,2025-03-19T23:53:19.790479,0.05653822222221708,0.004509666666666709,0.006804111111111726,0.0,0.0005274444444444508,0.0,0.008091333333333573,0.0,0.0,0.0,0.05355633333333762,0.0,0.0455002222222226,0.04258699999999986,0.0,0.0,0.007636444444446827,0.0008418888888889075,0.15357033333332817,0.0915210000000002,0.0,0.0,0.11205222222222094,0.014597444444442925,0.746250666666659,0.017776333333333446,0.0
425,2025-03-19T23:53:22.793407,0.0,0.0,0.1763933333333354,0.0,0.0005274444444444508,0.0,0.0,0.09856522222222314,0.0,0.0,0.0,0.0,0.0455002222222226,0.04258699999999986,0.0,0.4159937777777777,0.0,0.0,0.2314951111111188,0.0915210000000002,0.0,0.0,0.11205222222222094,0.0,0.746250666666659,0.0,0.0
425,2025-03-19T23:53:25.796343,0.0,0.0,0.1763933333333354,0.0,0.0005274444444444508,0.0013489999999999707,0.0,0.09856522222222314,0.5803657777777794,0.0,0.0,0.24019055555555727,0.11645944444444468,0.0,0.4122071666666614,0.4159937777777777,0.0,0.0,0.2314951111111188,0.0,0.1433407777777802,0.0,0.11205222222222094,0.0,0.0,0.0,0.0
425,2025-03-19T23:53:28.799268,0.0,0.0,0.1763933333333354,2.166696444444445,0.0,0.0013489999999999707,0.01079322222222206,0.09856522222222314,0.5803657777777794,0.0,0.0,0.24019055555555727,0.11645944444444468,0.0,0.4122071666666614,0.4159937777777777,0.174266111111109,0.0,0.2314951111111188,0.0,0.1433407777777802,0.567130111111112,0.0,0.0,0.0,0.09045777777777808,0.0
425,2025-03-19T23:53:31.802181,1.3144381111111192,0.006455833333333476,0.17832588888888762,2.166696444444445,0.0,0.0,0.01079322222222206,0.0,0.5803657777777794,0.0,0.0,0.24019055555555727,0.11645944444444468,0.0,0.0,0.0,0.174266111111109,0.0011607777777777883,0.0,0.0,0.1433407777777802,0.567130111111112,0.0,0.16970999999999967,0.0,0.09045777777777808,0.7552884999999966
425,2025-03-19T23:53:34.805107,1.3144381111111192,0.006455833333333476,0.17832588888888762,2.166696444444445,0.0,0.0,0.01079322222222206,0.1039307777777765,0.0,0.0016136666666666246,0.5200088333333308,0.0,0.0,0.0,0.0,0.0,0.174266111111109,0.0011607777777777883,0.0,0.0,0.0,0.567130111111112,0.19440099999999916,0.16970999999999967,0.0,0.09045777777777808,0.7552884999999966
425,2025-03-19T23:53:37.805649,1.3144381111111192,0.0,0.17832588888888762,0.0,0.0,0.0,0.0,0.1039307777777765,0.0,0.0016136666666666246,0.5200088333333308,0.0,0.0,0.0,0.5441895000000064,0.45125155555555496,0.0,0.0011607777777777883,0.0,0.3569933333333353,0.16567866666666634,0.0,0.19440099999999916,0.16970999999999967,2.2054021666666968,0.0,0.0
425,2025-03-19T23:53:40.808553,0.0,0.0,0.0,0.0,0.0005927777777777632,0.0011671666666666822,0.008860555555555453,0.1039307777777765,0.7963593333333342,0.0,0.0,0.30607177777777556,0.0,0.13263766666666757,0.5441895000000064,0.45125155555555496,0.0,0.0,0.0,0.3569933333333353,0.16567866666666634,0.0,0.19440099999999916,0.0,2.2054021666666968,0.0,0.0
425,2025-03-19T23:53:43.811445,0.881100222222219,0.0,0.0,1.2211547777777823,0.0005927777777777632,0.0011671666666666822,0.008860555555555453,0.0,0.7963593333333342,0.0,0.0,0.30607177777777556,0.2046744444444452,0.13263766666666757,0.0,0.45125155555555496,0.0,0.0,0.40668788888888235,0.0,0.16567866666666634,0.46218755555555746,0.0,0.0,0.0,0.12734944444444493,0.0
425,2025-03-19T23:53:46.812525,0.881100222222219,0.006470999999999746,0.2413088888888903,1.2211547777777823,0.0005927777777777632,0.0,0.008860555555555453,0.0,0.7963593333333342,0.0,0.31998416666667145,0.30607177777777556,0.2046744444444452,0.0,0.0,0.0,0.1920493333333329,0.0,0.40668788888888235,0.21202116666666393,0.0,0.46218755555555746,0.0,0.0,0.0,0.12734944444444493,0.7105506666666676
425,2025-03-19T23:53:49.815391,0.881100222222219,0.006470999999999746,0.2413088888888903,1.2211547777777823,0.0,0.0,0.009211666666666693,0.0,0.0,0.00130333333333336,0.31998416666667145,0.0,0.2046744444444452,0.0,0.0,0.0,0.1920493333333329,0.0010353333333333265,0.40668788888888235,0.21202116666666393,0.0,0.46218755555555746,0.16175555555555676,0.21034333333333344,0.0,0.12734944444444493,0.7105506666666676
425,2025-03-19T23:53:52.818311,0.0,0.0,0.2413088888888903,0.0,0.0,0.0008469999999999682,0.009211666666666693,0.16274477777777938,0.47798655555555397,0.00130333333333336,0.0,0.0,0.0,0.07553516666666601,0.0,0.0,0.1920493333333329,0.0010353333333333265,0.0,0.0,0.1884666666666672,0.0,0.16175555555555676,0.21034333333333344,0.0,0.0,0.0
425,2025-03-19T23:53:55.820483,0.7542093333333293,0.0,0.0,0.0,0.0005355555555555607,0.0008469999999999682,0.009211666666666693,0.16274477777777938,0.47798655555555397,0.0,0.0,0.3306688888888895,0.1235664444444448,0.07553516666666601,0.7027266666666682,0.5805110000000013,0.0,0.0010353333333333265,0.2933370000000019,0.0,0.1884666666666672,0.0,0.16175555555555676,0.21034333333333344,2.2056806666666566,0.0,0.0
425,2025-03-19T23:53:58.823383,0.7542093333333293,0.0,0.0,1.0458204444444417,0.0005355555555555607,0.0,0.0,0.16274477777777938,0.47798655555555397,0.0,0.0,0.3306688888888895,0.1235664444444448,0.0,0.7027266666666682,0.5805110000000013,0.14693844444444595,0.0,0.2933370000000019,0.2573161666666693,0.1884666666666672,0.0,0.0,0.0,2.2056806666666566,0.0,0.0
425,2025-03-19T23:54:01.825506,0.7542093333333293,0.005891333333333471,0.0,1.0458204444444417,0.0005355555555555607,0.0,0.0,0.0,0.0,0.0,0.3657679999999933,0.3306688888888895,0.1235664444444448,0.0,0.0,0.5805110000000013,0.14693844444444595,0.0,0.2933370000000019,0.2573161666666693,0.0,0.6597689999999956,0.0,0.0,0.0,0.10561666666666586,0.0
425,2025-03-19T23:54:04.828442,0.0,0.005891333333333471,0.29278633333333287,1.0458204444444417,0.0,0.0009633333333333531,0.0,0.0,0.0,0.0012299999999999904,0.3657679999999933,0.0,0.0,0.0,0.0,0.0,0.14693844444444595,0.000636111111111109,0.0,0.0,0.14695411111111098,0.6597689999999956,0.1864103333333339,0.0,0.0,0.10561666666666586,0.9840735000000034
425,2025-03-19T23:54:07.831353,0.8316290000000083,0.0,0.29278633333333287,0.0,0.0,0.0009633333333333531,0.01082322222222211,0.11967144444444482,0.7353617777777749,0.0012299999999999904,0.0,0.0,0.0,0.0,0.0,0.4095530000000041,0.0,0.000636111111111109,0.0,0.0,0.14695411111111098,0.6597689999999956,0.1864103333333339,0.1723050000000007,0.0,0.10561666666666586,0.9840735000000034
425,2025-03-19T23:54:10.834268,0.8316290000000083,0.0,0.29278633333333287,0.0,0.00046477777777778314,0.0,0.01082322222222211,0.11967144444444482,0.7353617777777749,0.0,0.0,0.284041000000002,0.16799133333333316,0.12864866666666805,0.6415183333333327,0.4095530000000041,0.1262941111111123,0.000636111111111109,0.27701877777777406,0.20741966666666659,0.14695411111111098,0.0,0.1864103333333339,0.1723050000000007,1.779682666666645,0.0,0.0
425,2025-03-19T23:54:13.837181,0.8316290000000083,0.0,0.0,0.0,0.00046477777777778314,0.0,0.01082322222222211,0.11967144444444482,0.7353617777777749,0.0,0.0,0.284041000000002,0.16799133333333316,0.12864866666666805,0.6415183333333327,0.4095530000000041,0.1262941111111123,0.0,0.27701877777777406,0.20741966666666659,0.0,0.39790933333333417,0.0,0.1723050000000007,1.779682666666645,0.07858577777777814,0.0
425,2025-03-19T23:54:16.840122,0.7065926666666655,0.005686833333333456,0.2714945555555536,2.352610555555556,0.00046477777777778314,0.0,0.0,0.09596866666666415,0.0,0.0,0.424856333333338,0.284041000000002,0.16799133333333316,0.0,0.0,0.0,0.1262941111111123,0.0,0.27701877777777406,0.0,0.0,0.39790933333333417,0.0,0.0,0.0,0.07858577777777814,0.0
425,2025-03-19T23:54:19.843059,0.7065926666666655,0.005686833333333456,0.2714945555555536,2.352610555555556,0.0,0.0012419999999999656,0.0,0.09596866666666415,0.0,0.0,0.424856333333338,0.0,0.0,0.0,0.0,0.44688644444444336,0.0,0.0,0.0,0.0,0.0,0.39790933333333417,0.0,0.0,1.5219428333333556,0.07858577777777814,0.0
425,2025-03-19T23:54:22.846005,0.7065926666666655,0.0,0.2714945555555536,2.352610555555556,0.0,0.0012419999999999656,0.0137275555555559,0.09596866666666415,0.7552428888888901,0.001463666666666678,0.0,0.0,0.0,0.08499599999999911,0.0,0.44688644444444336,0.15968333333333048,0.000998444444444413,0.27547955555556,0.2459614999999976,0.21186244444444294,0.0,0.2531106666666669,0.15168677777777856,1.5219428333333556,0.0,0.9028980000000029
425,2025-03-19T23:54:25.848936,0.0,0.0,0.0,0.0,0.0,0.0,0.0137275555555559,0.0,0.7552428888888901,0.001463666666666678,0.0,0.2928993333333349,0.17066722222222097,0.08499599999999911,0.0,0.44688644444444336,0.15968333333333048,0.000998444444444413,0.27547955555556,0.2459614999999976,0.21186244444444294,0.44504855555555883,0.2531106666666669,0.15168677777777856,0.0,0.07029388888888852,0.9028980000000029
425,2025-03-19T23:54:28.851843,0.0,0.0,0.0,0.0,0.000533222222222222,0.0,0.0137275555555559,0.0,0.7552428888888901,0.0,0.0,0.2928993333333349,0.17066722222222097,0.0,0.8618148333333315,0.0,0.15968333333333048,0.000998444444444413,0.27547955555556,0.0,0.21186244444444294,0.44504855555555883,0.2531106666666669,0.15168677777777856,0.0,0.07029388888888852,0.0
425,2025-03-19T23:54:31.854752,0.0,0.0,0.0,0.0,0.000533222222222222,0.0,0.0,0.0,0.0,0.0,0.0,0.2928993333333349,0.17066722222222097,0.0,0.8618148333333315,0.44988399999999734,0.0,0.0,0.0,0.0,0.0,0.44504855555555883,0.0,0.0,0.0,0.07029388888888852,0.0
425,2025-03-19T23:54:34.857666,1.193635222222219,0.007832999999999759,0.32039088888888995,2.3341116666666726,0.000533222222222222,0.0011820000000000166,0.00793155555555537,0.18855133333333485,0.0,0.0,0.0,0.0,0.0,0.0,0.0,0.44988399999999734,0.0,0.0007814444444444766,0.0,0.24691700000000105,0.0,0.0,0.0,0.0,1.7237166666666708,0.0,0.5095444999999946
425,2025-03-19T23:54:37.860560,1.193635222222219,0.007832999999999759,0.32039088888888995,1.556074444444448,0.0,0.0011820000000000166,0.00793155555555537,0.18855133333333485,0.0,0.0,0.49535299999999444,0.0,0.0,0.0,0.0,0.44988399999999734,0.1679508888888898,0.0007814444444444766,0.29928299999999636,0.24691700000000105,0.0,0.0,0.0,0.0,1.7237166666666708,0.0,0.5095444999999946
425,2025-03-19T23:54:40.863489,1.193635222222219,0.0,0.32039088888888995,0.0,0.00037277777777777743,0.0,0.00793155555555537,0.18855133333333485,0.8525304444444449,0.0013741666666666765,0.49535299999999444,0.31874333333333504,0.1851581111111121,0.09873649999999876,0.560250999999994,0.0,0.1679508888888898,0.0007814444444444766,0.29928299999999636,0.0,0.2026225555555546,0.5361127777777723,0.23483166666666636,0.17529733333333297,0.0,0.0,0.0
425,2025-03-19T23:54:43.866400,0.0,0.0,0.0,0.0,0.00037277777777777743,0.0,0.0,0.0,0.8525304444444449,0.0013741666666666765,0.0,0.31874333333333504,0.1851581111111121,0.09873649999999876,0.560250999999994,0.0,0.1679508888888898,0.0,0.29928299999999636,0.0,0.2026225555555546,0.5361127777777723,0.23483166666666636,0.17529733333333297,1.4119248333333114,0.0,0.5682775000000031
425,2025-03-19T23:54:46.869302,0.0,0.0,0.0,0.0,0.00037277777777777743,0.0008174999999999897,0.0,0.0,0.8525304444444449,0.0,0.0,0.31874333333333504,0.1851581111111121,0.0,0.0,0.48228144444444376,0.0,0.0,0.0,0.0,0.2026225555555546,0.5361127777777723,0.23483166666666636,0.17529733333333297,1.4119248333333114,0.1541865555555562,0.5682775000000031
425,2025-03-19T23:54:49.872213,0.0,0.006077666666666796,0.0,0.0,0.0,0.0008174999999999897,0.0,0.10704388888888794,0.0,0.0,0.0,0.0,0.0,0.0,0.0,0.48228144444444376,0.0,0.0,0.0,0.3336860000000002,0.0,0.0,0.0,0.0,0.0,0.1541865555555562,0.0
425,2025-03-19T23:54:52.875136,1.1686188888888864,0.006077666666666796,0.27160666666666583,0.0,0.0,0.0,0.011504222222222263,0.10704388888888794,0.0,0.0009021666666666485,0.0,0.0,0.0,0.0,0.0,0.48228144444444376,0.15541133333333493,0.0,0.36217966666667206,0.3336860000000002,0.0,0.0,0.14849899999999946,0.0,0.0,0.1541865555555562,0.0
425,2025-03-19T23:54:55.878058,1.1686188888888864,0.0,0.27160666666666583,2.0107568333333274,0.0,0.0,0.011504222222222263,0.10704388888888794,0.0,0.0009021666666666485,0.4790563333333372,0.2772494444444394,0.0,0.10930866666666836,0.6184256666666671,0.0,0.15541133333333493,0.0011606666666666618,0.36217966666667206,0.0,0.18340044444444617,0.0,0.14849899999999946,0.0,0.0,0.0,0.5002598333333311
425,2025-03-19T23:54:58.880948,1.1686188888888864,0.0,0.27160666666666583,2.0107568333333274,0.0005629999999999925,0.0,0.011504222222222263,0.0,0.0,0.0,0.4790563333333372,0.2772494444444394,0.19304177777777595,0.10930866666666836,0.6184256666666671,0.0,0.15541133333333493,0.0011606666666666618,0.36217966666667206,0.0,0.18340044444444617,0.0,0.14849899999999946,0.18846222222222134,1.6502740000000056,0.07280844444444452,0.5002598333333311
425,2025-03-19T23:55:01.883848,0.0,0.004547833333333233,0.0,0.0,0.0005629999999999925,0.0,0.0,0.0,0.9075632222222163,0.0,0.0,0.2772494444444394,0.19304177777777595,0.0,0.0,0.0,0.0,0.0011606666666666618,0.0,0.27201850000000155,0.18340044444444617,0.6980384444444465,0.0,0.18846222222222134,1.6502740000000056,0.07280844444444452,0.0
425,2025-03-19T23:55:04.886734,0.0,0.004547833333333233,0.0,0.0,0.0005629999999999925,0.0013706666666667053,0.009559555555555556,0.16314833333333292,0.9075632222222163,0.00108050000000004,0.3040961666666628,0.21340555555555815,0.19304177777777595,0.0,0.0,0.6601855555555606,0.0,0.0,0.22915766666666415,0.27201850000000155,0.0,0.6980384444444465,0.15357633333333195,0.18846222222222134,0.0,0.07280844444444452,0.5144688333333345
425,2025-03-19T23:55:07.889630,0.0,0.0,0.0,1.4153566666666773,0.0,0.0013706666666667053,0.009559555555555556,0.16314833333333292,0.9075632222222163,0.00108050000000004,0.3040961666666628,0.21340555555555815,0.0,0.0,0.0,0.6601855555555606,0.0,0.0,0.22915766666666415,0.0,0.0,0.6980384444444465,0.15357633333333195,0.0,0.0,0.0,0.5144688333333345
425,2025-03-19T23:55:10.892471,1.2175797777777766,0.0,0.36150766666666656,1.4153566666666773,0.00034422222222222726,0.0,0.009559555555555556,0.16314833333333292,0.0,0.0,0.0,0.21340555555555815,0.0,0.0,0.0,0.6601855555555606,0.19366222222222026,0.0008545555555555436,0.22915766666666415,0.0,0.20718622222222255,0.0,0.15357633333333195,0.12083722222222251,1.4830818333333584,0.07999244444444445,0.0
425,2025-03-19T23:55:13.895388,1.2175797777777766,0.0,0.36150766666666656,0.0,0.00034422222222222726,0.0,0.0,0.0,0.0,0.0,0.0,0.0,0.0,0.11960366666666528,0.64875383333334,0.0,0.19366222222222026,0.0008545555555555436,0.0,0.22640366666666506,0.20718622222222255,0.37974744444444597,0.0,0.12083722222222251,1.4830818333333584,0.07999244444444445,0.0
425,2025-03-19T23:55:16.896519,1.2175797777777766,0.0,0.36150766666666656,0.0,0.00034422222222222726,0.0,0.007747111111111199,0.09509700000000029,0.7299845555555623,0.0,0.289866500000007,0.0,0.21182266666666769,0.11960366666666528,0.64875383333334,0.0,0.19366222222222026,0.0008545555555555436,0.0,0.22640366666666506,0.20718622222222255,0.37974744444444597,0.16490166666666697,0.12083722222222251,0.0,0.07999244444444445,0.5583803333333323
425,2025-03-19T23:55:19.899440,0.0,0.0,0.0,0.0,0.00035233333333333725,0.0,0.007747111111111199,0.09509700000000029,0.7299845555555623,0.001208666666666636,0.289866500000007,0.0,0.21182266666666769,0.0,0.0,0.48225366666666664,0.0,0.0,0.0,0.0,0.0,0.37974744444444597,0.16490166666666697,0.0,0.0,0.0,0.5583803333333323
425,2025-03-19T23:55:22.902363,0.8284128888888947,0.007740000000000081,0.0,0.0,0.00035233333333333725,0.00149533333333333,0.007747111111111199,0.09509700000000029,0.7299845555555623,0.001208666666666636,0.0,0.0,0.21182266666666769,0.0,0.0,0.48225366666666664,0.0,0.0,0.378386000000003,0.0,0.0,0.0,0.16490166666666697,0.0,0.0,0.0,0.0
425,2025-03-19T23:55:25.905222,0.8284128888888947,0.007740000000000081,0.0,3.621669999999995,0.00035233333333333725,0.00149533333333333,0.0,0.0,0.0,0.0,0.0,0.37748400000000026,0.0,0.0,0.0,0.48225366666666664,0.0,0.0008977777777777875,0.378386000000003,0.0,0.14961877777777646,0.47313766666666707,0.0,0.0,0.0,0.08536688888888794,0.0
425,2025-03-19T23:55:28.908089,0.8284128888888947,0.0,0.34580177777777976,3.621669999999995,0.0,0.0,0.008465777777777659,0.0,0.0,0.0,0.28859133333332926,0.37748400000000026,0.0,0.0,0.7008699999999995,0.0,0.20342855555555656,0.0008977777777777875,0.378386000000003,0.0,0.14961877777777646,0.47313766666666707,0.14156222222222128,0.0,2.4645519999999883,0.08536688888888794,0.6439989999999985
425,2025-03-19T23:55:31.910969,0.0,0.0,0.34580177777777976,0.0,0.0,0.0,0.008465777777777659,0.0,0.0,0.0,0.28859133333332926,0.37748400000000026,0.19912800000000175,0.12464850000000166,0.7008699999999995,0.4571013333333301,0.20342855555555656,0.0008977777777777875,0.0,0.38649866666666816,0.14961877777777646,0.47313766666666707,0.14156222222222128,0.19586233333333466,2.4645519999999883,0.08536688888888794,0.6439989999999985
425,2025-03-19T23:55:34.912511,0.0,0.0,0.34580177777777976,0.0,0.0,0.0,0.008465777777777659,0.17044844444444607,0.8516276666666601,0.0011788333333333514,0.0,0.0,0.19912800000000175,0.12464850000000166,0.0,0.4571013333333301,0.20342855555555656,0.0005112222222222308,0.0,0.38649866666666816,0.13047655555555734,0.0,0.14156222222222128,0.19586233333333466,0.0,0.0,0.0
425,2025-03-19T23:55:37.915388,1.1020369999999957,0.006893666666666577,0.0,1.2031135000000102,0.0,0.0013391666666666693,0.0,0.17044844444444607,0.8516276666666601,0.0011788333333333514,0.0,0.28693655555555453,0.19912800000000175,0.0,0.0,0.4571013333333301,0.0,0.0005112222222222308,0.0,0.0,0.13047655555555734,0.4679881111111084,0.0,0.19586233333333466,0.0,0.0,0.0
425,2025-03-19T23:55:40.918271,1.1020369999999957,0.006893666666666577,0.0,1.2031135000000102,0.0006241111111111092,0.0013391666666666693,0.009621666666666567,0.17044844444444607,0.8516276666666601,0.0,0.0,0.28693655555555453,0.0,0.0,0.4395566666666658,0.0,0.0,0.0005112222222222308,0.38255888888889134,0.0,0.13047655555555734,0.4679881111111084,0.0,0.0,0.0,0.11896022222222295,0.0
425,2025-03-19T23:55:43.921154,1.1020369999999957,0.0,0.0,0.0,0.0006241111111111092,0.0,0.009621666666666567,0.0,0.0,0.0,0.4142808333333316,0.28693655555555453,0.12601444444444435,0.0,0.4395566666666658,0.0,0.0,0.0,0.38255888888889134,0.0,0.0,0.4679881111111084,0.0,0.0,0.0,0.11896022222222295,0.754820166666671
425,2025-03-19T23:55:46.924046,0.7328516666666727,0.0,0.0,0.0,0.0006241111111111092,0.0,0.009621666666666567,0.0,0.0,0.0,0.4142808333333316,0.0,0.12601444444444435,0.10156049999999796,0.0,0.0,0.20360388888888933,0.0,0.38255888888889134,0.0,0.0,0.0,0.22949511111111243,0.0,2.4317156666666433,0.11896022222222295,0.754820166666671
425,2025-03-19T23:55:49.924511,0.7328516666666727,0.0,0.34496777777777593,0.0,0.0003118888888888893,0.0,0.0,0.13003522222222033,0.0,0.0,0.0,0.0,0.12601444444444435,0.10156049999999796,0.0,0.5447373333333366,0.20360388888888933,0.0,0.0,0.3212853333333309,0.15774311111110884,0.0,0.22949511111111243,0.1954791111111105,2.4317156666666433,0.05766699999999977,0.0
425,2025-03-19T23:55:52.927417,0.7328516666666727,0.0,0.34496777777777593,0.0,0.0003118888888888893,0.0,0.0,0.13003522222222033,0.8850181111111195,0.0014426666666666292,0.0,0.0,0.0,0.0,0.5506239999999992,0.5447373333333366,0.20360388888888933,0.0009274444444444068,0.0,0.3212853333333309,0.15774311111110884,0.0,0.22949511111111243,0.1954791111111105,0.0,0.05766699999999977,0.0
425,2025-03-19T23:55:55.930314,0.0,0.006379000000000209,0.34496777777777593,1.8443529999999937,0.0003118888888888893,0.0,0.0,0.13003522222222033,0.8850181111111195,0.0014426666666666292,0.33011133333333953,0.0,0.0,0.0,0.5506239999999992,0.5447373333333366,0.0,0.0009274444444444068,0.33432233333332484,0.0,0.15774311111110884,0.5392117777777798,0.0,0.1954791111111105,0.0,0.05766699999999977,0.5485785000000003
425,2025-03-19T23:55:58.933202,0.0,0.006379000000000209,0.0,1.8443529999999937,0.0,0.0014833333333332812,0.0,0.0,0.8850181111111195,0.0,0.33011133333333953,0.3814504444444475,0.18791644444444147,0.0,0.0,0.0,0.0,0.0009274444444444068,0.33432233333332484,0.0,0.0,0.5392117777777798,0.0,0.0,0.0,0.0,0.5485785000000003
425,2025-03-19T23:56:01.936077,0.0,0.0,0.0,0.0,0.0,0.0014833333333332812,0.012760444444444612,0.0,0.0,0.0,0.0,0.3814504444444475,0.18791644444444147,0.0919283333333354,0.0,0.0,0.0,0.0,0.33432233333332484,0.0,0.0,0.5392117777777798,0.0,0.0,0.0,0.0,0.0
425,2025-03-19T23:56:04.936515,0.0,0.0,0.2977211111111128,0.0,0.0005148888888888919,0.0,0.012760444444444612,0.0,0.0,0.0011111666666667002,0.0,0.3814504444444475,0.18791644444444147,0.0919283333333354,0.0,0.5475908888888879,0.2235496666666658,0.0006067777777778203,0.0,0.0,0.0,0.0,0.21591033333333423,0.0,2.631774166666674,0.0,0.0
425,2025-03-19T23:56:07.939406,1.3800281111111115,0.005710833333333258,0.2977211111111128,3.128476833333328,0.0005148888888888919,0.0,0.012760444444444612,0.13924855555555699,0.6803185555555477,0.0011111666666667002,0.2908986666666636,0.0,0.0,0.0,0.6508678333333365,0.5475908888888879,0.2235496666666658,0.0006067777777778203,0.0,0.39176566666666685,0.23496088888889077,0.4226746666666688,0.21591033333333423,0.0,2.631774166666674,0.10973266666666683,0.5590008333333288
450,2025-03-19T23:57:28.363570,0.0,0.0,0.01480944444444453,0.0,0.0007372222222222164,0.0,0.010798833333333018,0.014733222222222115,0.1839201666666668,0.0,0.052418999999995705,0.0,0.0,0.0,0.0,0.0,0.0,0.0010160000000000045,0.14749866666666853,0.0,0.0005635555555538001,0.03455500000001167,0.0,0.024164888888890346,0.0,0.03231899999999873,0.11321066666666488
450,2025-03-19T23:57:31.366555,0.0,0.0,0.01480944444444453,0.0,0.0007372222222222164,0.0,0.010798833333333018,0.014733222222222115,0.1839201666666668,0.0015729999999999726,0.052418999999995705,0.0,0.1203999999999989,0.0,0.0,0.0,0.0,0.0,0.0,0.0,0.10542566666666808,0.0,0.09013044444444379,0.024164888888890346,0.0,0.03231899999999873,0.11321066666666488
450,2025-03-19T23:57:34.368525,0.0,0.005904166666666674,0.0,0.0,0.0007372222222222164,0.0,0.0,0.0,0.0,0.0015729999999999726,0.0,0.19426783333332767,0.1203999999999989,0.0,0.4374363333333331,0.0,0.11638716666666465,0.0004775555555555459,0.0,0.0,0.10542566666666808,0.0,0.09013044444444379,0.0,0.0,0.0,0.0
450,2025-03-19T23:57:37.371487,0.0,0.005904166666666674,0.2017617777777774,0.9148556666666537,0.0,0.0,0.0,0.1412112222222201,0.0,0.0,0.2731540000000053,0.19426783333332767,0.0,0.0,0.4374363333333331,0.0,0.11638716666666465,0.0004775555555555459,0.0,0.22790483333333594,0.10542566666666808,0.0,0.09013044444444379,0.0,1.5133980000000142,0.0,0.0
450,2025-03-19T23:57:40.374405,1.1377691111111214,0.0,0.2017617777777774,0.9148556666666537,0.0,0.0014269999999999932,0.0,0.1412112222222201,0.0,0.0,0.2731540000000053,0.0,0.0,0.10395766666666618,0.0,0.7394355000000038,0.0,0.0004775555555555459,0.39182322222221605,0.22790483333333594,0.0,0.0,0.0,0.1709065555555564,1.5133980000000142,0.0,0.6564979999999992
450,2025-03-19T23:57:43.377323,1.1377691111111214,0.0,0.2017617777777774,0.9148556666666537,0.0005295555555555609,0.0014269999999999932,0.019211500000000235,0.1412112222222201,0.0,0.0,0.0,0.0,0.0,0.10395766666666618,0.0,0.7394355000000038,0.0,0.0,0.39182322222221605,0.0,0.0,0.0,0.16236577777777939,0.1709065555555564,0.0,0.0,0.6564979999999992
450,2025-03-19T23:57:46.380254,1.1377691111111214,0.0,0.0,0.0,0.0005295555555555609,0.0,0.019211500000000235,0.0,1.2113813333333308,0.0,0.0,0.3662391666666736,0.2633424999999979,0.0,0.0,0.0,0.24395400000000225,0.0,0.39182322222221605,0.0,0.0,1.04134933333332,0.16236577777777939,0.1709065555555564,0.0,0.15237133333333477,0.0
450,2025-03-19T23:57:49.383172,0.8238267777777664,0.0,0.0,0.0,0.0005295555555555609,0.0,0.0,0.0,1.2113813333333308,0.0015831666666667281,0.2676724999999939,0.3662391666666736,0.2633424999999979,0.0,0.0,0.6211261666666702,0.24395400000000225,0.00068788888888892,0.0,0.0,0.20841488888888826,1.04134933333332,0.16236577777777939,0.0,1.770691333333351,0.15237133333333477,0.0
450,2025-03-19T23:57:52.384894,0.8238267777777664,0.0,0.0,0.0,0.0,0.0,0.0,0.1755924444444443,0.0,0.0015831666666667281,0.2676724999999939,0.0,0.0,0.0,0.7879775000000014,0.6211261666666702,0.0,0.00068788888888892,0.0,0.35105083333333204,0.20841488888888826,0.0,0.0,0.12212899999999789,1.770691333333351,0.0,0.0
450,2025-03-19T23:57:55.387811,0.8238267777777664,0.007916166666666651,0.312464111111107,1.412050555555551,0.0,0.001303833333333282,0.0,0.1755924444444443,0.0,0.0,0.0,0.0,0.0,0.0,0.7879775000000014,0.0,0.0,0.00068788888888892,0.0,0.35105083333333204,0.20841488888888826,0.0,0.0,0.12212899999999789,0.0,0.0,0.0
450,2025-03-19T23:57:58.388482,0.0,0.007916166666666651,0.312464111111107,1.412050555555551,0.0,0.001303833333333282,0.01393966666666676,0.1755924444444443,0.0,0.0,0.0,0.35384516666666366,0.2371621666666689,0.11819916666666805,0.0,0.0,0.0,0.0,0.3479675555555559,0.0,0.0,0.5743706666666716,0.0,0.12212899999999789,0.0,0.18197933333333322,0.0
450,2025-03-19T23:58:01.391395,0.8189514444444387,0.0,0.312464111111107,1.412050555555551,0.0006793333333333281,0.0,0.009293111111111172,0.0,0.8271474444444494,0.0,0.0,0.23589677777777576,0.1581081111111126,0.11819916666666805,0.0,0.0,0.1677414444444436,0.0,0.3479675555555559,0.22330333333333388,0.0,0.3829137777777811,0.24364144444444316,0.0,0.0,0.12131955555555547,0.9520050000000047
450,2025-03-19T23:58:04.394270,0.8189514444444387,0.0,0.1842813333333374,0.0,0.0006793333333333281,0.0,0.0,0.11456800000000082,0.8271474444444494,0.0,0.0,0.0,0.0,0.0,0.0,0.0,0.1677414444444436,0.0006817777777777442,0.3479675555555559,0.22330333333333388,0.2160162222222242,0.0,0.24364144444444316,0.0,1.8475536666666512,0.0,0.9520050000000047
450,2025-03-19T23:58:07.397202,0.8189514444444387,0.0,0.1842813333333374,0.0,0.0006793333333333281,0.0009098333333333506,0.0,0.11456800000000082,1.2407211666666742,0.0013428333333333302,0.429957166666668,0.0,0.0,0.0,0.7215138333333282,0.0,0.0,0.0006817777777777442,0.0,0.0,0.2160162222222242,0.0,0.24364144444444316,0.0,1.8475536666666512,0.0,0.0
450,2025-03-19T23:58:10.398380,0.0,0.0,0.1842813333333374,2.4931706666666793,0.0,0.0009098333333333506,0.013657666666666422,0.11456800000000082,0.0,0.0013428333333333302,0.429957166666668,0.0,0.0,0.0,0.7215138333333282,1.1242961666666627,0.0,0.0006817777777777442,0.2235557777777836,0.0,0.2160162222222242,0.8636464999999969,0.0,0.19764844444444585,0.0,0.11320416666666708,0.0
450,2025-03-19T23:58:13.401274,0.0,0.007682333333333347,0.0,2.4931706666666793,0.0,0.0,0.009105111111110948,0.0,0.7454029999999977,0.0,0.0,0.3473245555555562,0.2000628888888893,0.0,0.0,0.7495307777777751,0.1581548888888891,0.0005301111111111448,0.2235557777777836,0.0,0.0,0.5757643333333312,0.18340600000000035,0.19764844444444585,0.0,0.07546944444444471,0.0
450,2025-03-19T23:58:16.404185,0.0,0.007682333333333347,0.21695444444444295,2.4931706666666793,0.0005315555555555691,0.0,0.0,0.0,0.7454029999999977,0.0,0.0,0.3473245555555562,0.2000628888888893,0.14141949999999784,0.0,0.0,0.1581548888888891,0.0005301111111111448,0.2235557777777836,0.0,0.14943766666666472,0.0,0.18340600000000035,0.19764844444444585,0.0,0.0,0.8152803333333339
450,2025-03-19T23:58:19.407107,1.4556268888889008,0.0,0.21695444444444295,0.0,0.0005315555555555691,0.001036000000000037,0.0,0.17681900000000106,0.7454029999999977,0.0009084999999999789,0.0,0.3473245555555562,0.0,0.14141949999999784,0.0,0.45443466666666965,0.1581548888888891,0.0005301111111111448,0.0,0.0,0.14943766666666472,0.0,0.18340600000000035,0.0,2.5327803333333354,0.0,0.8152803333333339
450,2025-03-19T23:58:22.408527,1.4556268888889008,0.0,0.21695444444444295,0.0,0.0005315555555555691,0.001036000000000037,0.0,0.17681900000000106,0.0,0.0009084999999999789,0.4133041666666676,0.0,0.15901377777777587,0.0,0.0,0.45443466666666965,0.0,0.0,0.0,0.4324733333333342,0.14943766666666472,0.0,0.0,0.0,2.5327803333333354,0.0,0.0
450,2025-03-19T23:58:25.411431,1.4556268888889008,0.005098500000000191,0.0,1.1340496666666695,0.0,0.0,0.0,0.17681900000000106,0.0,0.0,0.4133041666666676,0.0,0.23852066666666383,0.0,0.8039780000000009,0.6816520000000045,0.0,0.0,0.2890344444444458,0.4324733333333342,0.0,0.0,0.0,0.0,0.0,0.0,0.0
450,2025-03-19T23:58:28.414307,0.0,0.005098500000000191,0.0,1.1340496666666695,0.0,0.0,0.015102333333333304,0.0,0.670977333333326,0.000907999999999983,0.0,0.2699339999999969,0.15901377777777587,0.0,0.8039780000000009,0.0,0.1609896666666657,0.0006196666666666357,0.2890344444444458,0.0,0.1601211111111114,0.6596738888888973,0.19527933333333497,0.19833166666666735,0.0,0.11683466666666537,0.0
450,2025-03-19T23:58:31.417237,0.824039444444452,0.0,0.0,1.1340496666666695,0.0,0.0,0.015102333333333304,0.0,0.670977333333326,0.000907999999999983,0.0,0.2699339999999969,0.0,0.0,0.0,0.0,0.1609896666666657,0.0006196666666666357,0.2890344444444458,0.0,0.1601211111111114,0.6596738888888973,0.19527933333333497,0.19833166666666735,0.0,0.11683466666666537,0.0
450,2025-03-19T23:58:34.420155,0.824039444444452,0.0,0.32477288888888883,0.0,0.0006256666666666602,0.0,0.0,0.0,1.0064659999999892,0.0,0.0,0.40490099999999535,0.0,0.1235420000000005,0.0,0.0,0.24148449999999858,0.0006196666666666357,0.0,0.0,0.1601211111111114,0.0,0.19527933333333497,0.19833166666666735,1.9090841666666547,0.17525199999999805,0.0
450,2025-03-19T23:58:37.420513,0.824039444444452,0.005334999999999942,0.32477288888888883,0.0,0.0006256666666666602,0.0014684999999999468,0.0,0.1966934444444443,0.0,0.0,0.3785501666666657,0.0,0.21151211111111304,0.1235420000000005,0.0,0.0,0.0,0.0,0.0,0.3511589999999956,0.0,0.4622694444444354,0.0,0.0,1.9090841666666547,0.0,0.9484361666666625
450,2025-03-19T23:58:40.423402,0.0,0.005334999999999942,0.32477288888888883,0.0,0.0006256666666666602,0.0014684999999999468,0.0,0.1966934444444443,0.0,0.0,0.3785501666666657,0.0,0.21151211111111304,0.0,0.7025633333333304,0.7504518888888849,0.0,0.0,0.0,0.3511589999999956,0.0,0.4622694444444354,0.1620589999999993,0.0,0.0,0.0,0.9484361666666625
450,2025-03-19T23:58:43.424492,0.0,0.0,0.0,1.3810793333333198,0.0,0.0,0.01291033333333363,0.1966934444444443,0.0,0.0,0.0,0.25122477777778035,0.21151211111111304,0.0,0.7025633333333304,0.7504518888888849,0.0,0.0007417777777777918,0.4039544444444422,0.0,0.0,0.4622694444444354,0.1620589999999993,0.16454355555555367,0.0,0.094501555555556,0.0
450,2025-03-19T23:58:46.425446,0.0,0.0,0.0,1.3810793333333198,0.0,0.0,0.01291033333333363,0.125410444444444,0.0,0.0013013333333333767,0.2556351666666691,0.25122477777778035,0.0,0.0,0.0,0.7504518888888849,0.2240797777777775,0.0007417777777777918,0.4039544444444422,0.0,0.22006533333333464,0.0,0.1620589999999993,0.16454355555555367,0.0,0.094501555555556,0.0
450,2025-03-19T23:58:49.428357,1.2803348888888753,0.0,0.0,1.3810793333333198,0.0,0.0,0.01291033333333363,0.125410444444444,0.9150390000000042,0.0013013333333333767,0.2556351666666691,0.25122477777778035,0.145754888888888,0.0970698333333336,0.0,0.0,0.2240797777777775,0.0007417777777777918,0.4039544444444422,0.27106466666667,0.22006533333333464,0.0,0.13531355555555694,0.16454355555555367,0.0,0.094501555555556,0.0
450,2025-03-19T23:58:52.428519,1.2803348888888753,0.005575166666666576,0.267717444444448,0.0,0.0005644444444444415,0.0010596666666666812,0.0,0.125410444444444,0.9150390000000042,0.0,0.0,0.0,0.145754888888888,0.0970698333333336,0.0,0.0,0.2240797777777775,0.0,0.0,0.27106466666667,0.22006533333333464,0.544849555555566,0.13531355555555694,0.0,2.654694333333358,0.0,0.7471273333333387
450,2025-03-19T23:58:55.431433,1.2803348888888753,0.005575166666666576,0.267717444444448,0.0,0.0005644444444444415,0.0010596666666666812,0.0,0.0,0.9150390000000042,0.0,0.0,0.210977888888888,0.145754888888888,0.0,0.0,0.5427198888888825,0.0,0.0,0.0,0.0,0.0,0.544849555555566,0.13531355555555694,0.1497891111111124,2.654694333333358,0.0,0.7471273333333387
450,2025-03-19T23:58:58.434315,0.0,0.0,0.267717444444448,2.1184742222222264,0.0005644444444444415,0.0,0.0,0.0,0.0,0.0,0.0,0.210977888888888,0.0,0.0,0.7829499999999997,0.5427198888888825,0.12408344444444375,0.0,0.30835866666666334,0.0,0.16306544444444487,0.544849555555566,0.0,0.1497891111111124,0.0,0.0,0.0
450,2025-03-19T23:59:01.436521,0.0,0.004267333333333253,0.0,2.1184742222222264,0.0,0.0,0.01356133333333334,0.0,0.6890719999999976,0.0,0.0,0.210977888888888,0.16808144444444414,0.0,0.7829499999999997,0.5427198888888825,0.12408344444444375,0.0007901111111111211,0.30835866666666334,0.0,0.16306544444444487,0.0,0.1493635555555544,0.1497891111111124,0.0,0.15528277777777869,0.0
450,2025-03-19T23:59:04.439405,0.0,0.004267333333333253,0.24333888888888724,2.1184742222222264,0.00041644444444445387,0.0009483333333333289,0.01356133333333334,0.19278533333333472,0.6890719999999976,0.0016416666666666155,0.4127186666666679,0.20013966666666902,0.16808144444444414,0.11173433333333332,0.0,0.0,0.12408344444444375,0.0007901111111111211,0.30835866666666334,0.0,0.16306544444444487,0.44297766666665617,0.1493635555555544,0.0,0.0,0.15528277777777869,0.0
450,2025-03-19T23:59:07.442320,1.4392884444444514,0.0,0.24333888888888724,0.0,0.00041644444444445387,0.0009483333333333289,0.01356133333333334,0.19278533333333472,0.6890719999999976,0.0016416666666666155,0.4127186666666679,0.20013966666666902,0.16808144444444414,0.11173433333333332,0.4632878333333395,0.46227800000000724,0.0,0.0007901111111111211,0.0,0.0,0.0,0.44297766666665617,0.1493635555555544,0.0,0.0,0.15528277777777869,0.8927306666666653
450,2025-03-19T23:59:10.445210,1.4392884444444514,0.0,0.24333888888888724,0.0,0.00041644444444445387,0.0,0.0,0.19278533333333472,0.0,0.0,0.0,0.20013966666666902,0.0,0.0,0.4632878333333395,0.46227800000000724,0.0,0.0,0.20675322222221995,0.4334651666666645,0.14075922222222126,0.44297766666665617,0.0,0.0,2.4581398333333104,0.0,0.8927306666666653
450,2025-03-19T23:59:13.448105,1.4392884444444514,0.0,0.0,1.282533999999992,0.0,0.0,0.0,0.0,0.0,0.0,0.0,0.0,0.14240533333333222,0.0,0.0,0.46227800000000724,0.17107444444444456,0.0005866666666666613,0.20675322222221995,0.4334651666666645,0.14075922222222126,0.0,0.17606699999999859,0.0,2.4581398333333104,0.0,0.0
450,2025-03-19T23:59:16.451025,0.0,0.0,0.0,1.282533999999992,0.0004879999999999946,0.0,0.010696777777777555,0.0,0.0,0.0009778333333333815,0.0,0.0,0.14240533333333222,0.09388300000000054,0.0,0.0,0.17107444444444456,0.0005866666666666613,0.20675322222221995,0.0,0.14075922222222126,0.0,0.17606699999999859,0.1960752222222229,0.0,0.0,0.0
450,2025-03-19T23:59:19.452472,0.98339055555554,0.006938333333333565,0.0,1.282533999999992,0.0004879999999999946,0.0013256666666667065,0.010696777777777555,0.0,0.8339117777777827,0.0009778333333333815,0.0,0.0,0.14240533333333222,0.09388300000000054,0.0,0.0,0.17107444444444456,0.0005866666666666613,0.0,0.21956999999999977,0.0,0.0,0.17606699999999859,0.1960752222222229,0.0,0.0,0.0
450,2025-03-19T23:59:22.455334,0.98339055555554,0.006938333333333565,0.311202777777775,0.0,0.0004879999999999946,0.0013256666666667065,0.010696777777777555,0.0,0.8339117777777827,0.0,0.42458016666666754,0.32179522222222406,0.13859722222222282,0.0,0.0,0.0,0.12252177777777876,0.0,0.2869573333333367,0.21956999999999977,0.15472311111111026,0.6385836666666668,0.0,0.1960752222222229,1.7358885000000255,0.11754322222222098,0.6844709999999926
450,2025-03-19T23:59:25.458271,0.98339055555554,0.0,0.311202777777775,0.0,0.0,0.0,0.0,0.21287866666666372,0.8339117777777827,0.0,0.42458016666666754,0.32179522222222406,0.13859722222222282,0.0,0.7488003333333306,0.6466563333333272,0.12252177777777876,0.0006077777777777627,0.2869573333333367,0.0,0.15472311111111026,0.6385836666666668,0.13622888888889093,0.0,1.7358885000000255,0.11754322222222098,0.6844709999999926
450,2025-03-19T23:59:28.460474,0.0,0.0,0.311202777777775,1.1910445555555624,0.0,0.0,0.0,0.21287866666666372,0.0,0.0,0.0,0.32179522222222406,0.13859722222222282,0.0,0.7488003333333306,0.6466563333333272,0.12252177777777876,0.0006077777777777627,0.2869573333333367,0.0,0.15472311111111026,0.6385836666666668,0.13622888888889093,0.15006588888888614,0.0,0.11754322222222098,0.0
450,2025-03-19T23:59:31.463383,0.0,0.0,0.0,1.1910445555555624,0.0005345555555555443,0.0008844999999999549,0.0,0.21287866666666372,0.0,0.001099833333333337,0.0,0.0,0.0,0.10409616666666703,0.0,0.6466563333333272,0.0,0.0006077777777777627,0.0,0.29328683333333555,0.0,0.0,0.13622888888889093,0.15006588888888614,0.0,0.06553400000000112,0.0
450,2025-03-19T23:59:34.466259,0.987723777777799,0.006245999999999975,0.21440577777778144,1.1910445555555624,0.0005345555555555443,0.0008844999999999549,0.012282333333333482,0.0,0.7645242222222225,0.001099833333333337,0.34301616666666257,0.0,0.14521977777777947,0.10409616666666703,0.0,0.0,0.0,0.0,0.0,0.29328683333333555,0.1540983333333341,0.49139355555555797,0.0,0.15006588888888614,0.0,0.06553400000000112,0.0
450,2025-03-19T23:59:37.469171,0.987723777777799,0.006245999999999975,0.21440577777778144,0.0,0.0005345555555555443,0.0,0.012282333333333484,0.13242777777777962,0.7645242222222226,0.0,0.34301616666666257,0.0,0.14521977777777947,0.0,0.0,0.0,0.0,0.0,0.31588955555554954,0.0,0.1540983333333341,0.491393555555558,0.0,0.0,2.0742074999999813,0.06553400000000113,0.702251166666675
450,2025-03-19T23:59:40.472092,0.987723777777799,0.0,0.21440577777778144,0.0,0.0,0.0008325000000000139,0.012282333333333482,0.13242777777777962,0.7645242222222225,0.0,0.0,0.34561266666666296,0.14521977777777947,0.0,0.6947891666666711,0.5685763333333398,0.1888709999999997,0.0,0.31588955555554954,0.0,0.1540983333333341,0.49139355555555797,0.0,0.0,2.0742074999999813,0.0,0.702251166666675
450,2025-03-19T23:59:43.475063,0.0,0.0,0.0,0.0,0.0,0.0008325000000000139,0.0,0.13242777777777962,0.0,0.0,0.0,0.34561266666666296,0.0,0.08556950000000067,0.6947891666666711,0.5685763333333398,0.1888709999999997,0.000738888888888894,0.31588955555554954,0.0,0.0,0.0,0.2565563333333311,0.0,0.0,0.0,0.0
450,2025-03-19T23:59:46.476514,0.0,0.0,0.23737155555555647,2.639744025786373,0.0004714444444444441,0.0,0.0,0.0,0.0,0.0012426666666666513,0.0,0.34561266666666296,0.16184411111110977,0.08556950000000067,0.0,0.5685763333333398,0.1888709999999997,0.000738888888888894,0.0,0.0,0.0,0.0,0.2565563333333311,0.0,0.0,0.0,0.0
450,2025-03-19T23:59:49.479401,0.0,0.0,0.23737155555555647,2.638864111111111,0.0004714444444444441,0.0,0.0,0.0,0.0,0.0012426666666666513,0.0,0.0,0.16184411111110977,0.0,0.0,0.3953001111111058,0.0,0.000738888888888894,0.0,0.0,0.1926895555555556,0.0,0.2565563333333311,0.2037502222222227,0.0,0.0,0.688061499999994
450,2025-03-19T23:59:52.482269,1.409317666666665,0.0,0.23737155555555647,2.638864111111111,0.0004714444444444441,0.0,0.012631666666666696,0.16672988888888718,0.0,0.0,0.41770366666666336,0.2744223333333354,0.16184411111110977,0.0,0.0,0.3953001111111058,0.0,0.0,0.0,0.4136873333333332,0.1926895555555556,0.7135819999999993,0.0,0.2037502222222227,0.0,0.16236377777777655,0.688061499999994
450,2025-03-19T23:59:55.485191,1.409317666666665,0.007776999999999924,0.0,0.0,0.000382555555555565,0.001280000000000022,0.012631666666666696,0.16672988888888718,0.9657864444444487,0.0008135000000000226,0.41770366666666336,0.2744223333333354,0.0,0.0,0.0,0.3953001111111058,0.0,0.0,0.3483261111111157,0.4136873333333332,0.1926895555555556,0.7135819999999993,0.0,0.2037502222222227,2.546888499999985,0.16236377777777655,0.0
450,2025-03-19T23:59:58.488086,1.409317666666665,0.007776999999999924,0.20499833333332795,0.0,0.000382555555555565,0.001280000000000022,0.012631666666666696,0.16672988888888718,0.9657864444444487,0.0008135000000000226,0.0,0.2744223333333354,0.0,0.0,0.8435068333333315,0.0,0.18561044444444344,0.0007542222222222488,0.3483261111111157,0.0,0.0,0.7135819999999993,0.0,0.0,2.546888499999985,0.16236377777777655,0.0
450,2025-03-20T00:00:01.490968,0.0,0.0,0.20499833333332795,1.1242625555555605,0.000382555555555565,0.0,0.0,0.0,0.9657864444444487,0.0,0.0,0.0,0.1905028888888896,0.1128126666666655,0.8435068333333315,0.0,0.18561044444444344,0.0007542222222222488,0.3483261111111157,0.2373070000000013,0.0,0.0,0.24202388888889145,0.13268633333333293,0.0,0.0,0.0
450,2025-03-20T00:00:04.492530,0.0,0.004388333333333291,0.20499833333332795,1.1242625555555605,0.0,0.0,0.0,0.0,0.5307385555555458,0.0,0.0,0.0,0.1905028888888896,0.1128126666666655,0.0,0.5224086666666684,0.18561044444444344,0.0007542222222222488,0.0,0.2373070000000013,0.0,0.0,0.24202388888889145,0.13268633333333293,1.7167463333333521,0.0,0.6218890000000102
450,2025-03-20T00:00:07.492961,0.0,0.004388333333333291,0.0,1.1242625555555605,0.0,0.0,0.010214111111110924,0.17909677777777866,0.5307385555555458,0.0010634999999999581,0.5596886666666687,0.2681572222222207,0.1905028888888896,0.0,0.0,0.5224086666666684,0.0,0.0,0.0,0.0,0.2316518888888892,0.4850668888888979,0.24202388888889145,0.13268633333333293,1.7167463333333521,0.0,0.6218890000000102
450,2025-03-20T00:00:10.495823,1.4537229999999808,0.0,0.0,0.0,0.0,0.0011570000000000007,0.010214111111110924,0.17909677777777866,0.5307385555555458,0.0010634999999999581,0.5596886666666687,0.2681572222222207,0.0,0.0,0.0,0.5224086666666684,0.0,0.0005343333333333157,0.30468877777778086,0.0,0.2316518888888892,0.4850668888888979,0.0,0.0,0.0,0.11197622222222335,0.0
450,2025-03-20T00:00:13.498727,1.4537229999999808,0.0,0.0,0.0,0.0006931111111111073,0.0011570000000000007,0.010214111111110924,0.17909677777777866,0.0,0.0,0.0,0.2681572222222207,0.0,0.0,0.7465371666666651,0.0,0.0,0.0005343333333333157,0.30468877777778086,0.0,0.2316518888888892,0.4850668888888979,0.0,0.0,0.0,0.11197622222222335,0.5109518333333275
450,2025-03-20T00:00:16.500517,1.4537229999999808,0.0,0.37663100000000016,1.0159355555555674,0.0006931111111111073,0.0,0.0,0.0,0.0,0.0,0.25570033333333225,0.0,0.23398333333333377,0.11500083333333323,0.7465371666666651,0.45211477777777676,0.21584366666666852,0.0005343333333333157,0.30468877777778086,0.32964533333333185,0.0,0.0,0.0,0.0,0.0,0.11197622222222335,0.5109518333333275
450,2025-03-20T00:00:19.503394,0.0,0.005764833333333405,0.37663100000000016,1.0159355555555674,0.0006931111111111073,0.0,0.00838177777777776,0.12314211111111226,0.6834795555555628,0.000983833333333332,0.25570033333333225,0.0,0.23398333333333377,0.11500083333333323,0.0,0.45211477777777676,0.21584366666666852,0.0004903333333333334,0.0,0.32964533333333185,0.14346077777777724,0.0,0.2423127777777773,0.20413411111111185,2.1854670000000174,0.0,0.0
475,2025-03-20T00:01:41.132135,0.0,0.0033547777777778423,0.0,0.0,0.0,0.0007781111111110721,0.00791600000000001,0.012430666666669293,0.14201255555555134,0.0007094444444444292,0.0,0.10357066666666824,0.0,0.0,0.0,0.0,0.0,0.0,0.22237683333332828,0.02267244444444335,0.06404783333333343,0.10530744444444433,0.0,0.03686849999999709,0.17170277777778312,0.03426155555555492,0.08034355555555017
475,2025-03-20T00:01:44.135103,0.7065568333333659,0.0033547777777778423,0.24032416666666262,0.0,0.0006948333333333113,0.0007781111111110721,0.00791600000000001,0.0,0.14201255555555134,0.0,0.16926666666666457,0.10357066666666824,0.09014188888888776,0.0,0.2002048888888908,0.0,0.0,0.001179999999999959,0.0,0.02267244444444335,0.06404783333333343,0.10530744444444433,0.0,0.0,0.0,0.03426155555555492,0.08034355555555017
475,2025-03-20T00:01:47.138023,0.7065568333333659,0.0,0.24032416666666262,0.0,0.0006948333333333113,0.0007781111111110721,0.0,0.0,0.14201255555555134,0.0,0.16926666666666457,0.10357066666666824,0.09014188888888776,0.04804933333333376,0.2002048888888908,0.34347655555555123,0.11097966666666695,0.001179999999999959,0.0,0.0,0.0,0.10530744444444433,0.17569533333333237,0.0,0.0,0.03426155555555492,0.0
475,2025-03-20T00:01:50.140474,0.0,0.0,0.0,3.206338666666663,0.0,0.0,0.00883377777777778,0.0,0.527532999999999,0.0,0.16926666666666457,0.0,0.09014188888888776,0.04804933333333376,0.2002048888888908,0.34347655555555123,0.11097966666666695,0.0,0.0,0.0,0.0,0.0,0.17569533333333237,0.0,1.2903944444444229,0.0,0.4546054444444457
475,2025-03-20T00:01:53.143396,0.0,0.0,0.0,3.206338666666663,0.0,0.000599888888888906,0.00883377777777778,0.26823266666666734,0.527532999999999,0.0009284444444444479,0.0,0.0,0.0,0.04804933333333376,0.0,0.34347655555555123,0.11097966666666695,0.0,0.0,0.23798088888888932,0.0,0.0,0.0,0.0,1.2903944444444229,0.0,0.4546054444444457
475,2025-03-20T00:01:56.146330,1.5909516666666454,0.004618444444444395,0.0,0.0,0.0,0.000599888888888906,0.00883377777777778,0.26823266666666734,0.527532999999999,0.0009284444444444479,0.0,0.27491655555555405,0.0,0.0,0.0,0.0,0.0,0.0,0.5399500000000141,0.23798088888888932,0.27954416666666765,0.0,0.0,0.0,1.2903944444444229,0.09095177777777824,0.4546054444444457
475,2025-03-20T00:01:59.148519,1.5909516666666454,0.004618444444444395,0.0,0.0,0.0006686666666666878,0.000599888888888906,0.0,0.0,0.0,0.0009284444444444479,0.24433422222222137,0.27491655555555405,0.0,0.0,0.49646711111111275,0.0,0.0,0.0012671666666666712,0.5399500000000141,0.23798088888888932,0.27954416666666765,0.5427192222222175,0.0,0.29983733333333384,0.0,0.09095177777777824,0.0
475,2025-03-20T00:02:02.151428,0.0,0.004618444444444395,0.0,0.0,0.0006686666666666878,0.0,0.0,0.0,0.0,0.0,0.24433422222222137,0.27491655555555405,0.25083488888889055,0.0847046666666671,0.49646711111111275,0.5656657777777809,0.21169088888888787,0.0012671666666666712,0.0,0.0,0.0,0.5427192222222175,0.0,0.29983733333333384,0.0,0.09095177777777824,0.4995784444444477
475,2025-03-20T00:02:05.154339,0.0,0.0,0.5835018333333343,1.8484280000000128,0.0,0.0,0.0,0.0,0.0,0.0007353333333333348,0.24433422222222137,0.0,0.25083488888889055,0.0847046666666671,0.49646711111111275,0.5656657777777809,0.21169088888888787,0.0,0.0,0.0,0.0,0.5427192222222175,0.38434866666666784,0.0,1.3680456666666791,0.0,0.4995784444444477
475,2025-03-20T00:02:08.155062,0.0,0.0034151111111112207,0.5835018333333343,1.8484280000000128,0.0,0.0,0.01318566666666696,0.0,0.8553693333333412,0.0007353333333333348,0.0,0.24187911111111288,0.25083488888889055,0.0847046666666671,0.0,0.5656657777777809,0.21169088888888787,0.0008063333333333904,0.0,0.0,0.2499751666666678,0.0,0.38434866666666784,0.0,1.3680456666666791,0.0,0.4995784444444477
475,2025-03-20T00:02:11.157910,1.3652486666666543,0.0034151111111112207,0.0,0.0,0.0,0.0009625555555555406,0.01318566666666696,0.30027583333333047,0.8553693333333412,0.0007353333333333348,0.23286288888889178,0.24187911111111288,0.0,0.0,0.0,0.0,0.0,0.0008063333333333904,0.5169738333333196,0.25601488888888946,0.2499751666666678,0.0,0.0,0.0,1.3680456666666791,0.0,0.0
475,2025-03-20T00:02:14.160834,1.3652486666666543,0.0034151111111112207,0.0,0.0,0.0,0.0009625555555555406,0.01318566666666696,0.30027583333333047,0.8553693333333412,0.0,0.23286288888889178,0.24187911111111288,0.16974977777777808,0.0,0.5436743333333299,0.4883101111111046,0.0,0.0,0.5169738333333196,0.25601488888888946,0.0,0.0,0.21041266666667016,0.23736016666666637,0.0,0.15717355555555598,0.0
475,2025-03-20T00:02:17.161127,0.0,0.0,0.4005993333333417,1.1267540000000056,0.0,0.0009625555555555406,0.0,0.0,0.0,0.0,0.23286288888889178,0.0,0.16974977777777808,0.0,0.5436743333333299,0.4883101111111046,0.16003577777777878,0.0,0.0,0.25601488888888946,0.0,0.6118518888888882,0.21041266666667016,0.23736016666666637,0.0,0.15717355555555598,0.4713502222222259
475,2025-03-20T00:02:20.164046,0.0,0.0,0.4005993333333417,1.1267540000000056,0.0008816666666666696,0.0,0.00819111111111089,0.18031133333333574,0.0,0.0,0.22783877777777664,0.0,0.16974977777777808,0.08265577777777683,0.5436743333333299,0.4883101111111046,0.16003577777777878,0.0,0.3238800000000121,0.0,0.0,0.6118518888888882,0.0,0.0,0.0,0.15717355555555598,0.4713502222222259
475,2025-03-20T00:02:23.166958,1.4746093333333572,0.003945222222222119,0.0,0.0,0.0008816666666666696,0.0,0.00819111111111089,0.18031133333333574,0.0,0.0,0.22783877777777664,0.0,0.0,0.08265577777777683,0.0,0.0,0.16003577777777878,0.0,0.3238800000000121,0.0,0.2970796666666663,0.6118518888888882,0.0,0.0,1.8324834444444555,0.0,0.4713502222222259
475,2025-03-20T00:02:26.169825,1.4746093333333572,0.003945222222222119,0.0,0.0,0.0,0.0007166666666666741,0.00819111111111089,0.0,0.9329447777777711,0.0010266666666666326,0.22783877777777664,0.3690441111111101,0.0,0.08265577777777683,0.0,0.0,0.0,0.0013749999999999782,0.0,0.22144844444444328,0.2970796666666663,0.0,0.2287014999999997,0.0,1.8324834444444555,0.0,0.0
475,2025-03-20T00:02:29.172731,0.0,0.003945222222222119,0.3454449999999933,0.0,0.0,0.0007166666666666741,0.0,0.0,0.9329447777777711,0.0010266666666666326,0.0,0.3690441111111101,0.0,0.0,0.0,0.0,0.0,0.0013749999999999782,0.0,0.22144844444444328,0.0,0.38254522222223386,0.2287014999999997,0.2626540000000025,1.8324834444444555,0.09296666666666593,0.0
475,2025-03-20T00:02:32.174651,0.0,0.0,0.3454449999999933,1.72939283333335,0.0,0.0007166666666666741,0.009365333333333423,0.0,0.9329447777777711,0.0010266666666666326,0.0,0.3690441111111101,0.252045777777776,0.0,0.5953196666666701,0.6444055555555603,0.0,0.0,0.0,0.22144844444444328,0.0,0.38254522222223386,0.0,0.2626540000000025,0.0,0.09296666666666593,0.0
475,2025-03-20T00:02:35.177537,1.4068588333333312,0.0032820000000000566,0.0,1.72939283333335,0.0008036666666666471,0.0,0.009365333333333423,0.22460916666666722,0.0,0.0,0.0,0.0,0.252045777777776,0.0,0.5953196666666701,0.6444055555555603,0.2254404444444447,0.0,0.0,0.0,0.0,0.38254522222223386,0.0,0.0,1.1759061111110896,0.09296666666666593,0.6697819999999917
475,2025-03-20T00:02:38.180453,1.4068588333333312,0.0032820000000000566,0.0,0.0,0.0008036666666666471,0.0,0.009365333333333423,0.22460916666666722,0.6793737777777804,0.0,0.0,0.0,0.252045777777776,0.0941523333333344,0.5953196666666701,0.6444055555555603,0.2254404444444447,0.0,0.5321146666666626,0.0,0.27737116666666856,0.0,0.0,0.0,1.1759061111110896,0.0,0.6697819999999917
475,2025-03-20T00:02:41.180978,0.0,0.0032820000000000566,0.0,0.0,0.0,0.0,0.0,0.0,0.6793737777777804,0.0,0.37072388888889113,0.0,0.0,0.0941523333333344,0.0,0.0,0.2254404444444447,0.0012286666666666928,0.5321146666666626,0.23487266666666706,0.27737116666666856,0.3854398888888808,0.2908055,0.0,1.1759061111110896,0.08898944444444447,0.6697819999999917
475,2025-03-20T00:02:44.183923,0.0,0.0,0.0,0.0,0.0,0.0009208888888889217,0.0,0.0,0.6793737777777804,0.0008966666666666691,0.37072388888889113,0.38498755555555897,0.0,0.0941523333333344,0.0,0.0,0.0,0.0012286666666666928,0.0,0.23487266666666706,0.0,0.3854398888888808,0.2908055,0.0,0.0,0.08898944444444447,0.0
475,2025-03-20T00:02:47.186841,0.0,0.0030297777777777116,0.5909814999999982,0.0,0.0,0.0009208888888889217,0.010326999999999803,0.25569416666666694,0.0,0.0008966666666666691,0.37072388888889113,0.38498755555555897,0.0,0.0,0.0,0.5691305555555523,0.0,0.0,0.0,0.23487266666666706,0.0,0.3854398888888808,0.0,0.25783866666666694,0.0,0.08898944444444447,0.5721046666666705
475,2025-03-20T00:02:50.189748,0.0,0.0030297777777777116,0.5909814999999982,3.879455166666655,0.0007076666666666621,0.0009208888888889217,0.010326999999999803,0.25569416666666694,0.0,0.0008966666666666691,0.0,0.38498755555555897,0.2223044444444453,0.0,0.0,0.5691305555555523,0.17632844444444296,0.0,0.0,0.0,0.0,0.0,0.0,0.25783866666666694,1.3728073333333366,0.0,0.5721046666666705
475,2025-03-20T00:02:53.192521,0.0,0.0030297777777777116,0.0,3.879455166666655,0.0007076666666666621,0.0,0.010326999999999803,0.0,0.7282445555555594,0.0,0.0,0.0,0.2223044444444453,0.0,0.6870126666666655,0.5691305555555523,0.17632844444444296,0.0,0.5324473333333232,0.0,0.0,0.0,0.0,0.0,1.3728073333333366,0.0,0.5721046666666705
475,2025-03-20T00:02:56.195408,2.283281500000006,0.0,0.0,0.0,0.0,0.0005813333333333226,0.0,0.0,0.7282445555555594,0.0006828888888889119,0.3155906666666637,0.0,0.2223044444444453,0.0914634444444431,0.6870126666666655,0.0,0.17632844444444296,0.0,0.5324473333333232,0.24408777777777702,0.34963466666666443,0.48223144444445,0.2846208333333304,0.0,1.3728073333333366,0.0,0.0
475,2025-03-20T00:02:59.198318,2.283281500000006,0.003474777777777839,0.0,0.0,0.0,0.0005813333333333226,0.007954555555555725,0.20960883333332941,0.7282445555555594,0.0006828888888889119,0.3155906666666637,0.0,0.0,0.0914634444444431,0.6870126666666655,0.4183884444444428,0.0,0.001467999999999951,0.0,0.24408777777777702,0.34963466666666443,0.48223144444445,0.2846208333333304,0.0,0.0,0.11300355555555561,0.0
475,2025-03-20T00:03:02.201212,0.0,0.003474777777777839,0.4393640000000024,1.8311824999999926,0.0,0.0005813333333333226,0.007954555555555725,0.20960883333332941,0.0,0.0006828888888889119,0.3155906666666637,0.3719432222222218,0.0,0.0914634444444431,0.0,0.4183884444444428,0.0,0.001467999999999951,0.0,0.24408777777777702,0.0,0.48223144444445,0.0,0.24889166666666543,1.4121918888889065,0.11300355555555561,0.5451941111111107
475,2025-03-20T00:03:05.204137,1.2627376666666428,0.003474777777777839,0.4393640000000024,1.8311824999999926,0.0005688333333333518,0.0,0.007954555555555725,0.0,0.6674184444444412,0.0,0.0,0.3719432222222218,0.21925355555555373,0.0,0.0,0.4183884444444428,0.0,0.0,0.3877943333333368,0.0,0.21031299999999933,0.0,0.0,0.24889166666666543,1.4121918888889065,0.11300355555555561,0.5451941111111107
475,2025-03-20T00:03:08.207044,1.2627376666666428,0.0,0.0,0.0,0.0005688333333333518,0.0,0.0,0.0,0.6674184444444412,0.0006676666666666837,0.0,0.3719432222222218,0.21925355555555373,0.0,0.5888681111111144,0.0,0.2078359999999988,0.0,0.3877943333333368,0.1661386666666671,0.21031299999999933,0.0,0.26551416666666705,0.0,1.4121918888889065,0.0,0.5451941111111107
475,2025-03-20T00:03:11.209952,0.0,0.0,0.0,0.0,0.0,0.0008238888888888833,0.008965222222222341,0.0,0.6674184444444412,0.0006676666666666837,0.0,0.0,0.21925355555555373,0.07532944444444449,0.5888681111111144,0.5627543333333355,0.2078359999999988,0.0,0.0,0.1661386666666671,0.0,0.0,0.26551416666666705,0.0,0.0,0.1230528888888895,0.0
475,2025-03-20T00:03:14.212805,0.0,0.004013999999999938,0.0,0.0,0.0005054999999999736,0.0008238888888888833,0.008965222222222341,0.0,0.0,0.0006676666666666837,0.4317274444444416,0.25528222222221886,0.0,0.07532944444444449,0.5888681111111144,0.5627543333333355,0.2078359999999988,0.000992333333333336,0.0,0.1661386666666671,0.0,0.6335054444444445,0.0,0.0,0.0,0.1230528888888895,0.0
475,2025-03-20T00:03:17.215703,0.0,0.004013999999999938,0.0,1.5275425000000193,0.0005054999999999736,0.0008238888888888833,0.008965222222222341,0.3092985000000018,0.0,0.0,0.4317274444444416,0.25528222222221886,0.0,0.07532944444444449,0.0,0.5627543333333355,0.0,0.000992333333333336,0.0,0.0,0.19797950000000245,0.6335054444444445,0.0,0.20675983333333176,1.5520106666666482,0.1230528888888895,0.0
475,2025-03-20T00:03:20.216509,0.0,0.004013999999999938,0.0,1.5275425000000193,0.0,0.0,0.007700777777777607,0.3092985000000018,0.6926039999999982,0.0005798888888888736,0.4317274444444416,0.25528222222221886,0.0,0.0,0.0,0.0,0.16695888888889007,0.0,0.0,0.0,0.19797950000000245,0.6335054444444445,0.0,0.20675983333333176,1.5520106666666482,0.0,0.6581613333333332
475,2025-03-20T00:03:23.219424,0.0,0.0,0.6165110000000028,0.0,0.0,0.0,0.007700777777777607,0.0,0.6926039999999982,0.0005798888888888736,0.0,0.0,0.267853888888889,0.06129222222222255,0.0,0.0,0.16695888888889007,0.0,0.6071435000000066,0.2429290000000006,0.0,0.0,0.280437999999999,0.0,1.5520106666666482,0.08504922222222276,0.6581613333333332
475,2025-03-20T00:03:26.222326,2.2201856666666804,0.003098888888889009,0.6165110000000028,0.0,0.0,0.0007143333333333108,0.007700777777777607,0.0,0.6926039999999982,0.0005798888888888736,0.0,0.2663912222222267,0.267853888888889,0.06129222222222255,0.5312229999999988,0.0,0.16695888888889007,0.0011308333333333773,0.6071435000000066,0.2429290000000006,0.0,0.0,0.280437999999999,0.0,0.0,0.08504922222222276,0.6581613333333332
475,2025-03-20T00:03:29.225256,2.2201856666666804,0.003098888888889009,0.0,0.0,0.0,0.0007143333333333108,0.0,0.0,0.5841671111111156,0.0,0.0,0.2663912222222267,0.267853888888889,0.06129222222222255,0.5312229999999988,0.0,0.0,0.0011308333333333773,0.0,0.2429290000000006,0.0,0.0,0.0,0.0,0.0,0.08504922222222276,0.4332258888888924
475,2025-03-20T00:03:32.228125,0.0,0.003098888888889009,0.0,0.0,0.0008658333333333436,0.0007143333333333108,0.0,0.0,0.5841671111111156,0.0,0.3513336666666697,0.2663912222222267,0.0,0.0,0.5312229999999988,0.6717554444444431,0.0,0.0,0.0,0.0,0.0,0.5585668888888904,0.0,0.0,1.5364183333333334,0.0,0.4332258888888924
475,2025-03-20T00:03:35.231026,0.0,0.0,0.0,4.034461666666668,0.0008658333333333436,0.0,0.0,0.32012600000000196,0.5841671111111156,0.0007891111111111294,0.3513336666666697,0.0,0.0,0.0,0.0,0.6717554444444431,0.0,0.0,0.0,0.0,0.3734104999999962,0.5585668888888904,0.0,0.31375583333333174,1.5364183333333334,0.0,0.4332258888888924
475,2025-03-20T00:03:38.233939,1.4841458333333246,0.0035414444444443506,0.5136979999999957,4.034461666666668,0.0,0.0,0.0127475555555555,0.32012600000000196,0.0,0.0007891111111111294,0.3513336666666697,0.2645152222222199,0.19480344444444442,0.08034744444444503,0.0,0.6717554444444431,0.23149911111111188,0.0,0.4743146666666576,0.0,0.3734104999999962,0.5585668888888904,0.34482833333333457,0.31375583333333174,1.5364183333333334,0.0,0.0
475,2025-03-20T00:03:41.236792,1.4841458333333246,0.0035414444444443506,0.5136979999999957,0.0,0.0,0.0,0.0127475555555555,0.0,0.0,0.0007891111111111294,0.0,0.2645152222222199,0.19480344444444442,0.08034744444444503,0.0,0.0,0.23149911111111188,0.0011169999999999607,0.4743146666666576,0.2592409999999998,0.0,0.0,0.34482833333333457,0.0,0.0,0.11586988888888862,0.0
475,2025-03-20T00:03:44.239649,0.0,0.0035414444444443506,0.0,0.0,0.0,0.0009880000000000383,0.0,0.0,0.0,0.0,0.21461499999999964,0.0,0.0,0.08034744444444503,0.6410477777777714,0.0,0.0,0.0011169999999999607,0.0,0.2592409999999998,0.0,0.0,0.0,0.0,1.515269777777778,0.17380483333333294,0.5520353333333282
475,2025-03-20T00:03:47.242567,1.2848086666666634,0.0,0.0,1.6657789999999675,0.0005654999999999967,0.0009880000000000383,0.0,0.0,1.3712476666666666,0.0,0.21461499999999964,0.0,0.0,0.0,0.6410477777777714,0.0,0.0,0.0,0.0,0.2592409999999998,0.0,0.0,0.0,0.0,1.515269777777778,0.0,0.5520353333333282
475,2025-03-20T00:03:50.244520,1.2848086666666634,0.0036241111111111244,0.3762501666666746,1.6657789999999675,0.0005654999999999967,0.0009880000000000383,0.0,0.0,1.3712476666666666,0.0008130000000000021,0.21461499999999964,0.0,0.0,0.05559566666666645,0.6410477777777714,1.0679941666666652,0.0,0.0,0.0,0.0,0.0,0.9092429999999847,0.0,0.0,1.515269777777778,0.0,0.5520353333333282
475,2025-03-20T00:03:53.247401,0.0,0.0036241111111111244,0.3762501666666746,0.0,0.0,0.0,0.0,0.283435666666667,0.0,0.0008130000000000021,0.0,0.0,0.33522383333333516,0.05559566666666645,0.0,1.0679941666666652,0.0,0.0,0.0,0.19799888888888972,0.0,0.9092429999999847,0.0,0.27790316666667064,0.0,0.10076899999999968,0.0
475,2025-03-20T00:03:56.250265,0.0,0.0036241111111111244,0.0,0.0,0.0,0.0,0.021344000000000328,0.283435666666667,0.0,0.0008130000000000021,0.22318566666666587,0.0,0.33522383333333516,0.05559566666666645,0.36814111111110986,0.0,0.3223666666666674,0.0011756666666666862,0.0,0.19799888888888972,0.3536576666666681,0.0,0.38226550000000264,0.27790316666667064,0.0,0.10076899999999968,0.0
475,2025-03-20T00:03:59.250877,0.0,0.0,0.0,0.0,0.0006338333333333336,0.0008066666666666717,0.021344000000000328,0.0,0.0,0.0,0.22318566666666587,0.5692284999999989,0.0,0.0,0.36814111111110986,0.0,0.3223666666666674,0.0011756666666666862,0.6089065000000081,0.19799888888888972,0.3536576666666681,0.0,0.38226550000000264,0.0,0.0,0.0,0.6079305555555519
475,2025-03-20T00:04:02.253756,0.0,0.0,0.0,1.6390293333333452,0.0006338333333333336,0.0008066666666666717,0.0,0.0,0.0,0.0,0.22318566666666587,0.5692284999999989,0.0,0.0615461111111115,0.36814111111110986,0.0,0.0,0.0,0.6089065000000081,0.0,0.0,0.0,0.0,0.0,1.7589382222222414,0.18418949999999987,0.6079305555555519
475,2025-03-20T00:04:05.256635,0.0,0.0,0.47143883333332803,1.6390293333333452,0.0,0.0008066666666666717,0.0,0.0,0.0,0.0,0.0,0.0,0.2193215000000019,0.0615461111111115,0.0,0.9528953333333449,0.0,0.0,0.0,0.0,0.0,0.0,0.0,0.0,1.7589382222222414,0.18418949999999987,0.6079305555555519
475,2025-03-20T00:04:08.259502,2.0540434999999966,0.005047777777777738,0.47143883333332803,0.0,0.0,0.0,0.0,0.0,1.5641641666666526,0.0010043333333332862,0.27184866666666746,0.3830133333333379,0.2193215000000019,0.0615461111111115,0.4857506666666672,0.9528953333333449,0.0,0.0,0.0,0.0,0.0,0.0,0.20353599999999974,0.0,1.7589382222222414,0.0,0.0
475,2025-03-20T00:04:11.262409,2.0540434999999966,0.005047777777777738,0.0,0.0,0.0,0.0,0.0,0.3201494999999995,1.5641641666666526,0.0010043333333332862,0.27184866666666746,0.3830133333333379,0.0,0.0,0.4857506666666672,0.0,0.0,0.0013308333333333553,0.0,0.2552476666666684,0.30540649999999897,0.9281701666666702,0.20353599999999974,0.30308216666666493,0.0,0.0,0.0
475,2025-03-20T00:04:14.265300,0.0,0.005047777777777738,0.0,3.1527174999999947,0.0006050000000000035,0.0008211111111110626,0.020444000000000056,0.32014949999999937,0.0,0.0010043333333332862,0.27184866666666746,0.0,0.0,0.0,0.4857506666666672,0.0,0.3191755000000001,0.0013308333333333549,0.0,0.2552476666666684,0.30540649999999886,0.9281701666666702,0.0,0.3030821666666648,1.3883353333333162,0.0,0.0
475,2025-03-20T00:04:17.268190,1.2186950000000254,0.0,0.0,3.1527174999999947,0.0006050000000000038,0.0008211111111110626,0.020444000000000056,0.0,0.0,0.0,0.0,0.0,0.30198116666666414,0.0,0.0,0.0,0.3191755000000001,0.0,0.6105816666666708,0.2552476666666684,0.0,0.0,0.0,0.0,1.3883353333333162,0.0,0.6810572222222315
475,2025-03-20T00:04:20.271089,1.2186950000000254,0.0034477777777777168,0.0,0.0,0.0,0.0008211111111110626,0.0,0.0,0.0,0.0,0.0,0.0,0.30198116666666414,0.09674311111111125,0.0,0.8409008333333268,0.0,0.0,0.6105816666666708,0.0,0.0,0.0,0.0,0.0,1.3883353333333162,0.15449783333333283,0.6810572222222315
475,2025-03-20T00:04:23.273996,0.0,0.0034477777777777168,0.5581321666666669,1.4772676666666864,0.0,0.0,0.0,0.0,0.0,0.0,0.0,0.0,0.0,0.09674311111111125,0.0,0.8409008333333268,0.0,0.0,0.0,0.0,0.2284145000000043,0.0,0.0,0.0,0.0,0.15449783333333283,0.6810572222222315
475,2025-03-20T00:04:26.276876,0.0,0.0034477777777777168,0.5581321666666669,1.4772676666666864,0.0004928333333333498,0.0,0.0,0.2718749999999991,1.3937008333333363,0.0009906666666666829,0.0,0.5439018333333271,0.0,0.09674311111111125,0.0,0.0,0.22467916666666576,0.0012416666666666596,0.0,0.0,0.2284145000000043,0.7619556666666655,0.36495266666666265,0.2006776666666686,0.0,0.0,0.0
475,2025-03-20T00:04:29.279752,1.5100214999999937,0.0,0.0,0.0,0.0004928333333333498,0.0007788888888889092,0.01565816666666642,0.2718749999999991,1.3937008333333363,0.0009906666666666829,0.395198555555554,0.5439018333333271,0.2182511666666661,0.0,0.6657931111111187,0.0,0.22467916666666576,0.0012416666666666596,0.3581596666666656,0.2569609999999961,0.0,0.7619556666666655,0.36495266666666265,0.2006776666666686,1.274312333333329,0.0,0.0
475,2025-03-20T00:04:32.282657,1.5100214999999937,0.0,0.0,0.0,0.0,0.000778888888888909,0.01565816666666642,0.0,0.0,0.0009906666666666827,0.3951985555555539,0.0,0.2182511666666661,0.0,0.6657931111111186,0.0,0.0,0.0,0.3581596666666656,0.25696099999999605,0.0,0.0,0.0,0.0,1.2743123333333286,0.0,0.0
500,2025-03-20T00:05:53.895907,0.0,0.0,0.0,0.0,0.0,0.0,0.01563383333333235,0.022349166666667013,0.0,0.0,0.07542133333333824,0.10993266666667031,0.0,0.02220566666666694,0.0,0.0,0.04993433333333523,0.0,0.0,0.0,0.0,0.0,0.0,0.0,0.0,0.0,0.17412733333335004
500,2025-03-20T00:05:56.898876,0.0,0.0,0.0,0.0,0.0009363333333333169,0.0,0.0,0.0,0.0,0.0,0.0,0.10993266666667031,0.0,0.0,0.2869821666666705,0.3131826666666674,0.04993433333333523,0.0,0.0,0.0,0.0,0.33756133333334526,0.0,0.0,1.21253516666665,0.07847650000000074,0.17412733333335004
500,2025-03-20T00:05:59.900543,0.0,0.0065436666666668,0.2828321666666606,0.0,0.0009363333333333169,0.0,0.0,0.0,0.0,0.0,0.0,0.0,0.204852166666664,0.0,0.2869821666666705,0.3131826666666674,0.0,0.0012054999999999707,0.0,0.0,0.15419216666667052,0.33756133333334526,0.0,0.0,1.21253516666665,0.07847650000000074,0.0
500,2025-03-20T00:06:02.903520,1.3612998333333433,0.0065436666666668,0.2828321666666606,1.4935578333333221,0.0,0.0,0.0,0.0,1.04129549999999,0.0014350000000000012,0.0,0.0,0.204852166666664,0.0842693333333339,0.0,0.0,0.0,0.0012054999999999707,0.0,0.0,0.15419216666667052,0.0,0.0,0.19743049999999587,0.0,0.0,0.0
500,2025-03-20T00:06:05.905041,1.3612998333333433,0.0,0.0,1.4935578333333221,0.0,0.0015431666666666881,0.015164166666667239,0.0,1.04129549999999,0.0014350000000000012,0.44930750000000336,0.0,0.0,0.0842693333333339,0.6279338333333347,0.0,0.0,0.0,0.5275579999999992,0.32957166666667115,0.0,0.0,0.3050793333333341,0.19743049999999587,0.0,0.0,0.0
500,2025-03-20T00:06:08.907975,0.0,0.0,0.0,0.0,0.0,0.0015431666666666881,0.015164166666667239,0.0,0.0,0.0,0.44930750000000336,0.0,0.0,0.0,0.6279338333333347,0.7710819999999975,0.0,0.0,0.5275579999999992,0.32957166666667115,0.0,0.0,0.3050793333333341,0.0,1.8769478333333611,0.13206016666666662,0.79533916666666
500,2025-03-20T00:06:11.910947,0.0,0.0,0.0,0.0,0.0,0.0,0.0,0.3492286666666663,0.0,0.0,0.0,0.6207126666666626,0.0,0.0,0.0,0.7710819999999975,0.337270666666664,0.0,0.0,0.0,0.0,0.0,0.0,0.0,1.8769478333333611,0.13206016666666662,0.79533916666666
500,2025-03-20T00:06:14.912477,0.0,0.0064961666666665235,0.4328795000000033,3.0613846666666786,0.0,0.0,0.0,0.3492286666666663,0.0,0.0,0.0,0.6207126666666626,0.30334416666666664,0.0,0.0,0.0,0.337270666666664,0.0,0.0,0.0,0.0,1.0014296666666573,0.0,0.0,0.0,0.0,0.0
500,2025-03-20T00:06:17.915390,0.0,0.006496166666666526,0.4328795000000033,3.0613846666666786,0.0008496666666666746,0.0010009999999999557,0.0,0.0,0.0,0.0011466666666667034,0.0,0.0,0.30334416666666664,0.0,0.0,0.0,0.0,0.0015183333333333624,0.0,0.0,0.37379533333333376,1.0014296666666573,0.2715819999999999,0.24704100000000062,0.0,0.0,0.0
500,2025-03-20T00:06:20.918329,2.181914499999986,0.0,0.0,0.0,0.0008496666666666746,0.0010009999999999557,0.0,0.18149783333333386,1.4203896666666653,0.0011466666666667034,0.0,0.0,0.0,0.0,0.0,0.0,0.0,0.0015183333333333624,0.0,0.37460950000000065,0.37379533333333376,0.0,0.2715819999999999,0.24704100000000062,0.0,0.1818744999999993,0.0
500,2025-03-20T00:06:23.921287,2.181914499999986,0.0,0.0,0.0,0.0,0.0,0.021161333333332998,0.18149783333333386,1.4203896666666653,0.0,0.5422758333333302,0.3872351666666703,0.0,0.1471840000000005,0.9064376666666667,0.0,0.0,0.0,0.5536496666666723,0.37460950000000065,0.0,0.0,0.0,0.0,0.0,0.1818744999999993,0.8088743333333356
500,2025-03-20T00:06:26.924203,0.0,0.0,0.0,0.0,0.00047699999999998677,0.0,0.02116133333333299,0.0,0.0,0.0,0.5422758333333302,0.3872351666666701,0.0,0.1471840000000005,0.9064376666666667,1.0880983333333345,0.33968916666666843,0.0,0.5536496666666723,0.0,0.23449966666666458,0.7407691666666664,0.0,0.0,3.145103500000005,0.0,0.8088743333333356
500,2025-03-20T00:06:29.927143,0.0,0.005264666666666844,0.0,0.0,0.00047699999999998677,0.0,0.0,0.0,0.0,0.0007975000000000066,0.0,0.0,0.0,0.0,0.0,1.088098333333335,0.33968916666666854,0.0,0.0,0.0,0.23449966666666458,0.7407691666666666,0.31010150000000186,0.0,3.145103500000005,0.0,0.0
500,2025-03-20T00:06:32.930096,1.4765640000000153,0.005264666666666844,0.6400206666666672,2.432460499999972,0.0,0.0012533333333333287,0.0,0.0,0.0,0.0007975000000000066,0.0,0.0,0.44062583333333316,0.07799166666666699,0.0,0.0,0.0,0.0,0.0,0.0,0.0,0.0,0.31010150000000186,0.28257700000000346,0.0,0.0,0.0
500,2025-03-20T00:06:35.932982,1.4765640000000153,0.0,0.6400206666666672,2.432460499999972,0.0,0.0012533333333333287,0.0,0.0,1.3510783333333432,0.0,0.0,0.0,0.44062583333333316,0.07799166666666699,0.0,0.0,0.0,0.001372666666666689,0.0,0.0,0.0,0.0,0.0,0.28257700000000346,0.0,0.1413913333333336,0.0
500,2025-03-20T00:06:38.933076,0.0,0.0,0.0,0.0,0.0,0.0,0.014273333333332992,0.0,1.3510783333333432,0.0,0.44048733333333234,0.0,0.0,0.0,0.0,0.0,0.0,0.001372666666666689,0.5821736666666577,0.4258228333333326,0.0,0.6683290000000095,0.0,0.0,2.1114443333333006,0.1413913333333336,0.0
500,2025-03-20T00:06:41.935987,0.0,0.0,0.0,0.0,0.0,0.0,0.014273333333332992,0.3571266666666636,0.0,0.0008743333333333474,0.44048733333333234,0.6598503333333289,0.0,0.0,1.0251986666666542,0.0,0.0,0.0,0.5821736666666577,0.4258228333333326,0.29495949999999976,0.6683290000000095,0.0,0.0,2.1114443333333006,0.0,0.0
500,2025-03-20T00:06:44.936503,1.3464988333333472,0.007677333333333241,0.0,0.0,0.0,0.0,0.0,0.3571266666666636,0.0,0.0008743333333333474,0.0,0.6598503333333289,0.0,0.0,1.0251986666666542,1.1388938333333463,0.3192991666666672,0.0,0.0,0.0,0.29495949999999976,0.0,0.28863849999999996,0.2200828333333315,0.0,0.0,1.0234304999999988
500,2025-03-20T00:06:47.939409,1.3464988333333472,0.007677333333333241,0.46865833333333745,1.626319833333355,0.0008548333333333603,0.0010148333333333723,0.0,0.0,0.0,0.0,0.0,0.0,0.0,0.11978533333333276,0.0,1.1388938333333463,0.3192991666666672,0.0011486666666666128,0.0,0.0,0.0,0.0,0.28863849999999996,0.2200828333333315,0.0,0.1491856666666678,1.0234304999999988
500,2025-03-20T00:06:50.942282,0.0,0.0,0.46865833333333745,1.626319833333355,0.0008548333333333603,0.0010148333333333723,0.0,0.0,0.0,0.0,0.0,0.0,0.0,0.11978533333333276,0.0,0.0,0.0,0.0011486666666666128,0.0,0.0,0.0,0.8007398333333338,0.0,0.0,1.9115610000000063,0.1491856666666678,0.0
500,2025-03-20T00:06:53.945177,1.4529834999999973,0.0,0.0,0.0,0.0,0.0,0.01798250000000105,0.0,1.3376316666666717,0.0010135000000000007,0.0,0.0,0.41761700000000235,0.0,0.0,0.0,0.20068766666666707,0.0,0.505781500000012,0.0,0.21716166666666464,0.8007398333333338,0.0,0.0,1.9115610000000063,0.0,0.0
500,2025-03-20T00:06:56.948107,1.4529834999999973,0.0,0.0,3.1472626666666583,0.0,0.0,0.01798250000000105,0.0,1.3376316666666717,0.0010135000000000007,0.53662966666667,0.509383333333337,0.41761700000000235,0.0,0.0,0.0,0.20068766666666707,0.0,0.505781500000012,0.4427273333333328,0.21716166666666464,0.0,0.0,0.20107916666666864,0.0,0.0,0.6118769999999928
500,2025-03-20T00:06:59.950973,0.0,0.0,0.0,3.1472626666666583,0.0006193333333333052,0.0009536666666666675,0.0,0.3392701666666701,0.0,0.0,0.53662966666667,0.509383333333337,0.0,0.09459433333333324,0.8617190000000128,0.8377434999999879,0.0,0.0010215000000000087,0.0,0.4427273333333328,0.0,0.0,0.3527556666666622,0.20107916666666864,0.0,0.12300233333333212,0.6118769999999928
500,2025-03-20T00:07:02.952472,0.0,0.00731200000000006,0.5482201666666622,0.0,0.0006193333333333052,0.0009536666666666675,0.0,0.3392701666666701,0.0,0.0,0.0,0.0,0.0,0.09459433333333324,0.8617190000000128,0.8377434999999879,0.0,0.0010215000000000087,0.0,0.0,0.0,0.0,0.3527556666666622,0.0,2.094427333333329,0.12300233333333212,0.0
500,2025-03-20T00:07:05.955497,0.0,0.00731200000000006,0.5482201666666622,0.0,0.0,0.0,0.0,0.0,0.9781948333333239,0.0,0.0,0.0,0.0,0.0,0.0,0.0,0.0,0.0,0.0,0.0,0.0,0.9190358333333204,0.0,0.0,2.094427333333329,0.0,0.0
500,2025-03-20T00:07:08.956478,0.0,0.0,0.0,1.52340266666666,0.0,0.0,0.0,0.0,0.9781948333333239,0.0,0.0,0.0,0.3731463333333333,0.0,0.0,0.6107853333333348,0.0,0.0,0.4974853333333348,0.0,0.33738083333333674,0.9190358333333204,0.0,0.0,0.0,0.0,0.5761816666666657
500,2025-03-20T00:07:11.959368,0.0,0.0,0.0,1.52340266666666,0.0,0.0010609999999999788,0.019971999999999216,0.0,0.0,0.0010674999999999992,0.4365466666666673,0.0,0.3731463333333333,0.0,0.0,0.6107853333333348,0.0,0.0009325000000000029,0.4974853333333348,0.0,0.33738083333333674,0.0,0.0,0.0,0.0,0.0,0.5761816666666657
500,2025-03-20T00:07:14.962309,2.269477499999994,0.0,0.4210748333333357,0.0,0.0,0.0010609999999999788,0.019971999999999216,0.297884666666666,0.0,0.0010674999999999992,0.4365466666666673,0.654549000000003,0.0,0.0,0.0,0.0,0.3895599999999983,0.0009325000000000029,0.0,0.4193253333333379,0.0,0.0,0.0,0.3268191666666667,0.0,0.0,0.0
500,2025-03-20T00:07:17.965187,2.269477499999994,0.0,0.4210748333333357,0.0,0.0,0.0,0.0,0.297884666666666,0.0,0.0,0.0,0.654549000000003,0.0,0.15434333333333447,0.9658326666666617,0.0,0.3895599999999983,0.0,0.0,0.4193253333333379,0.0,0.0,0.4011375000000044,0.3268191666666667,0.0,0.30365633333333625,0.0
500,2025-03-20T00:07:20.968069,0.0,0.0,0.0,1.7117530000000065,0.0008575000000000297,0.0,0.0,0.0,1.3729221666666642,0.0,0.0,0.0,0.0,0.15434333333333447,0.9658326666666617,0.0,0.0,0.0,0.0,0.0,0.23105066666666596,0.0,0.4011375000000044,0.0,2.9705393333333636,0.30365633333333625,0.6870646666666669
500,2025-03-20T00:07:23.968496,0.0,0.008206166666666627,0.0,1.7117530000000065,0.0008575000000000297,0.0,0.0,0.0,1.3729221666666642,0.0,0.0,0.3574153333333262,0.0,0.0,0.0,0.0,0.0,0.0009205000000000278,0.0,0.0,0.23105066666666596,0.9647439999999962,0.0,0.17657183333333157,2.9705393333333636,0.0,0.6870646666666669
500,2025-03-20T00:07:26.971408,1.5096871666666707,0.008206166666666627,0.0,0.0,0.0,0.0,0.0,0.0,0.0,0.0010911666666666433,0.5240961666666617,0.3574153333333262,0.0,0.0,0.0,1.0806408333333481,0.0,0.0009205000000000278,0.6120446666666529,0.0,0.0,0.9647439999999962,0.0,0.17657183333333157,0.0,0.0,0.0
500,2025-03-20T00:07:29.973644,1.5096871666666707,0.0,0.0,0.0,0.0,0.0014426666666667034,0.0,0.0,0.0,0.0010911666666666433,0.5240961666666617,0.0,0.4404011666666653,0.10045983333333199,0.0,1.0806408333333481,0.31179183333333077,0.0,0.6120446666666529,0.0,0.0,0.0,0.2883631666666702,0.0,0.0,0.1275138333333293,0.0
500,2025-03-20T00:07:32.976538,0.0,0.00424250000000015,0.5826694999999992,0.0,0.0,0.0014426666666667034,0.019764500000000854,0.3077744999999984,0.0,0.0,0.0,0.0,0.4404011666666653,0.10045983333333199,0.7711031666666676,0.0,0.31179183333333077,0.0,0.0,0.0,0.0,0.0,0.2883631666666702,0.0,0.0,0.1275138333333293,0.0
500,2025-03-20T00:07:35.979426,0.0,0.00424250000000015,0.5826694999999992,1.951117666666657,0.0007164999999999718,0.0,0.019764500000000854,0.3077744999999984,1.2832973333333562,0.0,0.0,0.44227500000000464,0.0,0.0,0.7711031666666676,0.0,0.0,0.0009950000000000052,0.0,0.4647464999999993,0.33602399999999955,0.0,0.0,0.22331916666666513,0.0,0.0,0.654943666666668
500,2025-03-20T00:07:38.982284,1.5355558333333195,0.0,0.0,1.951117666666657,0.0007164999999999718,0.0,0.0,0.0,1.2832973333333562,0.000971999999999973,0.0,0.44227500000000464,0.0,0.0,0.0,0.0,0.0,0.0009950000000000052,0.0,0.4647464999999993,0.33602399999999955,0.9102800000000003,0.0,0.22331916666666513,2.903998000000002,0.0,0.654943666666668
500,2025-03-20T00:07:41.985142,1.5355558333333195,0.0,0.0,0.0,0.0,0.0,0.0,0.19380383333333387,0.0,0.000971999999999973,0.0,0.0,0.0,0.0,0.0,0.0,0.0,0.0,0.0,0.0,0.0,0.9102800000000003,0.0,0.0,2.903998000000002,0.0,0.0
500,2025-03-20T00:07:44.988012,0.0,0.004944166666666602,0.40484600000000154,0.0,0.0,0.0,0.0,0.19380383333333387,0.0,0.0,0.0,0.0,0.0,0.0,0.6058214999999906,1.0982951666666547,0.3022970000000006,0.0,0.5696003333333314,0.0,0.0,0.0,0.0,0.0,0.0,0.1531330000000016,0.0
500,2025-03-20T00:07:47.988514,0.0,0.004944166666666602,0.40484600000000154,0.0,0.0005373333333333526,0.0013054999999999597,0.019129999999999352,0.0,0.0,0.0,0.6020671666666716,0.3778593333333334,0.3942986666666665,0.12230850000000024,0.6058214999999906,1.0982951666666547,0.3022970000000006,0.0010696666666666725,0.5696003333333314,0.3230423333333287,0.0,0.0,0.0,0.0,0.0,0.1531330000000016,0.0
500,2025-03-20T00:07:50.991413,0.0,0.0,0.0,0.0,0.0005373333333333526,0.0013054999999999597,0.019129999999999352,0.0,0.0,0.0,0.6020671666666716,0.3778593333333334,0.3942986666666665,0.12230850000000024,0.0,0.0,0.0,0.0010696666666666725,0.0,0.3230423333333287,0.0,0.0,0.4456626666666637,0.0,2.2109076666666474,0.0,0.821663000000001
500,2025-03-20T00:07:53.994276,1.8828788333333555,0.0,0.0,0.0,0.0,0.0,0.0,0.0,1.4321073333333063,0.0,0.0,0.0,0.0,0.0,0.0,0.0,0.0,0.0,0.0,0.0,0.3841998333333313,0.0,0.4456626666666637,0.29634449999999884,2.2109076666666474,0.0,0.821663000000001
500,2025-03-20T00:07:56.996522,1.8828788333333555,0.0,0.39099783333333,4.3232058333333425,0.0,0.0,0.0,0.0,1.4321073333333063,0.0012225000000000523,0.0,0.0,0.0,0.0,0.6098231666666721,0.0,0.2613880000000014,0.0,0.0,0.0,0.3841998333333313,1.1031050000000089,0.0,0.29634449999999884,0.0,0.0,0.0
500,2025-03-20T00:07:59.999383,0.0,0.005257833333333296,0.39099783333333,4.3232058333333425,0.0,0.0,0.0,0.35118100000000163,0.0,0.0012225000000000523,0.0,0.0,0.24339900000000136,0.0,0.6098231666666721,0.0,0.2613880000000014,0.0010533333333333508,0.0,0.0,0.0,1.1031050000000089,0.0,0.0,0.0,0.0,0.0
500,2025-03-20T00:08:03.000532,0.0,0.005257833333333296,0.0,0.0,0.000615666666666644,0.0012273333333333212,0.0,0.35118100000000163,0.0,0.0,0.0,0.0,0.24339900000000136,0.13759950000000035,0.0,0.9845368333333417,0.0,0.0010533333333333508,0.5969228333333377,0.3905190000000024,0.0,0.0,0.0,0.0,1.8706744999999882,0.1919876666666672,0.6667596666666783
500,2025-03-20T00:08:06.003438,1.6412513333333059,0.0,0.0,0.0,0.000615666666666644,0.0012273333333333212,0.0,0.0,0.0,0.0,0.5624841666666593,0.707156166666664,0.0,0.13759950000000035,0.0,0.9845368333333417,0.0,0.0,0.5969228333333377,0.3905190000000024,0.0,0.0,0.0,0.0,1.8706744999999882,0.1919876666666672,0.6667596666666783
500,2025-03-20T00:08:09.006339,1.6412513333333059,0.0,0.0,0.0,0.0,0.0,0.02176483333333342,0.0,1.0620453333333446,0.0,0.5624841666666593,0.707156166666664,0.24314449999999968,0.0,0.0,0.0,0.0,0.0,0.0,0.0,0.0,0.0,0.0,0.2796655000000025,0.0,0.0,0.0
500,2025-03-20T00:08:12.008480,0.0,0.006041166666666579,0.5002251666666667,0.0,0.0,0.0,0.02176483333333342,0.0,1.0620453333333446,0.0011463333333333234,0.0,0.0,0.24314449999999968,0.0,0.0,0.6512285000000021,0.26860299999999887,0.0,0.0,0.0,0.0,0.9551283333333346,0.4235033333333339,0.2796655000000025,0.0,0.0,0.0
500,2025-03-20T00:08:15.011324,0.0,0.006041166666666579,0.5002251666666667,2.2954829999999906,0.0,0.0,0.0,0.0,0.0,0.0011463333333333234,0.0,0.0,0.0,0.0,1.014632500000005,0.6512285000000021,0.26860299999999887,0.0,0.0,0.0,0.4158695000000042,0.9551283333333346,0.4235033333333339,0.0,0.0,0.0,0.0
500,2025-03-20T00:08:18.012516,0.0,0.0,0.0,2.2954829999999906,0.0007283333333333679,0.0,0.0,0.29122433333333225,0.0,0.0,0.0,0.3847663333333363,0.0,0.0,1.014632500000005,0.0,0.0,0.0014294999999999727,0.4798335000000028,0.0,0.4158695000000042,0.0,0.0,0.0,2.776066500000032,0.0,0.0
500,2025-03-20T00:08:21.015378,0.0,0.0,0.0,0.0,0.0007283333333333679,0.0014543333333333723,0.0,0.29122433333333225,1.0999193333333326,0.0007218333333333475,0.6671565000000045,0.3847663333333363,0.0,0.13500683333333305,0.0,0.0,0.0,0.0014294999999999727,0.4798335000000028,0.0,0.0,0.0,0.0,0.0,2.776066500000032,0.26162149999999923,0.8410013333333193
500,2025-03-20T00:08:24.018235,2.001592833333348,0.0,0.0,0.0,0.0,0.0014543333333333723,0.017455166666666834,0.0,1.0999193333333321,0.0007218333333333475,0.6671565000000045,0.0,0.0,0.13500683333333305,0.0,0.0,0.2386041666666661,0.0,0.0,0.4471800000000031,0.0,0.0,0.0,0.2879088333333329,0.0,0.2616214999999992,0.8410013333333193
500,2025-03-20T00:08:27.020528,2.001592833333348,0.0,0.0,0.0,0.0,0.0,0.017455166666666837,0.0,0.0,0.0,0.0,0.0,0.0,0.0,0.0,0.0,0.23860416666666617,0.0,0.0,0.4471800000000031,0.2615156666666631,0.0,0.0,0.2879088333333329,0.0,0.0,0.0
500,2025-03-20T00:08:30.023404,0.0,0.007241666666666665,0.6203428333333345,0.0,0.0004976666666666556,0.0,0.0,0.27568183333333235,0.0,0.0,0.0,0.0,0.4258553333333358,0.0,0.0,0.9662944999999847,0.0,0.0,0.0,0.0,0.2615156666666631,0.0,0.4221619999999955,0.0,0.0,0.0,0.0
500,2025-03-20T00:08:33.026312,0.0,0.007241666666666665,0.6203428333333345,3.7451046666666725,0.0004976666666666556,0.000972166666666663,0.0,0.27568183333333235,0.0,0.0,0.0,0.0,0.4258553333333358,0.0,0.9919443333333221,0.9662944999999847,0.0,0.0,0.0,0.0,0.0,1.2026118333333407,0.4221619999999955,0.0,2.054482999999967,0.0,0.0
500,2025-03-20T00:08:36.028622,0.0,0.0,0.0,3.7451046666666725,0.0,0.0009721666666666626,0.0,0.0,0.0,0.001094333333333308,0.0,0.6430511666666614,0.0,0.0,0.9919443333333218,0.0,0.2428678333333352,0.0015978333333332986,0.6155833333333287,0.0,0.0,1.2026118333333407,0.0,0.0,2.0544829999999665,0.0,0.0
500,2025-03-20T00:08:39.031436,1.9504238333333133,0.0,0.0,0.0,0.0,0.0,0.0,0.0,1.4698929999999943,0.0010943333333333085,0.5323573333333325,0.6430511666666614,0.0,0.13817199999999968,0.0,0.0,0.2428678333333352,0.0015978333333332986,0.6155833333333287,0.0,0.0,0.0,0.0,0.0,0.0,0.16791866666666524,0.9739108333333397
500,2025-03-20T00:08:42.032506,1.9504238333333133,0.0,0.0,0.0,0.0005844999999999879,0.0,0.018619833333333467,0.17383016666666626,1.4698929999999943,0.0,0.5323573333333325,0.0,0.0,0.13817199999999968,0.0,0.0,0.0,0.0,0.0,0.42918816666665793,0.0,0.0,0.2641773333333409,0.0,0.0,0.16791866666666524,0.9739108333333397
500,2025-03-20T00:08:45.035379,0.0,0.005722500000000076,0.0,0.0,0.0005844999999999879,0.0,0.018619833333333467,0.17383016666666626,0.0,0.0,0.0,0.0,0.0,0.0,0.0,0.0,0.20076333333333216,0.0,0.37069900000000194,0.42918816666665793,0.0,0.0,0.2641773333333409,0.35939033333333253,2.425702333333334,0.0,0.0
525,2025-03-20T00:10:06.602138,0.36832783333333435,0.005247499999999998,0.0,0.0,0.0007875000000000151,0.0009454999999999696,0.0,0.0110321666666664,0.03064449999999397,0.0011701666666666575,0.0,0.0,0.01930649999999901,0.0,0.044208666666672045,0.0,0.0,0.0,0.0,0.0,0.006130333333336088,0.0,0.01949299999999236,0.0,0.0,0.0,0.02001199999998941
525,2025-03-20T00:10:09.605105,0.36832783333333435,0.005247499999999998,0.16859950000000862,0.0,0.0007875000000000151,0.0,0.0,0.0,0.0,0.0,0.0,0.1576229999999915,0.0,0.0,0.0,0.3726193333333375,0.13527166666666804,0.001171500000000029,0.0,0.0,0.0,0.0,0.0,0.0,1.0414186666666867,0.0,0.0
525,2025-03-20T00:10:12.608024,0.0,0.0,0.16859950000000862,1.0337110000000016,0.0,0.0,0.016622166666666754,0.0,0.0,0.0,0.0,0.1576229999999915,0.0,0.0,0.0,0.3726193333333375,0.13527166666666804,0.001171500000000029,0.0,0.2317550000000021,0.0,0.0,0.0,0.0,1.0414186666666867,0.0,0.0
525,2025-03-20T00:10:15.610959,0.0,0.0,0.0,1.0337110000000016,0.0,0.0010689999999999868,0.016622166666666754,0.0,0.0,0.0008643333333333559,0.32679616666666794,0.0,0.2360301666666658,0.0,0.0,0.0,0.0,0.0,0.4279539999999998,0.2317550000000021,0.2314998333333307,0.5894523333333269,0.0,0.0,0.0,0.1196978333333334,0.7689463333333417
525,2025-03-20T00:10:18.613877,0.0,0.0,0.0,0.0,0.0,0.0010689999999999868,0.0,0.2209628333333361,0.0,0.0008643333333333559,0.32679616666666794,0.0,0.2360301666666658,0.12423683333333459,0.0,0.0,0.0,0.0,0.4279539999999998,0.0,0.2314998333333307,0.5894523333333269,0.0,0.24368816666666743,0.0,0.1196978333333334,0.7689463333333417
525,2025-03-20T00:10:21.615342,0.0,0.007674833333333336,0.0,0.0,0.0,0.0,0.0,0.2209628333333361,1.4658463333333507,0.0,0.0,0.0,0.0,0.12423683333333459,0.8238448333333206,0.8246608333333257,0.2311688333333327,0.0008526666666666128,0.0,0.0,0.0,0.0,0.34698083333333335,0.24368816666666743,2.053718000000004,0.0,0.0
525,2025-03-20T00:10:24.618258,2.289272666666686,0.007674833333333336,0.428276999999999,0.0,0.0,0.0,0.01333050000000095,0.0,1.4658463333333507,0.0,0.0,0.0,0.0,0.0,0.8238448333333206,0.8246608333333257,0.2311688333333327,0.0008526666666666128,0.37970533333333384,0.0,0.0,0.0,0.34698083333333335,0.0,2.053718000000004,0.20904099999999917,0.0
525,2025-03-20T00:10:27.620536,2.289272666666686,0.0,0.428276999999999,0.0,0.0009699999999999895,0.0,0.01333050000000095,0.0,0.0,0.0,0.0,0.6745355,0.2610608333333365,0.0,0.0,0.0,0.0,0.0,0.37970533333333384,0.0,0.0,0.8848911666666672,0.0,0.0,0.0,0.20904099999999917,0.0
525,2025-03-20T00:10:30.623458,0.0,0.0,0.0,0.0,0.0009699999999999895,0.0,0.0,0.0,0.0,0.0011910000000000163,0.0,0.6745355,0.2610608333333365,0.10373033333333127,0.0,0.0,0.0,0.0007736666666666726,0.0,0.39320516666667044,0.27262200000000314,0.8848911666666672,0.0,0.19183099999999817,0.0,0.0,0.7531908333333301
525,2025-03-20T00:10:33.624483,0.0,0.0,0.0,4.083354999999984,0.0,0.001327999999999996,0.0,0.22677566666666377,1.0989746666666635,0.0011910000000000163,0.607784666666665,0.0,0.0,0.10373033333333127,0.0,0.6561708333333248,0.0,0.0007736666666666726,0.0,0.39320516666667044,0.27262200000000314,0.0,0.0,0.19183099999999817,2.351866666666676,0.0,0.7531908333333301
525,2025-03-20T00:10:36.627398,0.0,0.005651999999999843,0.4424164999999979,4.083354999999984,0.0,0.001327999999999996,0.0,0.22677566666666377,1.0989746666666635,0.0,0.607784666666665,0.0,0.0,0.0,0.8284939999999968,0.6561708333333248,0.0,0.0,0.4101120000000075,0.0,0.0,0.0,0.37138050000000555,0.0,2.351866666666676,0.0,0.0
525,2025-03-20T00:10:39.630307,0.0,0.005651999999999843,0.4424164999999979,0.0,0.0,0.0,0.016307499999999923,0.0,0.0,0.0,0.0,0.0,0.0,0.0,0.8284939999999968,0.0,0.38343816666666447,0.0,0.4101120000000075,0.0,0.0,0.0,0.37138050000000555,0.0,0.0,0.1536918333333309,0.0
525,2025-03-20T00:10:42.633221,2.1380268333333183,0.0,0.0,1.5447026666666566,0.0,0.0,0.016307499999999923,0.0,0.0,0.0010816666666666477,0.0,0.0,0.32272633333333073,0.0997991666666683,0.0,0.0,0.38343816666666447,0.0,0.0,0.28728049999999905,0.0,0.0,0.0,0.0,0.0,0.1536918333333309,0.7553491666666712
525,2025-03-20T00:10:45.635221,2.1380268333333183,0.0,0.0,1.5447026666666566,0.0009216666666666726,0.0,0.0,0.19827200000000292,0.0,0.0010816666666666477,0.0,0.6425078333333356,0.32272633333333073,0.0997991666666683,0.0,0.6732168333333373,0.0,0.0,0.0,0.28728049999999905,0.0,1.0397336666666777,0.0,0.0,0.0,0.0,0.7553491666666712
525,2025-03-20T00:10:48.638129,0.0,0.005000333333333274,0.0,0.0,0.0009216666666666726,0.0,0.0,0.19827200000000292,0.0,0.0,0.4556801666666673,0.6425078333333356,0.0,0.0,0.0,0.6732168333333373,0.0,0.001759833333333368,0.33606649999999644,0.0,0.3490503333333332,1.0397336666666777,0.0,0.0,0.0,0.0,0.0
525,2025-03-20T00:10:51.641055,0.0,0.005000333333333274,0.4771878333333367,0.0,0.0,0.00155983333333339,0.0,0.0,1.5065958333333358,0.0,0.4556801666666673,0.0,0.0,0.0,0.0,0.0,0.0,0.001759833333333368,0.33606649999999644,0.0,0.3490503333333332,0.0,0.31507999999999475,0.34745450000000255,2.8649553333333038,0.0,0.6561834999999975
525,2025-03-20T00:10:54.643984,0.0,0.0,0.4771878333333367,1.458063166666648,0.0,0.00155983333333339,0.015007166666665721,0.0,1.5065958333333358,0.0,0.0,0.0,0.0,0.0,0.0,0.0,0.0,0.0,0.0,0.0,0.0,0.0,0.31507999999999475,0.34745450000000255,2.8649553333333038,0.0,0.6561834999999975
525,2025-03-20T00:10:57.646909,0.0,0.0,0.0,1.458063166666648,0.0,0.0,0.015007166666665721,0.19511299999999684,0.0,0.0,0.0,0.0,0.30234016666667196,0.1123795000000006,1.0187125000000115,0.0,0.321860000000001,0.0,0.0,0.3219848333333365,0.0,0.0,0.0,0.0,0.0,0.1911945000000041,0.0
525,2025-03-20T00:11:00.648488,2.422429833333354,0.0,0.0,0.0,0.0008993333333333262,0.0,0.0,0.19511299999999684,0.0,0.0014701666666666984,0.32998166666666867,0.0,0.30234016666667196,0.1123795000000006,1.0187125000000115,0.0,0.321860000000001,0.0008155000000000061,0.0,0.3219848333333365,0.0,0.9144713333333244,0.0,0.0,0.0,0.1911945000000041,0.0
525,2025-03-20T00:11:03.651386,2.422429833333354,0.006593166666666762,0.0,0.0,0.0008993333333333262,0.0009309999999999412,0.0,0.0,0.0,0.0014701666666666984,0.32998166666666867,0.6683178333333332,0.0,0.0,0.0,1.169056000000012,0.0,0.0008155000000000061,0.5452959999999887,0.0,0.0,0.9144713333333244,0.0,0.0,1.8472404999999983,0.0,0.0
525,2025-03-20T00:11:06.652473,0.0,0.006593166666666762,0.0,3.306807500000029,0.0,0.0009309999999999412,0.0,0.0,1.266146666666676,0.0,0.0,0.6683178333333332,0.0,0.0,0.0,1.169056000000012,0.0,0.0,0.5452959999999887,0.0,0.3057490000000011,0.0,0.39378150000000767,0.0,1.8472404999999983,0.0,0.8434840000000086
525,2025-03-20T00:11:09.655362,0.0,0.0,0.6272094999999923,3.306807500000029,0.0,0.0,0.017746500000000037,0.2299976666666671,1.266146666666676,0.0,0.0,0.0,0.0,0.10707249999999863,0.741551499999995,0.0,0.29992383333333333,0.0,0.0,0.3009228333333263,0.3057490000000011,0.0,0.39378150000000767,0.3232451666666663,0.0,0.12393016666666296,0.8434840000000082
525,2025-03-20T00:11:12.656500,1.4086808333333163,0.0,0.6272094999999923,0.0,0.000647666666666676,0.0,0.017746500000000037,0.2299976666666671,0.0,0.0008846666666666448,0.0,0.0,0.30671549999999576,0.10707249999999865,0.7415514999999953,0.0,0.29992383333333333,0.0,0.0,0.3009228333333264,0.0,0.0,0.0,0.3232451666666663,1.9342006666666978,0.12393016666666296,0.0
525,2025-03-20T00:11:15.659403,1.4086808333333163,0.0,0.0,0.0,0.000647666666666676,0.0,0.0,0.0,0.0,0.0008846666666666448,0.0,0.0,0.30671549999999576,0.0,0.0,0.8085726666666536,0.0,0.0,0.0,0.0,0.0,0.0,0.0,0.0,1.9342006666666978,0.0,0.0
525,2025-03-20T00:11:18.660561,0.0,0.0,0.0,1.4814700000000207,0.0,0.0,0.0,0.0,0.0,0.0,0.5124723333333351,0.0,0.0,0.0,0.0,0.8085726666666536,0.0,0.0012545000000000104,0.0,0.0,0.0,1.1137781666666722,0.0,0.1955396666666663,0.0,0.12547066666666734,0.9460023333333161
525,2025-03-20T00:11:21.663434,0.0,0.0,0.0,1.4814700000000207,0.0,0.001549833333333398,0.0,0.0,0.0,0.0,0.5124723333333349,0.0,0.0,0.0,0.0,0.0,0.2526790000000006,0.0012545000000000104,0.6054873333333338,0.0,0.3228911666666648,1.1137781666666722,0.0,0.1955396666666663,0.0,0.12547066666666734,0.9460023333333157
525,2025-03-20T00:11:24.664512,1.598357333333335,0.008637499999999855,0.0,0.0,0.0,0.0015498333333333985,0.0,0.27474533333333306,1.4907241666666475,0.0,0.0,0.6860315000000033,0.0,0.0,0.7192121666666746,0.0,0.2526790000000006,0.0,0.6054873333333338,0.0,0.3228911666666648,0.0,0.0,0.0,0.0,0.0,0.0
525,2025-03-20T00:11:27.667411,1.598357333333335,0.008637499999999855,0.5250125000000027,0.0,0.0,0.0,0.02021250000000071,0.27474533333333306,1.4907241666666475,0.0012411666666666636,0.0,0.6860315000000033,0.37822416666666453,0.0,0.7192121666666746,0.0,0.0,0.0,0.0,0.4198851666666694,0.0,0.0,0.4428386666666598,0.0,0.0,0.0,0.0
525,2025-03-20T00:11:30.670312,0.0,0.0,0.5250125000000027,0.0,0.0008391666666666502,0.0,0.02021250000000071,0.0,0.0,0.0012411666666666636,0.0,0.0,0.37822416666666453,0.14975533333333385,0.0,0.0,0.0,0.0,0.34254100000000187,0.4198851666666694,0.0,0.8412038333333196,0.4428386666666598,0.0,3.218449499999982,0.21976550000000356,0.0
525,2025-03-20T00:11:33.673219,0.0,0.004679333333333406,0.0,0.0,0.0008391666666666502,0.0,0.0,0.0,0.0,0.0,0.0,0.0,0.0,0.14975533333333385,0.0,1.1530166666666637,0.0,0.0010569999999999378,0.34254100000000187,0.0,0.0,0.8412038333333196,0.0,0.0,3.218449499999982,0.21976550000000356,0.0
525,2025-03-20T00:11:36.676096,0.0,0.004679333333333406,0.0,2.5018864999999555,0.0,0.0,0.0,0.19254216666666937,0.0,0.0,0.5892016666666678,0.49359316666667047,0.0,0.0,0.0,1.1530166666666637,0.0,0.0010569999999999378,0.0,0.0,0.0,0.0,0.0,0.3229491666666652,0.0,0.0,1.0310773333333336
525,2025-03-20T00:11:39.679018,0.0,0.0,0.0,2.5018864999999555,0.0,0.0013689999999999538,0.0,0.19254216666666937,1.5180298333333442,0.0,0.5892016666666678,0.49359316666667047,0.2602348333333377,0.0,0.8566471666666569,0.0,0.36060983333333263,0.0,0.0,0.2604118333333361,0.2897061666666711,0.0,0.0,0.3229491666666652,0.0,0.0,1.0310773333333336
525,2025-03-20T00:11:42.681938,2.3916141666666895,0.0,0.5591306666666659,0.0,0.0,0.0013689999999999538,0.019008666666666823,0.0,1.5180298333333442,0.0,0.0,0.0,0.2602348333333377,0.0,0.8566471666666569,0.0,0.36060983333333263,0.0,0.0,0.2604118333333361,0.2897061666666711,0.0,0.0,0.0,1.879253666666652,0.13485883333333012,0.0
525,2025-03-20T00:11:45.684783,2.3916141666666895,0.0,0.5591306666666659,0.0,0.0006808333333333528,0.0,0.019008666666666823,0.0,0.0,0.0013898333333333126,0.0,0.0,0.0,0.13981250000000028,0.0,0.0,0.0,0.0008436666666666871,0.0,0.0,0.0,0.0,0.3711783333333377,0.0,1.879253666666652,0.13485883333333012,0.0
525,2025-03-20T00:11:48.685447,0.0,0.0,0.0,0.0,0.0006808333333333528,0.0,0.0,0.0,0.0,0.0013898333333333126,0.0,0.0,0.0,0.13981250000000028,0.0,1.029231166666667,0.0,0.0008436666666666871,0.0,0.0,0.0,0.0,0.3711783333333377,0.20421183333333207,0.0,0.0,0.0
525,2025-03-20T00:11:51.688375,0.0,0.006971833333333363,0.0,0.0,0.0,0.0,0.0,0.2586068333333316,0.0,0.0,0.0,0.5668161666666645,0.0,0.0,0.0,1.029231166666667,0.22594500000000062,0.0,0.6586971666666652,0.0,0.0,1.1945675000000053,0.0,0.20421183333333207,1.840816499999998,0.0,0.0
525,2025-03-20T00:11:54.688547,0.0,0.006971833333333363,0.0,4.31779933333337,0.0,0.001208166666666714,0.0,0.2586068333333316,0.0,0.0,0.5361604999999942,0.5668161666666645,0.0,0.0,0.0,0.0,0.22594500000000062,0.0,0.6586971666666652,0.37458216666666055,0.2819843333333268,1.1945675000000053,0.0,0.0,1.840816499999998,0.0,1.0602410000000002
525,2025-03-20T00:11:57.691463,0.0,0.0,0.0,4.31779933333337,0.0,0.001208166666666714,0.0,0.0,0.0,0.0,0.5361604999999942,0.0,0.41396066666666803,0.0,0.9313388333333328,0.0,0.0,0.0,0.0,0.37458216666666055,0.2819843333333268,0.0,0.0,0.0,0.0,0.15112683333333624,1.0602410000000002
525,2025-03-20T00:12:00.694341,0.0,0.0,0.6487521666666681,0.0,0.0008219999999999895,0.0,0.01865433333333281,0.0,1.7877364999999754,0.001123666666666671,0.0,0.0,0.41396066666666803,0.0,0.9313388333333328,0.0,0.0,0.0011293333333333158,0.0,0.0,0.0,0.6066948333333358,0.0,0.20499150000000083,0.0,0.15112683333333624,0.0
525,2025-03-20T00:12:03.696465,2.578971166666634,0.0,0.6487521666666681,0.0,0.0008219999999999895,0.0,0.01865433333333281,0.0,1.7877364999999754,0.001123666666666671,0.0,0.0,0.0,0.12998316666666673,0.0,0.9405978333333376,0.2761911666666682,0.0011293333333333158,0.43614050000000293,0.0,0.0,0.6066948333333358,0.3996148333333357,0.20499150000000083,0.0,0.0,0.0
525,2025-03-20T00:12:06.699317,2.578971166666634,0.0,0.0,0.0,0.0,0.001003999999999931,0.0,0.20778616666666497,0.0,0.0,0.0,0.533081333333333,0.0,0.12998316666666673,0.0,0.9405978333333376,0.2761911666666682,0.0,0.43614050000000293,0.0,0.2235698333333384,0.0,0.3996148333333357,0.0,0.0,0.0,0.0
525,2025-03-20T00:12:09.700483,0.0,0.008346999999999957,0.0,1.6989156666666836,0.0,0.001003999999999931,0.0,0.20778616666666497,0.0,0.0,0.4358008333333317,0.533081333333333,0.0,0.0,0.6314358333333417,0.0,0.0,0.0,0.0,0.38686050000000216,0.2235698333333384,0.6369706666666655,0.0,0.17965066666666968,2.8719346666666756,0.14324133333333106,0.0
525,2025-03-20T00:12:12.703373,0.0,0.008346999999999957,0.0,1.6989156666666836,0.0,0.0,0.014285999999999653,0.0,0.0,0.000940000000000015,0.4358008333333317,0.0,0.0,0.0,0.6314358333333417,0.0,0.0,0.0,0.0,0.38686050000000216,0.0,0.6369706666666655,0.0,0.17965066666666968,2.8719346666666756,0.14324133333333106,1.1875391666666817
525,2025-03-20T00:12:15.704512,0.0,0.0,0.46676383333333626,0.0,0.0007466666666666734,0.0,0.014285999999999653,0.0,0.0,0.000940000000000015,0.0,0.0,0.37678649999999914,0.09624683333333196,0.0,0.0,0.0,0.0,0.0,0.0,0.0,0.0,0.0,0.0,0.0,0.0,1.1875391666666817
525,2025-03-20T00:12:18.707437,0.0,0.0,0.46676383333333626,0.0,0.0007466666666666734,0.0,0.0,0.0,1.6456340000000107,0.0,0.0,0.0,0.37678649999999914,0.09624683333333196,0.0,0.9574365000000096,0.0,0.0013533333333333917,0.0,0.0,0.0,0.0,0.0,0.0,0.0,0.0,0.0
525,2025-03-20T00:12:21.710383,2.169170500000026,0.0,0.0,1.8252783333333205,0.0,0.0,0.0,0.26273350000000073,1.6456340000000107,0.0,0.0,0.5747581666666691,0.0,0.0,0.0,0.9574365000000096,0.3981561666666665,0.0013533333333333917,0.5328498333333301,0.0,0.0,0.0,0.4421008333333324,0.0,0.0,0.0,0.0
525,2025-03-20T00:12:24.713231,2.169170500000026,0.0,0.0,1.8252783333333205,0.0005561666666666539,0.0014075000000000062,0.0,0.26273350000000073,0.0,0.0,0.48746833333333944,0.5747581666666691,0.0,0.0,0.7259493333333278,0.0,0.3981561666666665,0.0,0.5328498333333301,0.3565600000000018,0.33425766666666357,0.0,0.4421008333333324,0.253942166666666,0.0,0.0,0.0
525,2025-03-20T00:12:27.716120,0.0,0.0,0.3738888333333345,0.0,0.0005561666666666539,0.0014075000000000062,0.0,0.0,0.0,0.0,0.48746833333333944,0.0,0.0,0.0,0.7259493333333278,0.0,0.0,0.0,0.0,0.3565600000000018,0.33425766666666357,0.0,0.0,0.253942166666666,3.2755211666666737,0.29363766666666896,0.870370666666664
525,2025-03-20T00:12:30.718963,0.0,0.008566000000000075,0.3738888333333345,0.0,0.0,0.0,0.01782516666666704,0.17120283333333458,0.0,0.0013431666666666362,0.0,0.0,0.2655811666666637,0.12859266666666733,0.0,0.7906396666666639,0.0,0.0,0.39534650000001653,0.0,0.0,1.1859751666666702,0.0,0.0,3.2755211666666737,0.29363766666666896,0.870370666666664
525,2025-03-20T00:12:33.721858,0.0,0.008566000000000075,0.0,1.378271833333353,0.0,0.0,0.01782516666666704,0.17120283333333458,0.0,0.0013431666666666362,0.0,0.0,0.2655811666666637,0.12859266666666733,0.0,0.7906396666666639,0.0,0.0,0.39534650000001653,0.0,0.0,1.1859751666666702,0.27622116666666824,0.18860300000000055,0.0,0.0,0.0
525,2025-03-20T00:12:36.724723,0.0,0.0,0.3577538333333337,1.378271833333353,0.0,0.0,0.0,0.0,1.5516789999999978,0.0,0.0,0.0,0.0,0.0,0.6488690000000096,0.0,0.28549133333333054,0.0,0.0,0.0,0.0,0.0,0.27622116666666824,0.18860300000000055,0.0,0.0,0.0
525,2025-03-20T00:12:39.725413,2.422316833333336,0.0,0.3577538333333337,0.0,0.0007106666666666743,0.0,0.0,0.0,1.5516789999999978,0.0,0.0,0.0,0.23717233333333831,0.0,0.6488690000000096,0.0,0.28549133333333054,0.0014821666666665994,0.0,0.3339874999999969,0.0,0.0,0.0,0.0,0.0,0.0,0.7848728333333385
525,2025-03-20T00:12:42.728249,2.422316833333336,0.0,0.0,0.0,0.0007106666666666743,0.0015573333333333361,0.012554333333334002,0.17989683333333537,0.0,0.001022999999999996,0.5694498333333322,0.7160344999999969,0.23717233333333831,0.0,0.0,0.0,0.0,0.0014821666666665994,0.0,0.3339874999999968,0.2785848333333358,0.0,0.0,0.0,0.0,0.14287816666666706,0.7848728333333381
525,2025-03-20T00:12:45.731122,0.0,0.0,0.0,0.0,0.0,0.0015573333333333366,0.012554333333334002,0.17989683333333537,0.0,0.0010229999999999964,0.5694498333333324,0.7160344999999969,0.0,0.0,0.0,0.0,0.0,0.0,0.0,0.0,0.2785848333333358,0.0,0.0,0.0,2.9730449999999946,0.14287816666666706,0.0
525,2025-03-20T00:12:48.733983,0.0,0.008053666666666775,0.0,0.0,0.0,0.0,0.0,0.0,0.0,0.0,0.0,0.0,0.0,0.15723850000000067,0.0,0.0,0.24918966666666623,0.0,0.0,0.0,0.0,1.1799153333333268,0.0,0.0,2.9730449999999946,0.0,0.6938103333333175
525,2025-03-20T00:12:51.736832,0.0,0.008053666666666775,0.0,4.020172000000003,0.0005948333333333223,0.0008103333333333574,0.0,0.0,0.0,0.0,0.0,0.0,0.0,0.15723850000000067,0.7668649999999958,1.262156166666671,0.24918966666666623,0.0,0.6635009999999967,0.0,0.0,1.1799153333333268,0.0,0.3053211666666632,0.0,0.0,0.6938103333333175
525,2025-03-20T00:12:54.739694,2.0479954999999945,0.0,0.0,4.020172000000003,0.0005948333333333223,0.0008103333333333574,0.015637499999999232,0.22190816666666538,1.4590476666666823,0.0008671666666667153,0.0,0.0,0.0,0.0,0.7668649999999958,1.262156166666671,0.0,0.0010926666666667049,0.6635009999999967,0.3498171666666679,0.0,0.0,0.4234301666666625,0.3053211666666632,0.0,0.0,0.0
525,2025-03-20T00:12:57.742514,2.0479954999999945,0.004232499999999936,0.6111773333333305,0.0,0.0,0.0,0.015637499999999232,0.22190816666666538,1.4590476666666823,0.0008671666666667153,0.44962433333333257,0.6235684999999952,0.0,0.0,0.0,0.0,0.2284343333333349,0.0010926666666667049,0.0,0.3498171666666679,0.2804738333333319,0.0,0.4234301666666625,0.0,0.0,0.0,0.0
550,2025-03-20T00:14:19.225988,0.0006752222222227526,0.0,0.09279877777777934,0.0061596666666648365,0.0005130000000000104,0.0011673333333332982,0.014442500000000063,0.003477666666668711,0.0,0.0,0.0,0.0,0.0,0.005866166666666099,0.0,0.0010870000000030209,0.04388849999999896,0.0010488888888889017,0.2274345555555581,0.0,0.0,0.0,0.01647133333333765,0.0,0.44003100000001427,0.041921666666667086,0.08958616666668226
550,2025-03-20T00:14:22.228946,0.0,0.00482950000000019,0.09279877777777934,0.0,0.0005130000000000104,0.0011673333333332982,0.014442500000000063,0.0,0.0,0.0013656666666665986,0.19473716666666027,0.0,0.0,0.0,0.32655699999999876,0.0,0.04388849999999896,0.0010488888888889017,0.2274345555555581,0.0,0.0,0.0,0.0,0.0,0.44003100000001427,0.041921666666667086,0.08958616666668226
550,2025-03-20T00:14:25.231871,0.0,0.00482950000000019,0.09279877777777934,0.7400831111111378,0.0005130000000000104,0.0,0.0,0.0,0.0,0.0013656666666665986,0.19473716666666027,0.0,0.0,0.0,0.32655699999999876,0.0,0.0,0.0,0.0,0.0,0.0,0.4134968333333215,0.0,0.0,0.0,0.0,0.0
550,2025-03-20T00:14:28.234757,0.0,0.0,0.0,0.7400831111111378,0.0,0.0,0.0,0.0,0.0,0.0,0.0,0.3007655000000019,0.2303218333333348,0.0,0.0,0.0,0.0,0.0,0.25785266666666,0.0,0.18595600000000131,0.4134968333333215,0.0,0.1377980000000005,0.0,0.0,0.6432810000000019
550,2025-03-20T00:14:31.237675,1.34055333333332,0.004908999999999905,0.0,0.7400831111111378,0.00036399999999998163,0.0,0.01272550000000076,0.20268844444444453,1.303020833333335,0.0,0.0,0.3007655000000019,0.2303218333333348,0.0,0.0,0.0,0.0,0.0,0.25785266666666,0.0,0.18595600000000131,0.0,0.0,0.1377980000000005,0.0,0.0,0.6432810000000019
550,2025-03-20T00:14:34.240582,1.34055333333332,0.004908999999999905,0.30793877777777984,0.0,0.00036399999999998163,0.0,0.01272550000000076,0.20268844444444453,1.303020833333335,0.0008268333333333693,0.0,0.0,0.0,0.1540196666666655,0.0,0.9942219999999984,0.0,0.0008758888888888489,0.25785266666666,0.40537599999999924,0.18595600000000131,0.0,0.28011922222222235,0.1377980000000005,0.0,0.16974133333333444,0.0
550,2025-03-20T00:14:37.243493,1.34055333333332,0.0,0.30793877777777984,2.170252444444436,0.00036399999999998163,0.0013654999999999826,0.0,0.20268844444444453,0.0,0.0008268333333333693,0.7937518333333363,0.0,0.0,0.1540196666666655,0.0,0.9942219999999984,0.0,0.0008758888888888489,0.0,0.40537599999999924,0.0,0.7656463333333364,0.28011922222222235,0.0,3.5591299999999446,0.16974133333333444,0.0
550,2025-03-20T00:14:40.246388,0.0,0.0,0.30793877777777984,2.170252444444436,0.0,0.0013654999999999826,0.0,0.0,0.0,0.0,0.7937518333333363,0.0,0.35089016666666833,0.0,0.9690940000000032,0.0,0.3726628333333319,0.0008758888888888489,0.30067733333333363,0.0,0.0,0.7656463333333364,0.28011922222222235,0.0,3.5591299999999446,0.0,0.0
550,2025-03-20T00:14:43.249322,0.0,0.0,0.0,2.170252444444436,0.0,0.0,0.0,0.0,0.8755540000000035,0.0,0.0,0.0,0.35089016666666833,0.0,0.9690940000000032,0.0,0.3726628333333319,0.0,0.30067733333333363,0.2870718333333287,0.0,0.0,0.0,0.0,0.0,0.0,1.0186629999999848
550,2025-03-20T00:14:46.251050,1.3501680000000156,0.0,0.3258565555555543,0.0,0.00046822222222224025,0.0,0.0,0.0,0.8755540000000035,0.0,0.0,0.6751985000000029,0.0,0.10397833333333514,0.0,0.869801333333328,0.0,0.0,0.30067733333333363,0.2870718333333287,0.27909577777777866,0.0,0.0,0.21951333333333248,0.0,0.0,1.0186629999999848
550,2025-03-20T00:14:49.253870,1.3501680000000156,0.007435666666666545,0.3258565555555543,1.4170295555555743,0.00046822222222224025,0.0009059999999999995,0.017777999999999853,0.2548989999999978,0.0,0.0,0.0,0.6751985000000029,0.0,0.10397833333333514,0.0,0.869801333333328,0.0,0.0007422222222222491,0.0,0.0,0.27909577777777866,0.0,0.2216777777777755,0.21951333333333248,2.6386283333333727,0.0,0.0
550,2025-03-20T00:14:52.256520,1.3501680000000156,0.007435666666666545,0.3258565555555543,1.4170295555555743,0.00046822222222224025,0.0009059999999999995,0.017777999999999853,0.2548989999999978,0.0,0.0015243333333333129,0.46946966666666873,0.0,0.2483676666666668,0.0,0.7590886666666659,0.0,0.3189415000000035,0.0007422222222222491,0.0,0.0,0.27909577777777866,1.079333833333332,0.2216777777777755,0.21951333333333248,2.6386283333333727,0.30405650000000156,0.0
550,2025-03-20T00:14:55.259430,0.0,0.0,0.0,1.4170295555555743,0.0,0.0,0.0,0.2548989999999978,0.0,0.0015243333333333129,0.46946966666666873,0.0,0.2483676666666668,0.0,0.7590886666666659,0.0,0.3189415000000035,0.0007422222222222491,0.32625700000000457,0.30584483333333884,0.0,1.079333833333332,0.2216777777777755,0.0,0.0,0.30405650000000156,0.0
550,2025-03-20T00:14:58.262349,1.0461201111110972,0.0,0.0,0.0,0.0,0.0008531666666666827,0.0,0.0,0.0,0.0,0.0,0.46050316666666435,0.0,0.0,0.0,0.7578606666666589,0.0,0.0005057777777777655,0.32625700000000457,0.30584483333333884,0.0,0.0,0.0,0.1485524444444448,0.0,0.0,0.8620060000000082
550,2025-03-20T00:15:01.265278,1.0461201111110972,0.005501833333333354,0.0,0.0,0.00045288888888888544,0.0008531666666666827,0.0,0.1660832222222237,1.6328168333333226,0.0,0.0,0.46050316666666435,0.0,0.12713366666666562,0.0,0.7578606666666589,0.0,0.0005057777777777655,0.32625700000000457,0.0,0.24762355555555537,0.0,0.0,0.1485524444444448,0.0,0.0,0.8620060000000082
550,2025-03-20T00:15:04.268159,1.0461201111110972,0.005501833333333354,0.4407557777777748,0.0,0.00045288888888888544,0.0,0.01654683333333296,0.1660832222222237,1.6328168333333226,0.0009310000000000153,0.0,0.0,0.0,0.12713366666666562,0.0,0.0,0.0,0.0005057777777777655,0.0,0.0,0.24762355555555537,0.7264335000000036,0.0,0.1485524444444448,2.571583166666642,0.0,0.0
550,2025-03-20T00:15:07.270992,0.0,0.0,0.4407557777777748,0.0,0.00045288888888888544,0.0,0.01654683333333296,0.1660832222222237,0.0,0.0009310000000000153,0.5612693333333331,0.0,0.0,0.0,0.0,0.7539755000000052,0.32470783333333014,0.0,0.0,0.0,0.24762355555555537,0.7264335000000036,0.3008213333333364,0.0,2.571583166666642,0.0,0.0
550,2025-03-20T00:15:10.273898,1.114957666666669,0.0,0.4407557777777748,2.792515333333338,0.0,0.0,0.0,0.0,0.0,0.0,0.5612693333333331,0.37980633333333463,0.47103599999999807,0.10435950000000106,1.071856500000005,0.7539755000000052,0.32470783333333014,0.0,0.0,0.4378288333333274,0.0,0.0,0.3008213333333364,0.0,0.0,0.2081135000000008,0.0
550,2025-03-20T00:15:13.276821,1.114957666666669,0.0047648333333333666,0.0,2.792515333333338,0.00043288888888887774,0.0,0.0,0.0,1.1012991666666874,0.0,0.0,0.37980633333333463,0.47103599999999807,0.10435950000000106,1.071856500000005,0.0,0.0,0.0,0.4450303333333321,0.4378288333333274,0.0,0.0,0.3008213333333364,0.0,0.0,0.2081135000000008,0.0
550,2025-03-20T00:15:16.279689,1.114957666666669,0.0047648333333333666,0.0,2.792515333333338,0.00043288888888887774,0.001343833333333322,0.012728500000000292,0.0,1.1012991666666874,0.0,0.0,0.0,0.0,0.0,0.0,0.0,0.0,0.0008717777777778047,0.4450303333333321,0.0,0.2395064444444428,0.9634180000000092,0.0,0.2387923333333346,0.0,0.0,1.282854500000004
550,2025-03-20T00:15:19.282554,0.0,0.0,0.0,0.0,0.00043288888888887774,0.001343833333333322,0.012728500000000292,0.22307355555555358,0.0,0.0011683333333333639,0.4437969999999989,0.0,0.0,0.0,0.0,0.0,0.0,0.0008717777777778047,0.4450303333333321,0.3329058333333327,0.2395064444444428,0.9634180000000092,0.0,0.2387923333333346,3.0488643333333134,0.0,1.282854500000004
550,2025-03-20T00:15:22.284509,0.0,0.004797666666666701,0.4181677777777774,1.3687442222221762,0.0,0.0,0.0,0.22307355555555358,0.0,0.0011683333333333639,0.4437969999999989,0.0,0.25230250000000376,0.0,0.0,1.0815376666666718,0.0,0.0008717777777778047,0.0,0.3329058333333327,0.2395064444444428,0.0,0.0,0.2387923333333346,3.0488643333333134,0.0,0.0
550,2025-03-20T00:15:25.287413,1.4753218888888822,0.004797666666666701,0.4181677777777774,1.3687442222221762,0.00043222222222224127,0.0,0.0,0.22307355555555358,0.0,0.0,0.0,0.0,0.25230250000000376,0.0,0.9769673333333345,1.0815376666666718,0.34840733333333185,0.0,0.23930733333333543,0.0,0.0,0.0,0.2566245555555548,0.0,0.0,0.0,0.0
550,2025-03-20T00:15:28.290269,1.4753218888888822,0.0,0.4181677777777774,1.3687442222221762,0.00043222222222224127,0.0,0.011018333333332466,0.15662077777777958,1.2054148333333312,0.0,0.0,0.6250504999999957,0.0,0.1534328333333335,0.9769673333333345,0.0,0.34840733333333185,0.0005647777777777721,0.23930733333333543,0.0,0.0,0.0,0.2566245555555548,0.15240044444444342,2.172632166666669,0.2204969999999994,0.9259348333333342
550,2025-03-20T00:15:31.292455,1.4753218888888822,0.0,0.0,0.0,0.00043222222222224127,0.0,0.011018333333332466,0.15662077777777958,1.2054148333333312,0.0,0.0,0.6250504999999957,0.0,0.1534328333333335,0.0,0.0,0.0,0.0005647777777777721,0.23930733333333543,0.0,0.0,0.0,0.2566245555555548,0.15240044444444342,2.172632166666669,0.2204969999999994,0.9259348333333342
550,2025-03-20T00:15:34.295326,0.0,0.0,0.0,0.0,0.0,0.0014431666666666991,0.0,0.15662077777777958,0.0,0.0,0.0,0.0,0.3053456666666629,0.0,0.0,0.0,0.0,0.0005647777777777721,0.0,0.0,0.27854322222222233,1.167758499999991,0.0,0.15240044444444342,0.0,0.0,0.0
550,2025-03-20T00:15:37.298250,0.0,0.0,0.0,1.1914121111111249,0.0,0.0014431666666666991,0.0,0.0,0.0,0.0,0.7891228333333327,0.0,0.3053456666666629,0.0,0.0,0.8840233333333269,0.2645473333333352,0.0,0.3219650000000027,0.0,0.27854322222222233,1.167758499999991,0.0,0.0,0.0,0.0,0.0
550,2025-03-20T00:15:40.300523,0.0,0.008450166666666686,0.41705666666666735,1.1914121111111249,0.0003706666666666673,0.0,0.01363750000000034,0.0,0.0,0.001511666666666652,0.7891228333333327,0.0,0.0,0.11988583333333244,0.9457451666666544,0.8840233333333269,0.2645473333333352,0.0005215555555555283,0.3219650000000027,0.549305000000004,0.27854322222222233,0.0,0.0,0.0,0.0,0.0,0.0
550,2025-03-20T00:15:43.303431,1.4407604444444486,0.008450166666666686,0.41705666666666735,1.1914121111111249,0.0003706666666666673,0.0,0.01363750000000034,0.18303944444444498,0.0,0.001511666666666652,0.0,0.0,0.0,0.11988583333333244,0.9457451666666544,0.0,0.0,0.0005215555555555283,0.3219650000000027,0.549305000000004,0.0,0.0,0.28628322222222224,0.0,0.0,0.0,0.0
550,2025-03-20T00:15:46.304478,1.4407604444444486,0.0,0.41705666666666735,0.9783387777777838,0.0003706666666666673,0.0,0.0,0.18303944444444498,1.5830461666666529,0.0,0.0,0.6994326666666667,0.0,0.0,0.0,0.0,0.0,0.0005215555555555283,0.0,0.0,0.0,0.0,0.28628322222222224,0.23672977777777585,3.268916333333361,0.29961766666666756,0.9585821666666638
550,2025-03-20T00:15:49.307386,1.4407604444444486,0.0,0.0,0.9783387777777838,0.0,0.0,0.0,0.18303944444444498,1.5830461666666529,0.0,0.0,0.6994326666666667,0.3768881666666649,0.0,0.0,0.891888333333346,0.0,0.0,0.26744144444444373,0.0,0.0,0.0,0.28628322222222224,0.23672977777777585,3.268916333333361,0.29961766666666756,0.9585821666666638
550,2025-03-20T00:15:52.310295,0.0,0.0,0.0,0.9783387777777838,0.0,0.0,0.0,0.0,0.0,0.0009261666666666725,0.522500666666673,0.0,0.3768881666666649,0.1035091666666664,0.0,0.891888333333346,0.0,0.0005698888888889069,0.26744144444444373,0.0,0.2695941111111135,1.2230330000000058,0.0,0.23672977777777585,0.0,0.0,0.0
550,2025-03-20T00:15:55.311904,0.9828418888888943,0.005579333333333381,0.0,0.0,0.0004968888888888678,0.0015498333333333245,0.014365166666666578,0.1617151111111102,0.0,0.0009261666666666725,0.522500666666673,0.0,0.0,0.1035091666666664,0.0,0.0,0.412251166666664,0.0005698888888889069,0.26744144444444373,0.0,0.2695941111111135,1.2230330000000058,0.0,0.0,0.0,0.0,0.6673976666666591
550,2025-03-20T00:15:58.312525,0.9828418888888943,0.005579333333333381,0.4337141111111136,2.165710555555557,0.0004968888888888678,0.0015498333333333245,0.014365166666666578,0.1617151111111102,1.036466833333331,0.0,0.0,0.0,0.0,0.0,1.019061000000003,0.0,0.412251166666664,0.0005698888888889069,0.0,0.4895525000000021,0.2695941111111135,0.0,0.19952244444444509,0.0,0.0,0.0,0.6673976666666591
550,2025-03-20T00:16:01.315422,0.9828418888888943,0.0,0.4337141111111136,2.165710555555557,0.0004968888888888678,0.0,0.0,0.1617151111111102,1.036466833333331,0.0,0.0,0.0,0.3078924999999989,0.0,1.019061000000003,0.0,0.0,0.0,0.0,0.4895525000000021,0.17863833333332954,0.0,0.19952244444444509,0.0,3.3847140000000313,0.19748066666666378,0.0
550,2025-03-20T00:16:04.318374,0.0,0.0,0.4337141111111136,2.165710555555557,0.0,0.0,0.0,0.0,0.0,0.0010061666666666784,0.0,0.7070919999999983,0.3078924999999989,0.1258539999999992,0.0,0.0,0.0,0.00048233333333335006,0.0,0.0,0.17863833333332954,0.0,0.19952244444444509,0.0,3.3847140000000313,0.19748066666666378,0.0
550,2025-03-20T00:16:07.321285,0.0,0.0,0.0,0.0,0.0,0.0010753333333333173,0.0,0.0,0.0,0.0010061666666666784,0.0,0.7070919999999983,0.0,0.1258539999999992,0.0,0.0,0.0,0.00048233333333335006,0.38072711111111507,0.0,0.17863833333332954,0.0,0.0,0.24356122222222454,0.0,0.0,0.7890651666666789
550,2025-03-20T00:16:10.324189,0.0,0.0,0.3239757777777754,0.0,0.0004391111111111309,0.0010753333333333173,0.0,0.0,0.0,0.0,0.6443673333333304,0.0,0.0,0.0,0.0,1.2047869999999914,0.0,0.00048233333333335006,0.38072711111111507,0.32088866666666155,0.0,1.2277871666666633,0.0,0.24356122222222454,0.0,0.0,0.7890651666666789
550,2025-03-20T00:16:13.324478,0.0,0.008412666666666626,0.3239757777777754,0.0,0.0004391111111111309,0.0,0.016969166666667,0.23764722222222193,0.0,0.0,0.6443673333333304,0.0,0.0,0.0,0.0,1.2047869999999914,0.4056009999999996,0.0,0.38072711111111507,0.32088866666666155,0.17098411111111192,1.2277871666666633,0.2543743333333295,0.24356122222222454,0.0,0.12082616666666962,0.0
550,2025-03-20T00:16:16.327359,1.5720317777777888,0.008412666666666626,0.3239757777777754,1.6322276666666464,0.0004391111111111309,0.0,0.016969166666667,0.23764722222222193,1.6203730000000103,0.0,0.0,0.4824835000000008,0.0,0.0,1.0920788333333273,0.0,0.4056009999999996,0.0,0.0,0.0,0.17098411111111192,0.0,0.2543743333333295,0.0,0.0,0.12082616666666962,0.0
550,2025-03-20T00:16:19.330267,1.5720317777777888,0.0,0.0,1.6322276666666464,0.0,0.0,0.0,0.23764722222222193,1.6203730000000103,0.0012226666666666683,0.0,0.4824835000000008,0.0,0.1248866666666686,1.0920788333333273,0.7545353333333272,0.0,0.0008496666666666622,0.3150969999999992,0.0,0.17098411111111192,0.0,0.2543743333333295,0.16492133333333137,2.988512833333289,0.0,0.0
550,2025-03-20T00:16:22.332484,1.5720317777777888,0.0,0.0,1.6322276666666464,0.0,0.0,0.0,0.0,0.0,0.0012226666666666683,0.0,0.0,0.4833176666666741,0.1248866666666686,0.0,0.7545353333333272,0.0,0.0008496666666666622,0.3150969999999992,0.0,0.0,0.0,0.0,0.16492133333333137,2.988512833333289,0.0,0.0
550,2025-03-20T00:16:25.335386,0.0,0.0,0.3298701111111137,0.0,0.0005014444444444432,0.0014420000000000175,0.0,0.18983722222222355,0.0,0.0,0.4442996666666659,0.0,0.4833176666666741,0.0,0.7231120000000147,0.0,0.0,0.0008496666666666622,0.3150969999999992,0.0,0.0,0.0,0.0,0.16492133333333137,0.0,0.0,1.0135160000000005
550,2025-03-20T00:16:28.338266,0.0,0.0,0.3298701111111137,1.1680807777778077,0.0005014444444444432,0.0014420000000000175,0.0,0.18983722222222355,0.0,0.0,0.4442996666666659,0.0,0.0,0.0,0.7231120000000147,0.0,0.3408573333333417,0.0,0.0,0.5014480000000011,0.23110500000000103,1.09056316666666,0.1961462222222268,0.0,0.0,0.168319999999999,1.0135160000000005
550,2025-03-20T00:16:31.340460,0.0,0.008642166666666581,0.3298701111111137,1.1680807777778077,0.0005014444444444432,0.0,0.019112166666666045,0.18983722222222355,0.0,0.0,0.0,0.0,0.0,0.0,0.0,0.0,0.3408573333333417,0.0,0.27708755555555503,0.5014480000000011,0.23110500000000103,1.09056316666666,0.1961462222222268,0.0,0.0,0.168319999999999,0.0
550,2025-03-20T00:16:34.343336,1.5114637777777615,0.008642166666666581,0.0,1.1680807777778077,0.0,0.0,0.019112166666666045,0.0,0.0,0.0,0.0,0.6767923333333387,0.0,0.13344783333333274,0.0,0.0,0.0,0.0,0.27708755555555503,0.0,0.23110500000000103,0.0,0.1961462222222268,0.18960133333333337,0.0,0.0,0.0
550,2025-03-20T00:16:37.344492,1.5114637777777615,0.0,0.0,0.0,0.00032999999999999084,0.0,0.0,0.0,1.6179131666666537,0.0013131666666666617,0.49551399999999535,0.6767923333333387,0.0,0.13344783333333274,0.0,1.0192773333333398,0.0,0.000878555555555543,0.27708755555555503,0.28547050000000246,0.0,0.0,0.0,0.18960133333333337,3.7856265000000353,0.0,0.0
550,2025-03-20T00:16:40.345831,1.5114637777777615,0.0,0.0,0.0,0.00032999999999999084,0.0,0.0,0.0,1.6179131666666537,0.0013131666666666617,0.49551399999999535,0.0,0.40052316666665894,0.0,0.0,1.0192773333333398,0.3233511666666592,0.000878555555555543,0.0,0.28547050000000246,0.0,0.0,0.18203522222221916,0.18960133333333337,3.7856265000000353,0.0,0.9290326666666526
550,2025-03-20T00:16:43.348515,0.0,0.0,0.4438649999999977,2.6960489999999786,0.00032999999999999084,0.0,0.0,0.22019755555555462,0.0,0.0,0.0,0.4621351666666651,0.40052316666665894,0.0,0.0,0.0,0.3233511666666592,0.000878555555555543,0.27092288888889016,0.0,0.2650588888888908,1.0379095000000123,0.18203522222221916,0.0,0.0,0.2930886666666671,0.9290326666666526
550,2025-03-20T00:16:46.351416,0.0,0.0,0.4438649999999977,2.6960489999999786,0.0,0.0015945000000000173,0.0,0.22019755555555462,0.0,0.0,0.0,0.4621351666666651,0.0,0.0,1.1278213333333347,0.7567494999999933,0.0,0.0,0.27092288888889016,0.0,0.2650588888888908,1.0379095000000123,0.18203522222221916,0.0,0.0,0.2930886666666671,0.0
550,2025-03-20T00:16:49.354302,0.0,0.007768000000000146,0.4438649999999977,2.6960489999999786,0.0,0.0015945000000000173,0.018878000000000842,0.22019755555555462,0.0,0.0010940000000000025,0.0,0.0,0.0,0.15282100000000062,1.1278213333333347,0.7567494999999933,0.0,0.0004961111111111293,0.27092288888889016,0.3001731666666672,0.2650588888888908,0.0,0.0,0.0,0.0,0.0,0.0
550,2025-03-20T00:16:52.356484,1.502021222222235,0.007768000000000146,0.0,0.0,0.0004503333333333427,0.0,0.018878000000000842,0.0,1.3964690000000248,0.0010940000000000025,0.4955260000000029,0.0,0.0,0.15282100000000062,0.0,0.0,0.0,0.0004961111111111293,0.0,0.3001731666666672,0.0,0.0,0.0,0.2191385555555567,0.0,0.0,0.8018768333333431
550,2025-03-20T00:16:55.359371,1.502021222222235,0.0,0.0,0.900483333333341,0.0004503333333333427,0.0,0.0,0.0,1.3964690000000248,0.0,0.4955260000000029,0.0,0.0,0.0,0.6932506666666617,0.0,0.3104305000000049,0.0004961111111111293,0.0,0.0,0.17890533333333125,0.0,0.0,0.2191385555555567,3.4831029999999528,0.0,0.8018768333333431
550,2025-03-20T00:16:58.362241,1.502021222222235,0.0,0.0,0.900483333333341,0.0004503333333333427,0.0,0.0,0.0,0.0,0.0,0.0,0.0,0.4701245000000067,0.0,0.6932506666666617,0.0,0.3104305000000049,0.0,0.0,0.0,0.17890533333333125,0.0,0.2988916666666657,0.2191385555555567,3.4831029999999528,0.0,0.0
550,2025-03-20T00:17:01.364531,0.0,0.0,0.43115200000000364,0.900483333333341,0.0,0.0013095000000000006,0.014190166666666691,0.26257133333333454,0.0,0.0,0.0,0.6430640000000002,0.4701245000000067,0.0,0.0,0.8563131666666665,0.0,0.0007188888888888616,0.0,0.35577183333333556,0.17890533333333125,1.1841954999999873,0.2988916666666657,0.0,0.0,0.19890799999999825,0.0
550,2025-03-20T00:17:04.367359,1.0733573333333324,0.0063133333333332455,0.43115200000000364,0.0,0.0,0.0013095000000000006,0.014190166666666691,0.26257133333333454,0.0,0.0,0.0,0.6430640000000002,0.0,0.0,0.0,0.8563131666666665,0.0,0.0007188888888888616,0.44431366666665584,0.35577183333333556,0.0,1.1841954999999873,0.2988916666666657,0.18262355555555448,0.0,0.19890799999999825,0.693290333333323
550,2025-03-20T00:17:07.368491,1.0733573333333324,0.0063133333333332455,0.43115200000000364,0.0,0.0,0.0,0.0,0.26257133333333454,1.2132015000000063,0.0,0.5249895000000039,0.0,0.0,0.1593064999999996,0.7261389999999893,0.0,0.0,0.0007188888888888616,0.44431366666665584,0.0,0.0,0.0,0.0,0.18262355555555448,0.0,0.0,0.693290333333323
550,2025-03-20T00:17:10.371342,1.0733573333333324,0.0,0.0,1.463393555555538,0.0005512222222222215,0.0,0.0,0.0,1.2132015000000063,0.001640166666666628,0.5249895000000039,0.0,0.2613798333333269,0.1593064999999996,0.7261389999999893,0.0,0.32473166666666964,0.0,0.44431366666665584,0.0,0.2378605555555535,0.0,0.0,0.18262355555555448,2.7619346666666997,0.0,0.0
575,2025-03-20T00:18:30.898022,0.0,0.00450416666666668,0.0,0.0,0.0,0.0014984999999999953,0.0,0.0,0.04919016666667631,0.0,0.0,0.0,0.03849066666666091,0.0,0.0,0.016116666666656936,0.024829666666666604,0.001203833333333367,0.0,0.0893181666666673,0.007944000000009057,0.013142666666681182,0.027064166666662007,0.0,0.6314661666666932,0.012863000000000588,0.0
575,2025-03-20T00:18:33.901008,0.0,0.00450416666666668,0.0,0.0,0.0,0.0014984999999999953,0.0,0.0663804999999987,0.0,0.0012376666666666927,0.233721833333334,0.0,0.03849066666666091,0.05225466666666753,0.0,0.0,0.024829666666666604,0.001203833333333367,0.0,0.0893181666666673,0.0,0.0,0.027064166666662007,0.11159533333333135,0.6314661666666932,0.0,0.0
575,2025-03-20T00:18:36.903947,1.0698463333333168,0.0,0.0,1.1650101666666617,0.0,0.0,0.0,0.0663804999999987,0.0,0.0012376666666666927,0.233721833333334,0.0,0.0,0.05225466666666753,0.5261463333333344,0.0,0.0,0.0,0.381671000000002,0.0,0.0,0.0,0.0,0.11159533333333135,0.0,0.0,0.0
575,2025-03-20T00:18:39.906908,1.0698463333333168,0.0,0.4133493333333339,1.1650101666666617,0.0007983333333333084,0.0,0.02160266666666644,0.0,0.8960958333333339,0.0,0.0,0.0,0.0,0.0,0.5261463333333344,0.0,0.0,0.0,0.381671000000002,0.0,0.0,0.6165333333333176,0.0,0.0,0.0,0.0,0.7155533333333325
575,2025-03-20T00:18:42.909902,0.0,0.0,0.4133493333333339,0.0,0.0007983333333333084,0.0,0.02160266666666644,0.0,0.8960958333333339,0.0007613333333333177,0.0,0.5332075000000033,0.2801431666666664,0.0,0.0,0.9741908333333338,0.2834018333333385,0.0,0.0,0.0,0.31492799999999954,0.6165333333333176,0.3030228333333393,0.0,2.467951499999951,0.0,0.7155533333333325
575,2025-03-20T00:18:45.911505,0.0,0.0,0.0,0.0,0.0,0.0,0.0,0.0,0.0,0.0007613333333333177,0.0,0.5332075000000033,0.2801431666666664,0.0,0.0,0.9741908333333338,0.2834018333333385,0.0,0.0,0.0,0.31492799999999954,0.0,0.3030228333333393,0.0,2.467951499999951,0.19828583333333447,0.0
575,2025-03-20T00:18:48.914403,0.0,0.008357666666666635,0.0,0.0,0.0,0.0,0.0,0.34918949999999904,0.0,0.0,0.4303741666666668,0.0,0.0,0.12311200000000139,0.6391533333333352,0.0,0.0,0.0015019999999999665,0.0,0.43969033333333607,0.0,0.0,0.0,0.2908319999999994,0.0,0.19828583333333447,0.0
575,2025-03-20T00:18:51.917327,0.0,0.008357666666666635,0.4411413333333296,2.148997166666656,0.0,0.001543333333333378,0.0,0.34918949999999904,0.0,0.0,0.4303741666666668,0.0,0.0,0.12311200000000139,0.6391533333333352,0.0,0.0,0.0015019999999999665,0.521335666666668,0.43969033333333607,0.0,0.0,0.0,0.2908319999999994,0.0,0.0,0.0
575,2025-03-20T00:18:54.920252,2.2640278333333304,0.0,0.4411413333333296,2.148997166666656,0.0,0.001543333333333378,0.018688666666667096,0.0,1.2738814999999781,0.0009009999999999667,0.0,0.0,0.0,0.0,0.0,0.0,0.0,0.0,0.521335666666668,0.0,0.0,1.1128846666666734,0.0,0.0,2.246151666666644,0.0,0.0
575,2025-03-20T00:18:57.923141,2.2640278333333304,0.0,0.0,0.0,0.0,0.0,0.018688666666667096,0.0,1.2738814999999781,0.0009009999999999667,0.0,0.6684683333333321,0.40199650000000514,0.0,0.0,0.9202510000000076,0.0,0.0,0.0,0.0,0.3524238333333282,1.1128846666666734,0.0,0.0,2.246151666666644,0.0,0.9229086666666528
575,2025-03-20T00:19:00.925991,0.0,0.004926666666666672,0.0,0.0,0.000883999999999996,0.0,0.0,0.0,0.0,0.0,0.0,0.6684683333333321,0.40199650000000514,0.13089533333333256,0.0,0.9202510000000076,0.0,0.0,0.3825026666666721,0.3267544999999928,0.3524238333333282,0.0,0.46595033333333435,0.0,0.0,0.3084513333333329,0.9229086666666528
575,2025-03-20T00:19:03.928918,1.5225505000000037,0.004926666666666672,0.4755008333333327,0.0,0.000883999999999996,0.0,0.0,0.3231095000000011,0.0,0.0,0.5896410000000004,0.0,0.0,0.13089533333333256,0.9951869999999873,0.0,0.4585531666666612,0.0011380000000000094,0.3825026666666721,0.3267544999999928,0.0,0.0,0.46595033333333435,0.2768813333333356,0.0,0.3084513333333329,0.0
575,2025-03-20T00:19:06.930201,1.5225505000000037,0.0,0.4755008333333327,3.564880666666644,0.0,0.0,0.0,0.3231095000000011,0.0,0.0,0.5896410000000004,0.0,0.0,0.0,0.9951869999999873,0.0,0.4585531666666612,0.0011380000000000094,0.0,0.0,0.0,0.0,0.0,0.2768813333333356,0.0,0.0,0.0
575,2025-03-20T00:19:09.932487,0.0,0.0,0.0,3.564880666666644,0.0,0.0014506666666666372,0.0,0.0,0.0,0.0,0.0,0.0,0.0,0.0,0.0,0.8227021666666589,0.0,0.0,0.0,0.0,0.0,0.0,0.0,0.0,0.0,0.0,0.0
575,2025-03-20T00:19:12.932633,0.0,0.0050419999999998435,0.0,0.0,0.0,0.0014506666666666372,0.02011866666666625,0.0,1.707048500000004,0.0,0.0,0.0,0.0,0.0,0.0,0.8227021666666589,0.0,0.0,0.0,0.0,0.0,1.0558250000000082,0.0,0.0,3.490648000000041,0.0,0.8291181666666793
575,2025-03-20T00:19:15.935530,0.0,0.0050419999999998435,0.0,0.0,0.0007431666666666652,0.0,0.02011866666666625,0.0,1.707048500000004,0.0014618333333333846,0.0,0.6747713333333347,0.443878833333334,0.0,0.0,0.0,0.0,0.0,0.5100690000000062,0.44424200000000275,0.41827399999999676,1.0558250000000082,0.0,0.0,3.490648000000041,0.0,0.8291181666666793
575,2025-03-20T00:19:18.936516,0.0,0.0,0.0,0.0,0.0007431666666666652,0.0,0.0,0.0,0.0,0.0014618333333333846,0.5208135000000028,0.6747713333333347,0.443878833333334,0.154583,0.0,0.0,0.0,0.00127250000000001,0.5100690000000062,0.44424200000000275,0.41827399999999676,0.0,0.47373749999999865,0.0,0.0,0.21861650000000077,0.0
575,2025-03-20T00:19:21.939386,2.4777556666666674,0.0,0.6539244999999976,0.0,0.0,0.0,0.0,0.0,0.0,0.0,0.5208135000000028,0.0,0.0,0.154583,1.1874028333333324,0.0,0.4076726666666749,0.00127250000000001,0.0,0.0,0.0,0.0,0.47373749999999865,0.3647608333333305,0.0,0.21861650000000077,0.0
575,2025-03-20T00:19:24.940504,2.4777556666666674,0.004929666666666796,0.6539244999999976,2.5891028333333757,0.0,0.0012568333333333739,0.0,0.3916334999999976,1.168374833333322,0.0,0.0,0.0,0.0,0.0,1.1874028333333324,1.1108120000000101,0.4076726666666749,0.0,0.0,0.0,0.0,0.0,0.0,0.3647608333333305,0.0,0.0,0.0
575,2025-03-20T00:19:27.943388,0.0,0.004929666666666796,0.0,2.5891028333333757,0.0,0.0012568333333333739,0.01635716666666672,0.3916334999999976,1.168374833333322,0.0009244999999999949,0.0,0.0,0.0,0.0,0.0,1.1108120000000101,0.0,0.0,0.0,0.2692233333333339,0.0,1.025199166666653,0.0,0.0,3.387408166666698,0.0,0.0
575,2025-03-20T00:19:30.944843,0.0,0.0,0.0,0.0,0.0,0.0,0.01635716666666672,0.0,0.0,0.0009244999999999949,0.3987134999999948,0.6439503333333316,0.0,0.0,0.0,0.0,0.0,0.0,0.0,0.2692233333333339,0.0,1.025199166666653,0.0,0.21213450000000006,3.387408166666698,0.0,1.13107766666667
575,2025-03-20T00:19:33.947765,0.0,0.0,0.5412360000000074,1.8086654999999612,0.0008105000000000103,0.0,0.0,0.0,0.0,0.0,0.3987134999999948,0.6439503333333316,0.4722913333333357,0.0,0.0,0.0,0.3014884999999955,0.0,0.6831573333333268,0.0,0.4304663333333376,0.0,0.0,0.21213450000000006,0.0,0.0,1.13107766666667
575,2025-03-20T00:19:36.948512,0.0,0.0,0.5412360000000074,1.8086654999999612,0.0008105000000000103,0.000944333333333288,0.0,0.0,0.0,0.0008491666666666418,0.0,0.0,0.4722913333333357,0.16962266666666656,0.8761910000000058,0.0,0.3014884999999955,0.0,0.6831573333333268,0.0,0.4304663333333376,0.0,0.43242549999999375,0.0,0.0,0.20295833333333255,0.0
575,2025-03-20T00:19:39.951378,2.632855999999985,0.0,0.0,0.0,0.0,0.000944333333333288,0.0,0.35927466666666896,0.0,0.0008491666666666418,0.0,0.0,0.0,0.16962266666666656,0.8761910000000058,0.0,0.0,0.00154416666666668,0.0,0.37541600000000136,0.0,0.8116858333333427,0.43242549999999375,0.0,2.569611666666636,0.20295833333333255,0.0
575,2025-03-20T00:19:42.952507,2.632855999999985,0.007748833333333317,0.0,0.0,0.0,0.0,0.0,0.35927466666666896,1.6103068333333492,0.0,0.4414086666666701,0.0,0.26607599999999826,0.0,0.0,1.276038999999988,0.0,0.00154416666666668,0.0,0.37541600000000136,0.0,0.8116858333333427,0.0,0.0,2.569611666666636,0.0,0.0
575,2025-03-20T00:19:45.955423,0.0,0.007748833333333317,0.507277499999996,2.3224211666666483,0.0,0.0,0.0192001666666665,0.0,1.6103068333333492,0.0,0.4414086666666701,0.5274123333333308,0.26607599999999826,0.0,0.0,1.276038999999988,0.0,0.0,0.43331200000000086,0.0,0.0,0.0,0.0,0.26462300000000033,0.0,0.12732499999999905,0.0
575,2025-03-20T00:19:48.958340,0.0,0.0,0.507277499999996,2.3224211666666483,0.0006573333333333247,0.0,0.0192001666666665,0.0,0.0,0.0009178333333333586,0.0,0.5274123333333308,0.0,0.10113516666666557,0.6959870000000025,0.0,0.3093331666666662,0.0,0.43331200000000086,0.0,0.34729066666667074,0.0,0.339132333333339,0.26462300000000033,0.0,0.12732499999999905,0.0
575,2025-03-20T00:19:51.960518,0.0,0.0,0.0,0.0,0.0006573333333333247,0.0,0.0,0.0,0.0,0.0009178333333333586,0.0,0.0,0.0,0.10113516666666557,0.6959870000000025,0.0,0.3093331666666662,0.0,0.0,0.0,0.34729066666667074,0.8551933333333372,0.339132333333339,0.0,0.0,0.0,1.0937879999999989
575,2025-03-20T00:19:54.963410,0.0,0.0,0.0,0.0,0.0,0.0014063333333333243,0.0,0.0,1.0610461666666804,0.0,0.0,0.0,0.0,0.0,0.0,0.0,0.0,0.0011416666666666706,0.0,0.3612663333333331,0.0,0.8551933333333372,0.0,0.0,0.0,0.0,1.0937879999999989
575,2025-03-20T00:19:57.964821,0.0,0.0,0.0,2.1489110000000236,0.0,0.0014063333333333243,0.0,0.0,1.0610461666666804,0.0,0.0,0.0,0.0,0.0,0.0,0.9921736666666638,0.2343938333333332,0.0011416666666666706,0.0,0.3612663333333331,0.0,0.0,0.0,0.0,3.886813999999959,0.0,0.0
575,2025-03-20T00:20:00.967740,2.7259388333333545,0.00870866666666655,0.0,2.1489110000000236,0.0004536666666666856,0.0,0.017549999999999958,0.4282264999999986,0.0,0.0,0.5978778333333329,0.0,0.0,0.0,0.0,0.9921736666666638,0.2343938333333332,0.0,0.6030631666666675,0.0,0.2941911666666594,0.0,0.0,0.0,3.886813999999959,0.0,0.0
575,2025-03-20T00:20:03.968457,2.7259388333333545,0.00870866666666655,0.0,2.1489110000000236,0.0004536666666666856,0.0,0.017549999999999958,0.4282264999999986,0.0,0.001036499999999959,0.5978778333333329,0.8076515000000011,0.5083304999999997,0.16773633333333512,1.1303133333333337,0.0,0.0,0.0,0.6030631666666675,0.0,0.2941911666666594,0.7307639999999841,0.36984366666666807,0.4013776666666663,0.0,0.3182231666666648,0.0
575,2025-03-20T00:20:06.971358,0.0,0.0,0.7537995000000043,0.0,0.0,0.0,0.0,0.0,1.2542893333333043,0.001036499999999959,0.0,0.8076515000000011,0.5083304999999997,0.16773633333333512,1.1303133333333337,0.0,0.0,0.0012173333333333296,0.0,0.0,0.0,0.7307639999999841,0.36984366666666807,0.4013776666666663,0.0,0.3182231666666648,1.0150315000000016
575,2025-03-20T00:20:09.972490,1.4827924999999975,0.0,0.7537995000000043,0.9379106666666405,0.0,0.0,0.0,0.21908200000000025,1.2542893333333043,0.0,0.0,0.0,0.0,0.0,0.0,0.0,0.23493533333333028,0.0012173333333333296,0.0,0.42817000000000394,0.0,0.0,0.0,0.0,2.575576833333344,0.0,1.0150315000000016
575,2025-03-20T00:20:12.975382,1.4827924999999975,0.0,0.0,0.9379106666666405,0.0006654999999999857,0.0013260000000000125,0.0,0.21908200000000025,0.0,0.0,0.0,0.0,0.0,0.0,0.0,0.0,0.23493533333333028,0.0,0.0,0.42817000000000394,0.2567890000000072,0.7503533333333509,0.0,0.0,2.575576833333344,0.0,0.0
575,2025-03-20T00:20:15.976522,0.0,0.006492666666666777,0.0,0.9379106666666405,0.0006654999999999857,0.0013260000000000125,0.01648916666666741,0.0,0.0,0.0,0.0,0.39112816666666583,0.0,0.0,0.0,0.0,0.0,0.0,0.5417798333333319,0.0,0.2567890000000072,0.7503533333333509,0.0,0.23639666666666892,0.0,0.0,0.0
575,2025-03-20T00:20:18.979440,0.0,0.006492666666666777,0.456160833333333,0.0,0.0,0.0,0.01648916666666741,0.0,1.2035851666666988,0.001324333333333335,0.6667198333333318,0.39112816666666583,0.0,0.12476183333333307,0.0,1.3852160000000142,0.0,0.0008058333333333205,0.5417798333333319,0.0,0.0,0.0,0.0,0.23639666666666892,0.0,0.0,0.0
575,2025-03-20T00:20:21.982292,0.0,0.0,0.456160833333333,1.3414240000000368,0.0,0.0,0.0,0.0,1.2035851666666988,0.001324333333333335,0.6667198333333318,0.0,0.4396653333333329,0.12476183333333307,1.0130594999999973,1.3852160000000142,0.2895406666666721,0.0008058333333333205,0.0,0.2999139999999917,0.28393133333332804,0.0,0.4296186666666605,0.0,0.0,0.22701883333333706,0.8841818333333247
575,2025-03-20T00:20:24.985154,0.0,0.0,0.0,1.3414240000000368,0.0,0.00097633333333332,0.0,0.0,0.0,0.0,0.0,0.0,0.4396653333333329,0.0,1.0130594999999973,0.0,0.2895406666666721,0.0,0.0,0.2999139999999917,0.28393133333332804,0.0,0.4296186666666605,0.0,0.0,0.22701883333333706,0.8841818333333247
575,2025-03-20T00:20:27.988049,2.3676103333333463,0.005977333333333354,0.0,1.3414240000000368,0.0,0.00097633333333332,0.0,0.36039633333333165,0.0,0.0,0.0,0.0,0.0,0.0,0.0,0.760952833333325,0.0,0.0,0.0,0.0,0.0,0.8981128333333195,0.0,0.0,0.0,0.0,0.0
575,2025-03-20T00:20:30.988496,2.3676103333333463,0.005977333333333354,0.0,0.0,0.0007095000000000297,0.0,0.015616333333332715,0.36039633333333165,0.0,0.0,0.0,0.6814066666666748,0.0,0.0,0.0,0.760952833333325,0.0,0.0,0.0,0.0,0.0,0.8981128333333195,0.0,0.0,4.424819333333366,0.0,0.0
575,2025-03-20T00:20:33.991378,0.0,0.0,0.6212466666666596,0.0,0.0007095000000000297,0.0,0.015616333333332715,0.0,0.0,0.0,0.0,0.6814066666666748,0.0,0.0,0.812777833333333,0.0,0.0,0.001256166666666688,0.0,0.0,0.0,0.0,0.0,0.3995440000000012,4.424819333333366,0.0,0.7793754999999958
575,2025-03-20T00:20:36.992512,0.0,0.0,0.6212466666666596,0.0,0.0,0.0,0.0,0.0,1.6398649999999864,0.0014333333333333236,0.0,0.0,0.40970150000000183,0.1743356666666666,0.812777833333333,0.0,0.0,0.001256166666666688,0.7245543333333255,0.4399633333333384,0.31438983333333687,0.0,0.0,0.3995440000000012,0.0,0.0,0.7793754999999958
575,2025-03-20T00:20:39.995366,0.0,0.0,0.0,2.971310888888891,0.000499999999999982,0.0,0.0,0.0,1.6398649999999864,0.0014333333333333236,0.7181116666666678,0.0,0.40970150000000183,0.1743356666666666,0.0,0.0,0.4234084999999937,0.0,0.7245543333333255,0.4399633333333384,0.31438983333333687,0.0,0.4601641666666676,0.0,0.0,0.21227049999999775,0.0
575,2025-03-20T00:20:42.996516,0.0,0.0,0.0,2.971310888888891,0.000499999999999982,0.0014503333333333315,0.0,0.3698718333333394,0.0,0.0,0.7181116666666678,0.0,0.0,0.0,0.0,0.0,0.4234084999999937,0.0,0.0,0.0,0.0,1.0957143333333383,0.4601641666666676,0.0,0.0,0.21227049999999775,0.0
575,2025-03-20T00:20:45.999385,0.0,0.0,0.0,2.971310888888891,0.0,0.0014503333333333315,0.0,0.3698718333333394,0.0,0.0,0.0,0.5584488333333298,0.0,0.0,0.0,1.1782331666666628,0.0,0.0,0.0,0.29720766666667,0.0,1.0957143333333383,0.0,0.0,3.0761981666666243,0.0,0.6453088333333313
575,2025-03-20T00:20:49.000530,2.739409833333336,0.008509666666666565,0.6148193333333344,0.0,0.0,0.0,0.02048900000000013,0.0,0.0,0.0,0.0,0.5584488333333298,0.3106138333333301,0.13183766666666705,0.9292356666666707,1.1782331666666628,0.0,0.0,0.0,0.29720766666667,0.0,0.0,0.0,0.28807850000000224,3.0761981666666243,0.0,0.6453088333333313
575,2025-03-20T00:20:52.003314,2.739409833333336,0.008509666666666565,0.6148193333333344,1.2351137777777694,0.0,0.0,0.02048900000000013,0.0,1.3247068333333423,0.0,0.0,0.0,0.3106138333333301,0.13183766666666705,0.9292356666666707,0.0,0.2688761666666722,0.001456166666666666,0.5116868333333476,0.0,0.36581999999999465,0.0,0.0,0.28807850000000224,0.0,0.0,0.0
575,2025-03-20T00:20:55.006210,0.0,0.0,0.0,1.2351137777777694,0.000604166666666665,0.0,0.0,0.0,1.3247068333333423,0.0,0.0,0.0,0.0,0.0,0.0,0.0,0.2688761666666722,0.001456166666666666,0.5116868333333476,0.0,0.36581999999999465,0.8935291666666673,0.4055396666666696,0.0,2.4262708333333953,0.318564166666666,0.0
575,2025-03-20T00:20:58.009107,0.0,0.0,0.0,1.2351137777777694,0.000604166666666665,0.0,0.0,0.0,0.0,0.0015293333333333456,0.6921664999999944,0.0,0.0,0.0,0.0,0.0,0.0,0.0,0.0,0.0,0.0,0.8935291666666673,0.4055396666666696,0.0,2.4262708333333953,0.318564166666666,0.7407713333333467
575,2025-03-20T00:21:01.011985,0.0,0.005103166666666622,0.0,0.0,0.0,0.0014183333333333734,0.0,0.36134333333332813,0.0,0.0015293333333333456,0.6921664999999944,0.5963831666666694,0.0,0.0,0.0,1.128931000000004,0.0,0.0,0.416570166666664,0.442161166666665,0.0,0.0,0.0,0.0,0.0,0.0,0.7407713333333467
575,2025-03-20T00:21:04.012535,0.0,0.005103166666666622,0.0,0.0,0.0,0.0014183333333333734,0.01322283333333374,0.36134333333332813,1.1898824999999913,0.0,0.0,0.5963831666666694,0.0,0.0,0.0,1.128931000000004,0.0,0.0009938333333333236,0.416570166666664,0.442161166666665,0.0,0.0,0.0,0.27678699999999407,0.0,0.0,0.0
575,2025-03-20T00:21:07.015418,2.5985496666666377,0.0,0.6714540000000019,2.611561111111112,0.0005826666666666573,0.0,0.01322283333333374,0.0,1.1898824999999913,0.0,0.0,0.0,0.0,0.16776449999999937,1.0539581666666702,0.0,0.3812493333333294,0.0009938333333333236,0.0,0.0,0.0,0.7469318333333301,0.0,0.27678699999999407,2.585322333333276,0.0,0.6034854999999956
575,2025-03-20T00:21:10.016489,2.5985496666666377,0.0,0.6714540000000019,2.611561111111112,0.0005826666666666573,0.0,0.0,0.0,0.0,0.0,0.0,0.0,0.48259883333333664,0.16776449999999937,1.0539581666666702,0.0,0.3812493333333294,0.0,0.0,0.0,0.4568596666666736,0.7469318333333301,0.0,0.0,2.585322333333276,0.0,0.6034854999999956
575,2025-03-20T00:21:13.017284,0.0,0.006514166666666673,0.0,2.611561111111112,0.0,0.0,0.0,0.0,0.0,0.0,0.5261576666666675,0.0,0.48259883333333664,0.0,0.0,0.0,0.0,0.0,0.0,0.0,0.4568596666666736,0.0,0.456035166666671,0.0,0.0,0.0,0.0
575,2025-03-20T00:21:16.020164,0.0,0.006514166666666673,0.0,0.0,0.0,0.0,0.0,0.3544550000000016,0.0,0.0014911666666666732,0.5261576666666675,0.0,0.0,0.0,0.0,0.8890933333333352,0.0,0.000856166666666658,0.48652416666665965,0.0,0.0,0.0,0.456035166666671,0.0,0.0,0.24067250000000232,0.0
575,2025-03-20T00:21:19.023066,0.0,0.0,0.0,1.0615399999999986,0.0006021666666666815,0.0014284999999999808,0.018549000000000152,0.3544550000000016,1.4994475000000118,0.0014911666666666732,0.0,0.7317898333333328,0.0,0.0,0.0,0.8890933333333352,0.0,0.000856166666666658,0.48652416666665965,0.0,0.0,0.0,0.0,0.36120483333333675,0.0,0.24067250000000232,0.0
575,2025-03-20T00:21:22.025901,2.307367999999997,0.0,0.5890031666666669,1.0615399999999986,0.0006021666666666815,0.0014284999999999808,0.018549000000000152,0.0,1.4994475000000118,0.0,0.0,0.7317898333333328,0.3054156666666662,0.0,1.0234206666666525,0.0,0.0,0.0,0.0,0.5308393333333281,0.0,0.0,0.0,0.36120483333333675,3.3571198333334,0.0,0.0
600,2025-03-20T00:22:42.434215,0.0,0.0,0.0,0.0,0.0,0.0,0.015865500000000313,0.020306000000005046,0.0,0.0,0.0,0.0,0.0,0.019368000000000055,0.0,0.18157133333333303,0.0,0.0,0.0,0.008511333333331096,0.0,0.0,0.0,0.0,0.0,0.0,0.10679549999999458
600,2025-03-20T00:22:45.437189,0.0,0.0,0.0,0.7022033333333487,0.0,0.0,0.0,0.020306000000005046,0.527278666666689,0.0,0.0,0.0,0.10488633333333536,0.019368000000000055,0.0,0.18157133333333303,0.0,0.0,0.0,0.0,0.11687133333333578,0.0,0.0,0.072417999999999,0.0,0.09322333333333196,0.0
600,2025-03-20T00:22:48.440108,1.10159783333332,0.005288500000000104,0.28735166666666606,0.7022033333333487,0.0010776666666666805,0.001347999999999979,0.0,0.0,0.527278666666689,0.0,0.0,0.3234363333333477,0.10488633333333536,0.0,0.4426878333333283,0.0,0.18821133333333745,0.0012831666666666872,0.0,0.26134350000000006,0.11687133333333578,0.0,0.23665916666665987,0.072417999999999,2.086894166666677,0.09322333333333196,0.0
600,2025-03-20T00:22:51.443059,1.10159783333332,0.005288500000000104,0.28735166666666606,0.0,0.0010776666666666805,0.001347999999999979,0.0,0.0,0.0,0.0,0.0,0.3234363333333477,0.0,0.0,0.4426878333333283,0.0,0.18821133333333745,0.0012831666666666872,0.41386949999999467,0.26134350000000006,0.0,0.0,0.23665916666665987,0.0,2.086894166666677,0.0,0.0
600,2025-03-20T00:22:54.445982,0.0,0.0,0.0,0.0,0.0,0.0,0.017322499999999984,0.27910033333333223,0.0,0.0014928333333333508,0.0,0.0,0.0,0.11859316666666805,0.0,0.0,0.0,0.0,0.41386949999999467,0.0,0.0,0.9097858333333307,0.0,0.0,0.0,0.0,0.8191609999999894
600,2025-03-20T00:22:57.448926,0.0,0.005341833333333194,0.0,3.2583861666666207,0.0,0.0,0.017322499999999984,0.27910033333333223,0.0,0.0014928333333333508,0.5738938333333296,0.0,0.0,0.11859316666666805,0.6493435000000053,1.1025911666666655,0.0,0.0,0.0,0.0,0.0,0.9097858333333307,0.0,0.0,0.0,0.0,0.8191609999999894
600,2025-03-20T00:23:00.451853,1.9336840000000093,0.005341833333333194,0.0,3.2583861666666207,0.0006384999999999864,0.0,0.0,0.0,0.0,0.0,0.5738938333333296,0.0,0.38528483333333463,0.0,0.6493435000000053,1.1025911666666655,0.0,0.0007973333333333167,0.38392966666666933,0.0,0.0,0.0,0.0,0.0,2.5118025000000066,0.0,0.0
600,2025-03-20T00:23:03.452497,1.9336840000000093,0.0,0.6252181666666654,0.0,0.0006384999999999864,0.0,0.0,0.0,1.6475629999999912,0.0,0.0,0.5679946666666639,0.38528483333333463,0.0,0.0,0.0,0.0,0.0007973333333333167,0.38392966666666933,0.0,0.48369916666666773,0.0,0.0,0.4008463333333339,2.5118025000000066,0.33618300000000073,0.0
600,2025-03-20T00:23:06.452728,0.0,0.0,0.6252181666666654,0.0,0.0,0.0014421666666666335,0.012034833333333477,0.0,1.6475629999999912,0.0,0.0,0.5679946666666639,0.0,0.0,0.6216783333333259,0.0,0.4247626666666615,0.0,0.0,0.45604200000000605,0.48369916666666773,0.0,0.0,0.4008463333333339,0.0,0.33618300000000073,0.9214101666666845
600,2025-03-20T00:23:09.454566,0.0,0.004794500000000036,0.0,0.0,0.0,0.0014421666666666335,0.012034833333333477,0.0,0.0,0.0011810000000000247,0.0,0.0,0.0,0.14770016666666666,0.6216783333333259,0.0,0.4247626666666615,0.0,0.0,0.45604200000000605,0.0,0.0,0.5290898333333398,0.0,0.0,0.0,0.9214101666666845
600,2025-03-20T00:23:12.454675,0.0,0.004794500000000036,0.0,0.0,0.0006695000000000266,0.0,0.0,0.4028028333333301,0.0,0.0011810000000000247,0.0,0.0,0.0,0.14770016666666666,0.0,0.0,0.0,0.0,0.0,0.0,0.0,1.3602226666666677,0.5290898333333398,0.0,0.0,0.0,0.0
600,2025-03-20T00:23:15.457570,0.0,0.0,0.37087383333332963,2.7709241666667217,0.0006695000000000266,0.0,0.0,0.4028028333333301,0.0,0.0,0.6858301666666667,0.4805550000000002,0.3827566666666656,0.0,0.0,0.0,0.0,0.0,0.0,0.0,0.0,1.3602226666666677,0.0,0.0,2.8097295000000035,0.0,0.0
600,2025-03-20T00:23:18.460484,0.0,0.0,0.37087383333332963,2.7709241666667217,0.0,0.0,0.012626333333333408,0.0,1.1993151666666793,0.0,0.6858301666666667,0.4805550000000002,0.3827566666666656,0.0,0.0,1.468333166666677,0.0,0.0013673333333333502,0.5878696666666771,0.0,0.0,0.0,0.0,0.0,2.8097295000000035,0.0,0.0
600,2025-03-20T00:23:21.463408,2.780449999999974,0.004981666666666663,0.0,0.0,0.0,0.0013268333333333884,0.012626333333333408,0.0,1.1993151666666793,0.0,0.0,0.0,0.0,0.0,0.0,1.468333166666677,0.3426760000000021,0.0013673333333333502,0.5878696666666771,0.0,0.4528213333333327,0.0,0.0,0.422538000000003,0.0,0.0,0.0
600,2025-03-20T00:23:24.466334,2.780449999999974,0.004981666666666663,0.0,0.0,0.0,0.0013268333333333884,0.0,0.0,0.0,0.0,0.0,0.0,0.26332716666667016,0.14544516666666615,1.0021610000000012,0.0,0.3426760000000021,0.0,0.0,0.520539833333326,0.4528213333333327,0.0,0.37491583333332795,0.422538000000003,2.1872298333333524,0.2394461666666672,1.1574121666666506
600,2025-03-20T00:23:27.469232,0.0,0.0,0.0,0.0,0.0,0.0,0.0,0.0,0.0,0.0,0.3594743333333384,0.0,0.26332716666667016,0.14544516666666615,1.0021610000000012,0.0,0.0,0.0,0.0,0.520539833333326,0.0,0.0,0.37491583333332795,0.0,2.1872298333333524,0.2394461666666672,1.1574121666666506
600,2025-03-20T00:23:30.472156,0.0,0.0,0.6161088333333378,0.0,0.0009506666666666553,0.0,0.012861666666665885,0.3929456666666719,0.0,0.0016259999999999795,0.3594743333333384,0.0,0.0,0.0,0.0,0.0,0.0,0.0,0.0,0.0,0.0,1.3558386666666518,0.0,0.0,0.0,0.0,0.0
600,2025-03-20T00:23:33.475067,0.0,0.0054871666666667105,0.6161088333333378,4.719815333333297,0.0009506666666666553,0.0,0.012861666666665885,0.3929456666666719,0.0,0.0016259999999999795,0.0,0.7170504999999897,0.0,0.0,0.0,1.1147783333333339,0.0,0.001196166666666665,0.5076576666666598,0.0,0.0,1.3558386666666518,0.0,0.0,0.0,0.0,0.0
600,2025-03-20T00:23:36.476469,0.0,0.0054871666666667105,0.0,4.719815333333297,0.0,0.0,0.0,0.0,1.7321938333333267,0.0,0.0,0.7170504999999897,0.0,0.0,0.0,1.1147783333333339,0.0,0.001196166666666665,0.5076576666666598,0.3289398333333414,0.38230149999999224,0.0,0.3476308333333407,0.3141249999999995,0.0,0.0,0.0
600,2025-03-20T00:23:39.479381,2.769169666666699,0.0,0.0,0.0,0.0,0.0014189999999999852,0.0,0.0,1.7321938333333267,0.0,0.0,0.0,0.3689283333333341,0.14054566666666804,0.9182963333333306,0.0,0.4253488333333356,0.0,0.0,0.3289398333333414,0.38230149999999224,0.0,0.3476308333333407,0.3141249999999995,0.0,0.1998805000000014,0.0
600,2025-03-20T00:23:42.482280,2.769169666666699,0.0,0.48115749999999485,0.0,0.0006836666666666751,0.0014189999999999852,0.0,0.24149433333333076,0.0,0.0,0.6083796666666691,0.0,0.3689283333333341,0.14054566666666804,0.9182963333333306,0.0,0.4253488333333356,0.0,0.0,0.0,0.0,0.0,0.0,0.0,4.117407999999993,0.1998805000000014,1.2703023333333479
600,2025-03-20T00:23:45.485195,0.0,0.005012333333333175,0.48115749999999485,0.0,0.0006836666666666751,0.0,0.0,0.24149433333333076,0.0,0.001228166666666697,0.6083796666666691,0.378532666666672,0.0,0.0,0.0,0.0,0.0,0.0,0.45705683333333513,0.0,0.0,0.0,0.0,0.0,4.117407999999993,0.0,1.2703023333333479
600,2025-03-20T00:23:48.487772,0.0,0.005012333333333175,0.0,2.28874216666668,0.0,0.0,0.020150000000001004,0.0,0.0,0.001228166666666697,0.0,0.378532666666672,0.0,0.0,0.0,0.0,0.0,0.0,0.45705683333333513,0.3429974999999957,0.0,0.0,0.0,0.0,0.0,0.0,0.0
600,2025-03-20T00:23:51.490661,1.9652816666666697,0.0,0.0,2.28874216666668,0.0,0.0,0.020150000000001004,0.0,0.0,0.0,0.0,0.0,0.0,0.0,0.0,1.4036436666666723,0.0,0.0012204999999999948,0.0,0.3429974999999957,0.0,1.3650660000000132,0.0,0.0,2.1665899999999665,0.0,0.0
600,2025-03-20T00:23:54.493558,1.9652816666666697,0.0,0.0,0.0,0.000575999999999984,0.0,0.0,0.2528008333333295,1.7072801666666542,0.0,0.0,0.0,0.3698876666666612,0.14297883333333064,0.0,1.4036436666666723,0.0,0.0012204999999999948,0.0,0.0,0.4056281666666735,1.3650660000000132,0.4766534999999977,0.36521650000000255,2.1665899999999665,0.1695039999999987,0.769816833333323
600,2025-03-20T00:23:57.496482,0.0,0.0052941666666666744,0.4636840000000007,0.0,0.000575999999999984,0.0013868333333333374,0.0,0.2528008333333295,1.7072801666666542,0.0,0.45162516666666386,0.0,0.3698876666666612,0.14297883333333064,1.0785040000000097,0.0,0.3860964999999984,0.0,0.37930483333334075,0.0,0.4056281666666735,0.0,0.4766534999999977,0.36521650000000255,0.0,0.1695039999999987,0.769816833333323
600,2025-03-20T00:24:00.499399,0.0,0.0052941666666666744,0.4636840000000007,1.4699396666666569,0.0,0.0013868333333333374,0.013544166666665804,0.0,0.0,0.0012391666666666803,0.45162516666666386,0.6054516666666625,0.0,0.0,1.0785040000000097,0.0,0.3860964999999984,0.0,0.37930483333334075,0.0,0.0,0.736506000000001,0.0,0.0,0.0,0.0,0.0
600,2025-03-20T00:24:03.502303,0.0,0.0,0.0,1.4699396666666569,0.0,0.0,0.013544166666665804,0.0,0.0,0.0012391666666666803,0.0,0.6054516666666625,0.0,0.0,0.0,0.0,0.0,0.0,0.0,0.0,0.0,0.736506000000001,0.0,0.0,0.0,0.0,0.0
600,2025-03-20T00:24:06.505184,0.0,0.0,0.4456099999999974,0.0,0.0,0.0,0.0,0.0,0.0,0.0,0.0,0.0,0.0,0.11956566666666885,0.0,0.0,0.0,0.0010575000000000077,0.0,0.5160480000000026,0.0,0.0,0.0,0.2744564999999947,3.130356499999986,0.0,0.0
600,2025-03-20T00:24:09.508077,2.6570864999999917,0.0,0.4456099999999974,0.0,0.0,0.0,0.0,0.3240063333333391,1.2701190000000226,0.0,0.0,0.0,0.0,0.11956566666666885,0.0,1.3827008333333313,0.2296761666666688,0.0010575000000000077,0.4527736666666632,0.5160480000000026,0.40851349999999803,0.0,0.0,0.2744564999999947,3.130356499999986,0.0,0.0
600,2025-03-20T00:24:12.508513,2.6570864999999917,0.007175833333333456,0.0,3.730112666666704,0.00097200000000001,0.0012331666666666556,0.016341666666666775,0.3240063333333391,1.2701190000000226,0.0,0.5159890000000095,0.4188801666666678,0.42456900000000064,0.0,0.9292280000000044,1.3827008333333313,0.2296761666666688,0.0,0.4527736666666632,0.0,0.40851349999999803,0.0,0.0,0.0,0.0,0.3557664999999967,1.0814971666666795
600,2025-03-20T00:24:15.511386,0.0,0.007175833333333456,0.0,3.730112666666704,0.00097200000000001,0.0012331666666666556,0.016341666666666775,0.0,0.0,0.0,0.5159890000000095,0.4188801666666678,0.42456900000000064,0.0,0.9292280000000044,0.0,0.0,0.0,0.0,0.0,0.0,0.0,0.532815999999997,0.0,0.0,0.3557664999999967,1.0814971666666795
600,2025-03-20T00:24:18.512672,0.0,0.0,0.4036355000000072,0.0,0.0,0.0,0.0,0.0,0.0,0.0,0.0,0.0,0.0,0.12742483333333138,0.0,0.0,0.0,0.0,0.0,0.0,0.0,1.3289934999999864,0.532815999999997,0.2730605000000045,2.522455833333349,0.0,0.0
600,2025-03-20T00:24:21.515561,0.0,0.0,0.4036355000000072,0.0,0.0,0.0,0.0,0.29180399999999435,0.0,0.0016164999999999838,0.0,0.0,0.0,0.12742483333333138,0.6386239999999931,0.0,0.0,0.0,0.0,0.0,0.0,1.3289934999999864,0.0,0.2730605000000045,2.522455833333349,0.0,0.0
600,2025-03-20T00:24:24.518488,1.9248951666666776,0.0,0.0,0.0,0.0005905000000000123,0.0,0.0,0.29180399999999435,1.4655724999999697,0.0016164999999999838,0.0,0.5471696666666618,0.34879583333333625,0.0,0.6386239999999931,0.0,0.0,0.0014258333333333115,0.48846633333333034,0.0,0.42232199999999886,0.0,0.0,0.0,0.0,0.0,0.0
600,2025-03-20T00:24:27.521395,1.9248951666666776,0.006059500000000107,0.4036989999999984,0.0,0.0005905000000000123,0.001304333333333352,0.017314999999999973,0.0,1.4655724999999697,0.0,0.0,0.5471696666666618,0.34879583333333625,0.0,0.0,1.1677739999999897,0.42909966666666344,0.0014258333333333115,0.48846633333333034,0.5503128333333318,0.42232199999999886,0.0,0.3517000000000034,0.0,0.0,0.17963016666666934,0.0
600,2025-03-20T00:24:30.524290,0.0,0.006059500000000107,0.4036989999999984,2.7749346666666197,0.0,0.001304333333333352,0.017314999999999973,0.0,0.0,0.0,0.6982131666666571,0.0,0.0,0.0,0.0,1.1677739999999897,0.42909966666666344,0.0,0.0,0.5503128333333318,0.0,0.0,0.3517000000000034,0.0,0.0,0.17963016666666934,1.2400701666666503
600,2025-03-20T00:24:33.527215,0.0,0.0,0.0,2.7749346666666197,0.0,0.0,0.0,0.0,0.0,0.0,0.6982131666666571,0.0,0.0,0.13805099999999965,0.6825048333333258,0.0,0.0,0.0,0.0,0.0,0.0,0.0,0.0,0.3225888333333274,3.6489221666666563,0.0,1.2400701666666503
600,2025-03-20T00:24:36.527541,0.0,0.0,0.0,0.0,0.0,0.0,0.0,0.36546966666666475,0.0,0.0012409999999999737,0.0,0.44446650000001386,0.0,0.13805099999999965,0.6825048333333258,0.7837944999999992,0.0,0.0,0.0,0.0,0.30159833333333574,1.1564454999999991,0.0,0.3225888333333274,3.6489221666666563,0.0,0.0
600,2025-03-20T00:24:39.530471,0.0,0.0,0.0,0.0,0.00075983333333333,0.0,0.010320333333333783,0.36546966666666475,0.0,0.0012409999999999737,0.0,0.44446650000001386,0.0,0.0,0.0,0.7837944999999992,0.31320199999999926,0.0,0.0,0.0,0.30159833333333574,1.1564454999999991,0.0,0.0,0.0,0.0,0.0
600,2025-03-20T00:24:42.533375,2.9465591666666646,0.00624916666666664,0.6249475,0.0,0.00075983333333333,0.0,0.010320333333333783,0.0,1.7166315000000245,0.0,0.49740766666667474,0.0,0.46473483333333365,0.0,0.6614203333333346,0.0,0.31320199999999926,0.0013553333333333752,0.644048666666663,0.44719583333333435,0.0,0.0,0.3947983333333317,0.0,0.0,0.0,0.0
600,2025-03-20T00:24:45.536301,2.9465591666666646,0.00624916666666664,0.6249475,0.0,0.0,0.0012584999999999773,0.0,0.0,1.7166315000000245,0.0,0.49740766666667474,0.0,0.46473483333333365,0.0,0.6614203333333346,0.0,0.0,0.0013553333333333752,0.644048666666663,0.44719583333333435,0.0,0.0,0.3947983333333317,0.0,0.0,0.22494866666666746,0.0
600,2025-03-20T00:24:48.536515,0.0,0.0,0.0,2.438838999999992,0.0,0.0012584999999999773,0.0,0.0,0.0,0.0,0.0,0.0,0.0,0.14815033333333363,0.0,0.0,0.0,0.0,0.0,0.0,0.0,0.0,0.0,0.396190666666674,0.0,0.22494866666666746,1.3015380000000127
600,2025-03-20T00:24:51.539400,0.0,0.0,0.0,2.438838999999992,0.0,0.0,0.012590666666666788,0.0,0.0,0.0,0.0,0.0,0.0,0.14815033333333363,0.0,1.1089375000000057,0.2765093333333369,0.0,0.3571241666666652,0.0,0.0,0.0,0.0,0.396190666666674,3.4639845000000005,0.0,1.3015380000000127
600,2025-03-20T00:24:54.542301,1.578451666666638,0.0,0.44117433333333156,0.0,0.0007648333333333258,0.0,0.012590666666666788,0.38937550000000937,1.1290408333333442,0.0015108333333333503,0.0,0.6449095000000019,0.0,0.0,0.0,1.1089375000000057,0.2765093333333369,0.0010468333333333304,0.3571241666666652,0.31111299999999653,0.435997166666662,1.2866683333333337,0.0,0.0,3.4639845000000005,0.13139533333333023,0.0
600,2025-03-20T00:24:57.544518,1.578451666666638,0.006700833333333083,0.44117433333333156,0.0,0.0007648333333333258,0.0,0.0,0.38937550000000937,1.1290408333333442,0.0015108333333333503,0.43753633333331743,0.6449095000000019,0.0,0.0,0.0,0.0,0.0,0.0010468333333333304,0.0,0.31111299999999653,0.435997166666662,1.2866683333333337,0.0,0.0,0.0,0.13139533333333023,0.0
600,2025-03-20T00:25:00.547396,0.0,0.006700833333333083,0.0,3.520582166666676,0.0,0.0012389999999999903,0.0,0.0,0.0,0.0,0.43753633333331743,0.0,0.4920731666666617,0.0,1.0366226666666687,0.0,0.0,0.0,0.0,0.0,0.0,0.0,0.4547928333333289,0.26101616666665944,2.5631493333333615,0.0,0.0
600,2025-03-20T00:25:03.550303,1.6400248333333518,0.0,0.0,3.520582166666676,0.0,0.0012389999999999903,0.012294833333333107,0.0,0.0,0.0,0.0,0.0,0.4920731666666617,0.15360450000000017,1.0366226666666687,0.9128926666666645,0.0,0.0,0.0,0.0,0.0,0.0,0.4547928333333289,0.26101616666665944,2.5631493333333615,0.0,0.0
600,2025-03-20T00:25:06.553229,1.6400248333333518,0.0,0.3692379999999958,0.0,0.0,0.0,0.012294833333333107,0.23230499999999668,0.0,0.0,0.0,0.0,0.0,0.15360450000000017,0.0,0.9128926666666645,0.0,0.0008529999999999928,0.0,0.0,0.30347516666666746,0.0,0.0,0.0,0.0,0.0,1.1697789999999866
600,2025-03-20T00:25:09.556144,0.0,0.005955666666666915,0.3692379999999958,0.0,0.0,0.0,0.0,0.23230499999999668,1.3391801666666654,0.0012435000000000271,0.0,0.0,0.0,0.0,0.6571093333333428,0.0,0.36998633333332503,0.0008529999999999928,0.59448683333333,0.0,0.30347516666666746,1.0697051666666844,0.0,0.0,0.0,0.28707166666666717,1.1697789999999866
600,2025-03-20T00:25:12.559021,0.0,0.005955666666666915,0.0,0.0,0.0009653333333333367,0.0,0.0,0.0,1.3391801666666654,0.0012435000000000271,0.5687843333333452,0.0,0.0,0.0,0.6571093333333428,0.0,0.36998633333332503,0.0,0.59448683333333,0.5297100000000039,0.0,1.0697051666666844,0.3680658333333327,0.0,0.0,0.28707166666666717,0.0
600,2025-03-20T00:25:15.561947,0.0,0.0,0.4477483333333415,0.0,0.0009653333333333367,0.0,0.012953666666666901,0.0,0.0,0.0,0.5687843333333452,0.7790288333333327,0.0,0.0,0.0,0.0,0.0,0.0,0.0,0.5297100000000039,0.0,0.0,0.3680658333333327,0.0,3.2758223333333567,0.0,0.0
600,2025-03-20T00:25:18.564839,0.0,0.0,0.4477483333333415,3.0466750000000506,0.0,0.0015485000000000269,0.012953666666666901,0.0,0.0,0.0,0.0,0.7790288333333327,0.0,0.0,0.0,1.104571333333335,0.2340190000000083,0.0008084999999999899,0.0,0.0,0.2761505,0.0,0.0,0.0,3.2758223333333567,0.0,0.0
600,2025-03-20T00:25:21.567696,0.0,0.0,0.0,3.0466750000000506,0.0,0.0015485000000000269,0.0,0.3805935000000034,0.0,0.0,0.0,0.0,0.49963016666667204,0.0,0.0,1.104571333333335,0.2340190000000083,0.0008084999999999899,0.49263200000001467,0.2875024999999975,0.2761505,0.0,0.0,0.41930250000000535,0.0,0.0,0.0
600,2025-03-20T00:25:24.570604,2.9855174999999767,0.00540783333333324,0.0,0.0,0.0,0.0,0.0,0.3805935000000034,1.298076999999997,0.0012008333333333174,0.0,0.0,0.49963016666667204,0.19458133333333663,0.8076933333333233,0.0,0.0,0.0,0.49263200000001467,0.28750249999999744,0.0,1.2504086666666583,0.0,0.41930250000000535,0.0,0.0,1.303861500000001
600,2025-03-20T00:25:27.573491,2.9855174999999767,0.005407833333333242,0.0,0.0,0.0,0.0,0.0,0.0,1.298076999999997,0.0012008333333333179,0.0,0.5478253333333215,0.0,0.1945813333333367,0.8076933333333235,0.0,0.0,0.0,0.0,0.0,0.0,1.2504086666666583,0.0,0.0,2.3844558333332775,0.2440030000000017,1.3038615000000013
600,2025-03-20T00:25:30.576314,0.0,0.0,0.5321444999999965,3.3707399999999934,0.0,0.0,0.015087333333332491,0.0,0.0,0.0,0.6596126666666654,0.5478253333333215,0.0,0.0,0.0,0.0,0.0,0.0,0.0,0.0,0.0,0.0,0.45189666666667,0.20974849999999873,2.3844558333332775,0.2440030000000017,0.0
600,2025-03-20T00:25:33.579174,0.0,0.0,0.5321444999999965,3.3707399999999934,0.0009886666666666748,0.0,0.015087333333332491,0.0,0.0,0.0,0.6596126666666654,0.0,0.0,0.0,0.0,0.0,0.0,0.001116666666666655,0.0,0.0,0.0,0.0,0.45189666666667,0.20974849999999873,0.0,0.0,0.0
625,2025-03-20T00:26:55.068208,0.2772428333333134,0.005895333333333438,0.008653666666674555,0.103938666666636,0.0,0.0,0.0,0.0,0.0,0.0015216666666666436,0.0,0.03587250000000116,0.02446766666667107,0.0,0.06651433333331626,0.08075183333333295,0.0,0.0,0.0,0.0008531666666632041,0.0,0.0,0.015540333333329198,0.0,0.0,0.020033500000001446,0.0
625,2025-03-20T00:26:58.071173,0.2772428333333134,0.0,0.0,0.103938666666636,0.0008619999999999925,0.0,0.0,0.0,0.0,0.0,0.17917083333333042,0.03587250000000116,0.0,0.0,0.06651433333331626,0.08075183333333295,0.0,0.0,0.3232173333333322,0.0,0.0,0.0,0.0,0.0,1.012120833333332,0.020033500000001446,0.0
625,2025-03-20T00:27:01.073453,0.0,0.0,0.0,0.9301865555555904,0.0008619999999999925,0.0011611666666666578,0.0,0.0,0.0,0.0,0.17917083333333042,0.0,0.0,0.0,0.0,0.0,0.1614599999999958,0.0011750000000000003,0.3232173333333322,0.0,0.160941166666665,0.0,0.21176833333333892,0.14030366666666322,1.012120833333332,0.0,0.560343666666654
625,2025-03-20T00:27:04.076386,0.0,0.0,0.0,0.9301865555555904,0.0,0.0011611666666666578,0.0,0.22293733333333424,1.0114190000000085,0.000748166666666661,0.0,0.40352849999999313,0.0,0.0,0.0,0.0,0.1614599999999958,0.0011750000000000003,0.0,0.0,0.160941166666665,0.5764159999999948,0.21176833333333892,0.14030366666666322,0.0,0.0,0.560343666666654
625,2025-03-20T00:27:07.079306,0.0,0.007289666666666566,0.5622799999999871,0.9301865555555904,0.0,0.0,0.018929666666667327,0.22293733333333424,1.0114190000000085,0.000748166666666661,0.0,0.40352849999999313,0.0,0.13323266666666694,0.0,0.9443283333333361,0.0,0.0,0.0,0.0,0.0,0.5764159999999948,0.0,0.0,0.0,0.0,0.0
625,2025-03-20T00:27:10.080495,2.041164166666666,0.007289666666666566,0.5622799999999871,0.0,0.0,0.0,0.018929666666667327,0.0,0.0,0.0,0.0,0.0,0.45140433333332913,0.13323266666666694,0.0,0.9443283333333361,0.0,0.0,0.4368301666666526,0.5033328333333317,0.2624101666666642,0.0,0.0,0.0,3.373228999999962,0.20010449999999955,0.0
625,2025-03-20T00:27:13.083352,2.041164166666666,0.0,0.0,0.0,0.0006945000000000053,0.0,0.0,0.0,0.9035134999999932,0.0007816666666666806,0.5974979999999922,0.0,0.45140433333332913,0.0,1.2835228333333364,0.0,0.32757216666666983,0.0,0.4368301666666526,0.5033328333333317,0.2624101666666642,0.0,0.0,0.0,3.373228999999962,0.20010449999999955,0.0
625,2025-03-20T00:27:16.086261,0.0,0.0,0.0,2.590639333333305,0.0006945000000000053,0.0,0.0,0.2943834999999998,0.9035134999999932,0.0007816666666666806,0.5974979999999922,0.0,0.0,0.0,1.2835228333333364,0.0,0.32757216666666983,0.0,0.0,0.0,0.0,0.0,0.0,0.0,0.0,0.0,0.0
625,2025-03-20T00:27:19.089176,0.0,0.004998500000000129,0.43831533333334016,2.590639333333305,0.0,0.0013510000000000282,0.012066999999999458,0.2943834999999998,0.0,0.0,0.0,0.0,0.0,0.0,0.0,0.0,0.0,0.0013668333333333542,0.0,0.0,0.0,1.199693000000006,0.0,0.4077523333333394,2.41840400000001,0.0,1.0851778333333377
625,2025-03-20T00:27:22.092094,0.0,0.004998500000000129,0.43831533333334016,2.590639333333305,0.0,0.0013510000000000282,0.012066999999999458,0.0,0.0,0.0,0.0,0.7365159999999947,0.0,0.0,0.0,0.0,0.0,0.0013668333333333542,0.43527633333333904,0.0,0.0,1.199693000000006,0.5108923333333356,0.4077523333333394,2.41840400000001,0.0,1.0851778333333377
625,2025-03-20T00:27:25.094069,0.0,0.0,0.0,0.0,0.0005069999999999982,0.0,0.0,0.0,0.0,0.0008695000000000046,0.0,0.7365159999999947,0.0,0.18621016666666418,0.7879006666666631,1.3511968333333282,0.0,0.0,0.43527633333333904,0.0,0.0,0.0,0.5108923333333356,0.0,0.0,0.0,0.0
625,2025-03-20T00:27:28.096513,2.678643166666689,0.004989666666666596,0.0,0.0,0.0005069999999999982,0.0,0.0,0.0,0.0,0.0008695000000000046,0.0,0.0,0.47321983333333156,0.18621016666666418,0.7879006666666631,1.3511968333333282,0.0,0.0,0.0,0.49217383333333947,0.4036014999999983,0.0,0.0,0.0,0.0,0.3811761666666674,0.0
625,2025-03-20T00:27:31.096596,2.678643166666689,0.004989666666666596,0.48203599999999375,0.0,0.0,0.0,0.0,0.0,1.5194878333333388,0.0,0.6609370000000089,0.0,0.47321983333333156,0.0,0.0,0.0,0.0,0.0,0.4542136666666655,0.49217383333333947,0.4036014999999983,0.0,0.0,0.0,2.400506166666674,0.3811761666666674,0.0
625,2025-03-20T00:27:34.099484,0.0,0.0,0.48203599999999375,1.7706904444444769,0.00044166666666663656,0.0,0.0,0.4429841666666619,1.5194878333333388,0.0008299999999999605,0.6609370000000089,0.4767040000000028,0.0,0.0,0.0,0.0,0.46042683333333423,0.0,0.4542136666666655,0.0,0.0,0.0,0.3174671666666598,0.3208878333333303,2.400506166666674,0.0,1.0045723333333476
625,2025-03-20T00:27:37.100513,0.0,0.0,0.0,1.7706904444444769,0.00044166666666663656,0.0014326666666666379,0.020336000000000357,0.4429841666666619,0.0,0.0008299999999999605,0.0,0.4767040000000028,0.29364300000000304,0.12727966666666649,0.9209355000000037,0.9822133333333342,0.46042683333333423,0.001156333333333315,0.0,0.3513673333333335,0.0,1.2763906666666762,0.3174671666666598,0.3208878333333303,0.0,0.0,1.0045723333333476
625,2025-03-20T00:27:40.103426,0.0,0.004592333333333384,0.0,1.7706904444444769,0.0,0.0014326666666666379,0.020336000000000357,0.0,0.0,0.0,0.0,0.0,0.29364300000000304,0.12727966666666649,0.9209355000000037,0.9822133333333342,0.0,0.001156333333333315,0.0,0.3513673333333335,0.0,1.2763906666666762,0.0,0.0,0.0,0.0,0.0
625,2025-03-20T00:27:43.106327,2.230443499999979,0.004592333333333384,0.5854075000000118,0.0,0.0,0.0,0.0,0.0,1.01096366666665,0.0,0.0,0.0,0.0,0.0,0.0,0.0,0.27868650000000156,0.0,0.0,0.0,0.39941950000000287,0.0,0.0,0.0,3.2648628333333063,0.19895133333333112,0.0
625,2025-03-20T00:27:46.109265,2.230443499999979,0.0,0.5854075000000118,1.2269402222222097,0.0,0.0,0.0,0.0,1.01096366666665,0.0,0.0,0.0,0.0,0.0,0.0,0.0,0.27868650000000156,0.0,0.0,0.0,0.39941950000000287,0.0,0.31462650000000286,0.2569796666666662,3.2648628333333063,0.19895133333333112,0.0
625,2025-03-20T00:27:49.112128,0.0,0.0,0.0,1.2269402222222097,0.0,0.0008545000000000544,0.0,0.0,0.0,0.0,0.721848833333335,0.0,0.0,0.0,0.0,0.9205068333333393,0.0,0.0,0.5750798333333289,0.0,0.0,0.7610639999999952,0.31462650000000286,0.2569796666666662,0.0,0.0,0.845961999999986
625,2025-03-20T00:27:52.115090,0.0,0.0,0.0,1.2269402222222097,0.000812000000000035,0.0008545000000000544,0.0,0.42225566666667197,0.0,0.001323833333333339,0.721848833333335,0.6641965000000029,0.37126833333332837,0.0,0.0,0.9205068333333393,0.0,0.0011756666666666862,0.5750798333333289,0.0,0.0,0.7610639999999952,0.0,0.0,0.0,0.0,0.845961999999986
625,2025-03-20T00:27:55.116490,1.9465718333333373,0.006913499999999869,0.42167333333333096,2.378389111111119,0.000812000000000035,0.0,0.020800833333333678,0.42225566666667197,1.1790386666666566,0.001323833333333339,0.0,0.6641965000000029,0.37126833333332837,0.1656606666666676,1.0755618333333437,0.0,0.26689849999999643,0.0011756666666666862,0.0,0.462855666666665,0.0,0.0,0.0,0.0,0.0,0.15704850000000195,0.0
625,2025-03-20T00:27:58.119408,1.9465718333333373,0.006913499999999869,0.42167333333333096,2.378389111111119,0.0,0.0,0.020800833333333678,0.0,1.1790386666666566,0.0,0.0,0.0,0.0,0.1656606666666676,1.0755618333333437,0.0,0.26689849999999643,0.0,0.0,0.462855666666665,0.41847349999999517,0.0,0.3057043333333335,0.3022309999999967,0.0,0.15704850000000195,0.0
625,2025-03-20T00:28:01.120475,0.0,0.0,0.0,2.378389111111119,0.0,0.0,0.0,0.0,0.0,0.0,0.0,0.0,0.0,0.0,0.0,0.0,0.0,0.0,0.4837935000000092,0.0,0.41847349999999517,0.7892673333333279,0.3057043333333335,0.3022309999999967,3.9213683333333247,0.0,0.8835400000000013
625,2025-03-20T00:28:04.123434,1.1495546666666694,0.0,0.30440033333333205,0.0,0.0,0.001319833333333298,0.0,0.0,0.0,0.0009086666666666688,0.0,0.6016818333333352,0.0,0.0,0.0,0.0,0.0,0.0,0.3225290000000061,0.0,0.0,0.7892673333333279,0.2117613333333313,0.0,3.9213683333333247,0.0,0.8835400000000013
625,2025-03-20T00:28:07.124510,1.7243320000000042,0.0058748333333333855,0.4566004999999981,1.1014363333333173,0.0,0.001319833333333298,0.014007666666665607,0.0,0.0,0.0009086666666666688,0.6862983333333357,0.6016818333333352,0.4177476666666754,0.0,0.9316196666666581,1.2369850000000044,0.0,0.0,0.0,0.3870363333333274,0.0,0.0,0.317641999999997,0.0,0.0,0.0,0.0
625,2025-03-20T00:28:10.127440,1.7243320000000042,0.0058748333333333855,0.0,1.1014363333333173,0.0007461666666666404,0.0,0.014007666666665607,0.4210901666666682,1.340786000000018,0.0,0.6862983333333357,0.0,0.4177476666666754,0.0,0.9316196666666581,1.2369850000000044,0.0,0.0011859999999999835,0.0,0.3870363333333274,0.0,0.0,0.317641999999997,0.27188400000000007,0.0,0.16175583333333068,0.0
625,2025-03-20T00:28:13.130299,0.0,0.0,0.0,1.1014363333333173,0.0007461666666666404,0.0,0.0,0.4210901666666682,1.340786000000018,0.0,0.0,0.0,0.0,0.19485299999999958,0.0,0.0,0.40376133333333547,0.0011859999999999835,0.0,0.0,0.35561866666666714,0.0,0.0,0.27188400000000007,0.0,0.16175583333333068,0.0
625,2025-03-20T00:28:16.133226,0.0,0.0,0.0,0.0,0.0,0.0,0.0,0.0,0.0,0.0,0.0,0.0,0.0,0.19485299999999958,0.0,0.0,0.40376133333333547,0.0,0.0,0.0,0.35561866666666714,1.0293758333333283,0.0,0.0,0.0,0.0,0.0
625,2025-03-20T00:28:19.136114,0.0,0.0,0.0,0.0,0.0,0.0009131666666667058,0.0,0.0,0.0,0.0,0.0,0.6131865000000024,0.3440751666666605,0.0,0.0,0.0,0.0,0.0008648333333333518,0.6647411666666586,0.0,0.0,1.0293758333333283,0.29686616666667004,0.0,4.523313000000068,0.2634860000000004,0.0
625,2025-03-20T00:28:22.136514,0.0,0.006082500000000065,0.0,0.0,0.0005236666666666631,0.0009131666666667058,0.0,0.0,0.0,0.0013268333333333142,0.7713951666666693,0.6131865000000024,0.3440751666666605,0.0,0.0,1.2574993333333284,0.0,0.0008648333333333518,0.6647411666666586,0.4118581666666709,0.0,0.0,0.29686616666667004,0.25100116666666855,4.523313000000068,0.2634860000000004,1.181190499999995
625,2025-03-20T00:28:25.139383,1.793191333333324,0.006082500000000065,0.5606171111111155,1.7470413333333252,0.0003491111111111087,0.0,0.019204333333333306,0.2488415555555561,1.3103338333333265,0.0013268333333333142,0.7713951666666693,0.0,0.0,0.11182966666666991,1.2440573333333307,1.2574993333333284,0.3754431666666657,0.0,0.0,0.4118581666666709,0.23685211111111612,0.0,0.0,0.16733411111111235,0.0,0.0,1.181190499999995
625,2025-03-20T00:28:28.142232,1.793191333333324,0.0,0.5606171111111155,1.7470413333333252,0.0,0.0,0.019204333333333306,0.2488415555555561,1.3103338333333265,0.0,0.0,0.0,0.0,0.11182966666666991,1.2440573333333307,0.0,0.3754431666666657,0.00047377777777778287,0.0,0.0,0.23685211111111612,0.816305,0.22024855555555534,0.0,0.0,0.0,0.0
625,2025-03-20T00:28:31.144465,0.0,0.0,0.0,1.7470413333333252,0.0,0.0,0.0,0.0,0.0,0.0007731666666666767,0.0,0.0,0.33239100000000127,0.0,0.0,0.0,0.0,0.00047377777777778287,0.40219155555555774,0.3093594999999994,0.23685211111111612,0.816305,0.22024855555555534,0.0,0.0,0.0,0.0
625,2025-03-20T00:28:34.147375,0.0,0.0,0.0,2.5170735555555743,0.0,0.0012976666666666416,0.0,0.0,0.0,0.0007731666666666767,0.5029599999999922,0.6478583333333366,0.33239100000000127,0.0,0.0,0.0,0.0,0.0007106666666666743,0.6032873333333366,0.3093594999999994,0.0,0.0,0.330372833333333,0.0,3.8224794999999485,0.0,0.0
625,2025-03-20T00:28:37.150261,0.0,0.0,0.5116090000000024,2.5170735555555743,0.0,0.0012976666666666416,0.0,0.2105179999999981,1.1922593333333302,0.0,0.5029599999999922,0.6478583333333366,0.0,0.13852983333333196,0.0,0.0,0.0,0.0,0.6032873333333366,0.0,0.0,0.0,0.0,0.0,3.8224794999999485,0.21313833333333324,0.0
625,2025-03-20T00:28:40.153123,1.2509554444444702,0.008088500000000092,0.34107266666666824,2.5170735555555743,0.0005402222222222383,0.0,0.0,0.14034533333333205,1.1922593333333302,0.0008185000000000554,0.0,0.0,0.0,0.13852983333333196,1.060830500000009,0.0,0.3231151666666677,0.0,0.0,0.0,0.21992011111110643,0.0,0.20085955555555304,0.28345188888888767,0.0,0.21313833333333324,1.1194446666666713
625,2025-03-20T00:28:43.156062,1.2509554444444702,0.008088500000000092,0.30520933333332323,0.0,0.0005402222222222383,0.0,0.018319666666666738,0.154237666666663,0.0,0.0008185000000000554,0.0,0.0,0.35589399999999694,0.0,1.060830500000009,1.361500499999996,0.3231151666666677,0.0,0.0,0.3057381666666667,0.21992011111110643,0.0,0.20085955555555304,0.28345188888888767,0.0,0.0,1.1194446666666713
625,2025-03-20T00:28:46.156517,0.0,0.0,0.4578139999999849,0.0,0.0,0.0,0.018319666666666738,0.23135649999999452,0.0,0.0,0.0,0.0,0.35589399999999694,0.0,0.0,1.361500499999996,0.0,0.0,0.0,0.3057381666666667,0.0,0.9114281666666671,0.3012893333333296,0.4251778333333316,0.0,0.12748933333333431,0.0
625,2025-03-20T00:28:49.159405,0.9175734444444162,0.0,0.30520933333332323,1.566353888888898,0.0,0.0010674999999999992,0.0,0.154237666666663,0.9299528333333457,0.0,0.0,0.6646296666666559,0.0,0.1152355000000019,0.0,0.0,0.0,0.0008465555555555604,0.3293625555555511,0.0,0.16675500000000437,0.9114281666666671,0.0,0.0,0.0,0.12748933333333431,0.0
625,2025-03-20T00:28:52.162298,0.9175734444444162,0.004799499999999846,0.0,1.566353888888898,0.0,0.0010674999999999992,0.0,0.0,0.9299528333333457,0.0,0.7431426666666615,0.6646296666666559,0.0,0.1152355000000019,0.6791531666666705,0.0,0.31248633333333,0.0008465555555555604,0.3293625555555511,0.0,0.16675500000000437,0.0,0.2107424444444443,0.0,0.0,0.0,0.0
625,2025-03-20T00:28:55.165207,0.0,0.004799499999999846,0.0,1.566353888888898,0.0005034444444444268,0.0,0.0,0.0,0.0,0.0,0.7431426666666615,0.0,0.2858450000000043,0.0,0.6791531666666705,0.0,0.31248633333333,0.0,0.0,0.0,0.16675500000000437,0.0,0.2107424444444443,0.0,4.821531000000051,0.0,0.7098235000000084
625,2025-03-20T00:28:58.168084,0.0,0.0,0.0,0.0,0.0007551666666666402,0.0,0.016425333333334183,0.0,0.0,0.001132333333333291,0.0,0.0,0.2858450000000043,0.0,0.0,1.0648899999999915,0.0,0.0,0.0,0.0,0.0,0.0,0.31611366666666646,0.0,4.821531000000051,0.0,0.7098235000000084
625,2025-03-20T00:29:01.168468,1.3785254444444743,0.0,0.0,0.0,0.0005034444444444268,0.0,0.016425333333334183,0.1834375555555552,0.0,0.001132333333333291,0.0,0.5092828333333349,0.0,0.0,0.0,1.0648899999999915,0.0,0.0,0.2957687777777791,0.4475333333333349,0.0,0.0,0.0,0.2999795555555554,0.0,0.174705666666668,0.0
625,2025-03-20T00:29:04.171424,1.3785254444444743,0.0,0.5313881111111162,0.0,0.0,0.0,0.0,0.1834375555555552,0.0,0.0,0.0,0.5092828333333349,0.0,0.0,0.8922251666666626,0.0,0.0,0.0008209999999999854,0.2957687777777791,0.4475333333333349,0.23793099999999692,0.9084429999999961,0.0,0.2999795555555554,2.539662833333296,0.174705666666668,0.0
625,2025-03-20T00:29:07.172502,1.3785254444444743,0.007338500000000064,0.5313881111111162,2.948401000000003,0.0003820000000000058,0.0015053333333333216,0.0,0.17468244444444914,1.812046333333342,0.0,0.0,0.0,0.33480750000000137,0.19187499999999605,0.8922251666666626,0.0,0.39865966666667424,0.0008209999999999854,0.0,0.0,0.23793099999999692,0.9084429999999961,0.2622806666666659,0.0,2.539662833333296,0.0,0.6243096666666664
625,2025-03-20T00:29:10.175414,0.0,0.007338500000000064,0.5313881111111162,2.9484010000000027,0.0003820000000000058,0.0015053333333333216,0.014149666666665915,0.17468244444444914,1.812046333333342,0.0,0.0,0.0,0.33480750000000137,0.19187499999999605,0.0,0.8665530000000294,0.39865966666667424,0.0008209999999999854,0.0,0.0,0.23793099999999692,0.0,0.2622806666666659,0.17570188888889032,0.0,0.0,0.6243096666666664
625,2025-03-20T00:29:13.176556,1.0034127777777637,0.0,0.0,2.9484010000000027,0.0003820000000000058,0.0,0.014149666666665915,0.17468244444444914,0.0,0.0,0.7432600000000018,0.0,0.0,0.0,0.0,0.8665530000000294,0.0,0.0005071111111111372,0.0,0.0,0.0,0.0,0.2622806666666659,0.17570188888889032,0.0,0.0,0.0
625,2025-03-20T00:29:16.179425,1.0034127777777637,0.0,0.3422913333333276,0.0,0.0,0.0,0.0,0.0,0.0,0.0013829999999999862,0.7432600000000018,0.0,0.0,0.0,0.0,0.0,0.0,0.0005071111111111372,0.48170466666667583,0.4479288333333311,0.0,0.0,0.0,0.17570188888889032,0.0,0.32342533333333284,0.0
625,2025-03-20T00:29:19.182302,1.0034127777777637,0.0,0.3422913333333276,1.3863726666666278,0.0,0.0,0.0,0.0,0.0,0.0013829999999999862,0.0,0.717775999999996,0.0,0.0,0.0,0.0,0.26857733333332595,0.0005071111111111372,0.48170466666667583,0.4479288333333311,0.0,0.6806038333333315,0.19353411111111682,0.0,0.0,0.32342533333333284,0.5947963333333254
625,2025-03-20T00:29:22.185184,0.0,0.005958499999999904,0.3422913333333276,1.3863726666666278,0.0,0.0,0.0,0.21758266666666437,0.0,0.0,0.0,0.717775999999996,0.4093723333333325,0.0,1.2360211666666603,0.0,0.26857733333332595,0.0,0.48170466666667583,0.0,0.3219868888888868,0.6806038333333315,0.19353411111111682,0.0,4.53857816666664,0.0,0.5947963333333254
625,2025-03-20T00:29:25.188063,0.0,0.005958499999999904,0.0,1.3863726666666278,0.00049855555555557,0.0013501666666666525,0.016374500000000108,0.21758266666666437,1.3971484999999955,0.0,0.0,0.0,0.4093723333333325,0.18454516666666623,1.2360211666666603,0.0,0.0,0.0,0.0,0.0,0.3219868888888868,0.0,0.19353411111111682,0.23158633333333178,4.53857816666664,0.0,0.0
625,2025-03-20T00:29:28.188488,1.2021807777777618,0.0,0.0,0.0,0.00049855555555557,0.0013501666666666525,0.016374500000000108,0.21758266666666437,1.3971484999999955,0.0,0.0,0.0,0.0,0.18454516666666623,0.0,1.1186585,0.0,0.0006348888888888639,0.0,0.0,0.3219868888888868,0.0,0.0,0.23158633333333178,0.0,0.0,0.0
625,2025-03-20T00:29:31.191397,1.2021807777777618,0.0,0.3895520000000059,0.0,0.00049855555555557,0.0,0.0,0.0,0.0,0.0012145000000000443,0.7461141666666625,0.5696426666666715,0.0,0.0,0.0,1.1186585,0.0,0.0006348888888888639,0.0,0.376491500000005,0.0,0.0,0.0,0.23158633333333178,0.0,0.16302183333333178,0.7093624999999976
625,2025-03-20T00:29:34.192519,1.2021807777777618,0.0,0.3895520000000059,0.0,0.0,0.0,0.0,0.0,0.8470233333333304,0.0012145000000000443,0.7461141666666625,0.5696426666666715,0.0,0.0,0.0,0.0,0.0,0.0006348888888888639,0.0,0.376491500000005,0.0,0.6226250000000089,0.3032784444444398,0.0,0.0,0.16302183333333178,0.7093624999999976
625,2025-03-20T00:29:37.195399,0.0,0.0,0.3895520000000059,0.0,0.0,0.0009191666666667302,0.011543000000000822,0.0,0.8470233333333304,0.0,0.0,0.0,0.0,0.10651000000000012,1.100252666666677,0.0,0.4567175000000059,0.000535777777777814,0.4859096666666574,0.0,0.22331122222222652,0.6226250000000089,0.3032784444444398,0.0,3.7580040000000285,0.0,0.0
625,2025-03-20T00:29:40.196492,1.0567593333333511,0.008175333333333276,0.0,2.5962307777777927,0.0,0.0009191666666667302,0.011543000000000822,0.2228790000000029,0.0,0.0,0.0,0.0,0.4099146666666703,0.10651000000000012,1.100252666666677,0.0,0.4567175000000059,0.000535777777777814,0.4859096666666574,0.0,0.22331122222222652,0.0,0.3032784444444398,0.23075033333333927,3.7580040000000285,0.0,0.0
625,2025-03-20T00:29:43.199335,1.0567593333333511,0.008175333333333276,0.32288311111110746,2.5962307777777927,0.0004986666666666473,0.0,0.0,0.2228790000000029,0.0,0.0008564999999999638,0.0,0.0,0.4099146666666703,0.0,0.0,0.0,0.0,0.000535777777777814,0.4859096666666574,0.0,0.22331122222222652,0.0,0.0,0.23075033333333927,0.0,0.0,0.0
625,2025-03-20T00:29:46.200517,1.0567593333333511,0.0,0.32288311111110746,2.5962307777777927,0.0004986666666666473,0.0,0.0,0.2228790000000029,0.0,0.0008564999999999638,0.481349666666669,0.0,0.0,0.0,0.0,1.2550686666666404,0.0,0.0,0.0,0.4254701666666658,0.0,0.5597883333333206,0.18836044444444472,0.23075033333333927,0.0,0.0,0.0
650,2025-03-20T00:31:06.613869,0.0,0.0,0.08975250000001249,0.0,0.00071999999999998,0.0,0.0,0.0,0.0,0.0009794999999999852,0.0,0.0,0.0,0.029367333333330713,0.0,0.0,0.07086283333333655,0.0,0.0,0.0,0.0,0.0,0.0,0.01211699999999875,0.3451900000000024,0.0,0.0
650,2025-03-20T00:31:09.616516,0.5177381666666558,0.0,0.08975250000001249,0.4571699999999813,0.0,0.0,0.0,0.06096450000000195,0.0,0.0009794999999999852,0.18476050000000063,0.0,0.17062733333333807,0.029367333333330713,0.0,0.39382266666666516,0.07086283333333655,0.0,0.3944308333333311,0.18483950000000013,0.0,0.0,0.1223248333333326,0.0,0.0,0.0,0.48982933333331863
650,2025-03-20T00:31:12.619410,0.5177381666666558,0.0049181666666665205,0.0,0.4571699999999813,0.0,0.0014950000000000243,0.0,0.06096450000000195,0.0,0.0,0.18476050000000063,0.34722316666667064,0.17062733333333807,0.0,0.42922266666666553,0.39382266666666516,0.0,0.0013066666666667153,0.3944308333333311,0.18483950000000013,0.21229550000000097,0.4764799999999999,0.1223248333333326,0.0,2.5088913333333194,0.09847116666666979,0.48982933333331863
650,2025-03-20T00:31:15.622367,0.0,0.0049181666666665205,0.0,0.0,0.0,0.0014950000000000243,0.016422999999999636,0.0,1.252123333333316,0.0,0.0,0.34722316666667064,0.0,0.0,0.42922266666666553,0.0,0.0,0.0013066666666667153,0.0,0.0,0.21229550000000097,0.4764799999999999,0.0,0.0,2.5088913333333194,0.09847116666666979,0.0
650,2025-03-20T00:31:18.624495,0.0,0.0,0.5041523333333279,0.0,0.0,0.0,0.016422999999999636,0.0,1.252123333333316,0.0009106666666666523,0.0,0.0,0.0,0.12833383333333379,0.0,0.0,0.0,0.0,0.0,0.0,0.0,0.0,0.0,0.0,0.0,0.0,0.0
650,2025-03-20T00:31:21.627442,0.0,0.0,0.5041523333333279,0.0,0.0007736666666666726,0.0,0.0,0.2720431666666722,0.0,0.0009106666666666523,0.0,0.0,0.0,0.12833383333333379,0.0,0.0,0.33545116666666297,0.0,0.44856100000000276,0.0,0.0,0.0,0.34080766666666784,0.3228421666666653,0.0,0.0,0.0
650,2025-03-20T00:31:24.628475,0.0,0.005697333333333296,0.0,2.690249500000012,0.0007736666666666726,0.0,0.0,0.2720431666666722,0.0,0.0,0.0,0.0,0.0,0.0,0.8916783333333267,1.0125754999999876,0.33545116666666297,0.0,0.44856100000000276,0.4024871666666646,0.0,0.0,0.34080766666666784,0.3228421666666653,0.0,0.29544549999999964,1.1171518333333477
650,2025-03-20T00:31:27.631340,2.7604373333332815,0.005697333333333296,0.0,2.690249500000012,0.0,0.00123233333333328,0.0,0.0,0.0,0.0,0.6701618333333387,0.0,0.0,0.0,0.8916783333333267,1.0125754999999876,0.0,0.0,0.0,0.4024871666666646,0.0,0.0,0.0,0.0,3.742386666666638,0.29544549999999964,1.1171518333333477
650,2025-03-20T00:31:30.634254,2.7604373333332815,0.0,0.5240346666666559,0.0,0.00043700000000002076,0.00123233333333328,0.017971666666666646,0.0,1.4800116666666556,0.0009635000000000431,0.6701618333333387,0.0,0.5091563333333322,0.0,0.0,0.0,0.0,0.0013046666666666578,0.0,0.0,0.4310038333333353,1.4294023333333523,0.0,0.0,3.742386666666638,0.0,0.0
650,2025-03-20T00:31:33.637179,0.0,0.0,0.5240346666666559,0.0,0.00043700000000002076,0.0,0.017971666666666646,0.0,1.4800116666666556,0.0009635000000000431,0.0,0.9283461666666806,0.5091563333333322,0.1605923333333313,0.0,0.0,0.0,0.0013046666666666578,0.0,0.0,0.4310038333333353,1.4294023333333523,0.3334534999999998,0.0,0.0,0.0,0.0
650,2025-03-20T00:31:36.640099,0.0,0.005416333333333394,0.0,3.381348666666706,0.0,0.0,0.0,0.30323533333333336,0.0,0.0,0.0,0.9283461666666806,0.0,0.1605923333333313,0.0,0.0,0.39448883333333623,0.0,0.0,0.0,0.0,0.0,0.3334534999999998,0.0,0.0,0.0,0.0
650,2025-03-20T00:31:39.640510,1.8115288333333412,0.005416333333333394,0.0,3.381348666666706,0.0,0.0,0.0,0.30323533333333336,0.0,0.0,0.47761250000000177,0.0,0.28780500000000114,0.0,0.0,0.0,0.39448883333333623,0.0,0.0,0.0,0.0,0.0,0.0,0.44680350000000624,0.0,0.2007495000000006,0.0
650,2025-03-20T00:31:42.643426,1.8115288333333412,0.0,0.0,0.0,0.0004451666666666447,0.0010105000000000255,0.0,0.0,0.0,0.0,0.47761250000000177,0.0,0.28780500000000114,0.0,1.1805150000000142,1.4362756666666885,0.0,0.0,0.7169353333333296,0.0,0.0,0.0,0.281235,0.44680350000000624,0.0,0.2007495000000006,0.0
650,2025-03-20T00:31:45.644510,0.0,0.0,0.5110575000000116,0.0,0.0004451666666666447,0.0010105000000000255,0.015925666666666654,0.0,0.0,0.0009390000000000233,0.0,0.0,0.0,0.0,1.1805150000000142,1.4362756666666885,0.0,0.0,0.7169353333333296,0.5904765000000036,0.36077216666667294,1.1193244999999858,0.281235,0.0,4.903706499999999,0.0,1.4779431666666674
650,2025-03-20T00:31:48.647468,0.0,0.005200833333333322,0.5110575000000116,0.0,0.0,0.0,0.015925666666666654,0.0,2.029805500000028,0.0009390000000000233,0.0,0.7139493333333273,0.28443249999999887,0.0,0.0,0.0,0.0,0.0014256666666666955,0.0,0.5904765000000036,0.36077216666667294,1.1193244999999858,0.0,0.0,4.903706499999999,0.0,1.4779431666666674
650,2025-03-20T00:31:51.650398,1.9654163333333754,0.005200833333333322,0.0,0.0,0.0,0.0,0.0,0.3288606666666662,2.029805500000028,0.0,0.4004586666666607,0.7139493333333273,0.28443249999999887,0.0,0.0,0.0,0.0,0.0014256666666666955,0.0,0.0,0.0,0.0,0.0,0.0,0.0,0.0,0.0
650,2025-03-20T00:31:54.653308,1.9654163333333754,0.0,0.0,2.9534111666666076,0.0,0.0,0.0,0.3288606666666662,0.0,0.0,0.4004586666666607,0.0,0.0,0.19596783333333673,0.0,0.0,0.0,0.0,0.0,0.0,0.0,0.0,0.0,0.0,0.0,0.0,0.0
650,2025-03-20T00:31:57.656212,0.0,0.0,0.5939159999999978,2.9534111666666076,0.0008086666666666799,0.0,0.01198316666666699,0.0,0.0,0.0008929999999999587,0.0,0.0,0.0,0.19596783333333673,1.166283333333335,0.0,0.5215578333333327,0.0,0.0,0.3868916666666659,0.0,0.0,0.0,0.0,0.0,0.24715133333333011,0.0
650,2025-03-20T00:32:00.659126,0.0,0.0,0.5939159999999978,0.0,0.0008086666666666799,0.0013461666666666854,0.01198316666666699,0.0,0.0,0.0008929999999999587,0.40972133333334193,0.0,0.0,0.0,1.166283333333335,1.3317929999999858,0.5215578333333327,0.0,0.7304630000000051,0.3868916666666659,0.0,0.0,0.46272333333333415,0.435003166666661,4.294998833333315,0.24715133333333011,0.0
650,2025-03-20T00:32:03.660467,1.6038634999999888,0.0,0.0,0.0,0.0,0.0013461666666666854,0.0,0.0,1.3624293333333148,0.0,0.40972133333334193,0.0,0.0,0.0,0.0,1.3317929999999858,0.0,0.001084333333333317,0.7304630000000051,0.0,0.47667283333332955,1.3510478333333444,0.46272333333333415,0.435003166666661,4.294998833333315,0.0,1.3826954999999923
650,2025-03-20T00:32:06.663388,1.6038634999999888,0.007252333333333341,0.0,0.0,0.0,0.0,0.0,0.0,1.3624293333333148,0.0,0.0,0.903872999999995,0.0,0.1338630000000004,0.0,0.0,0.0,0.001084333333333317,0.0,0.0,0.47667283333332955,1.3510478333333444,0.0,0.0,0.0,0.0,1.3826954999999919
650,2025-03-20T00:32:09.666306,0.0,0.007252333333333343,0.0,4.383080833333376,0.0,0.0,0.0,0.4154011666666596,0.0,0.0010831666666667092,0.0,0.903872999999995,0.5491124999999973,0.13386300000000045,0.0,0.0,0.3793261666666676,0.0,0.0,0.0,0.0,0.0,0.0,0.0,0.0,0.0,0.0
650,2025-03-20T00:32:12.668517,0.0,0.0,0.0,4.383080833333376,0.0005548333333333193,0.000991999999999956,0.019880999999999226,0.4154011666666596,0.0,0.0010831666666667092,0.0,0.0,0.5491124999999973,0.0,0.0,0.9207761666666557,0.3793261666666676,0.0,0.4539423333333351,0.0,0.0,0.0,0.0,0.3160469999999976,0.0,0.0,0.0
650,2025-03-20T00:32:15.671417,1.759980833333354,0.0,0.6304156666666738,0.0,0.0005548333333333193,0.000991999999999956,0.019880999999999226,0.0,1.4179323333333211,0.0,0.0,0.0,0.0,0.0,1.1338886666666592,0.9207761666666557,0.0,0.0,0.4539423333333351,0.5024856666666627,0.0,0.0,0.42025733333333437,0.3160469999999976,0.0,0.2651373333333377,0.0
650,2025-03-20T00:32:18.674343,1.759980833333354,0.0,0.6304156666666738,0.0,0.0,0.0,0.0,0.0,1.4179323333333211,0.0,0.8066433333333218,0.0,0.0,0.12632766666666367,1.1338886666666592,0.0,0.0,0.0011866666666666694,0.0,0.5024856666666627,0.33648466666666843,0.0,0.42025733333333437,0.0,0.0,0.2651373333333377,1.129174833333328
650,2025-03-20T00:32:21.677232,0.0,0.0,0.0,1.9256611666666386,0.0,0.0,0.0,0.0,0.0,0.0,0.8066433333333218,0.6520633333333309,0.0,0.12632766666666367,0.0,0.8070600000000165,0.2689403333333379,0.0011866666666666694,0.0,0.0,0.33648466666666843,1.3617186666666614,0.0,0.0,5.714144500000051,0.0,1.129174833333328
650,2025-03-20T00:32:24.680165,0.0,0.0,0.0,1.9256611666666386,0.0005831666666666903,0.0,0.0,0.0,0.0,0.0,0.0,0.6520633333333309,0.0,0.0,0.0,0.8070600000000165,0.2689403333333379,0.0,0.4524984999999902,0.2884998333333329,0.0,1.3617186666666614,0.0,0.0,5.714144500000051,0.0,0.0
650,2025-03-20T00:32:27.683069,0.0,0.008473833333333404,0.4822681666666616,0.0,0.0005831666666666903,0.0010188333333333393,0.0,0.36618766666667096,0.0,0.0011968333333332768,0.0,0.0,0.4598071666666689,0.0,0.0,0.0,0.0,0.0,0.4524984999999902,0.2884998333333329,0.24256216666666813,0.0,0.0,0.3358580000000018,0.0,0.26495166666666614,0.0
650,2025-03-20T00:32:30.684507,0.0,0.008473833333333404,0.4822681666666616,0.0,0.0,0.0010188333333333393,0.019703833333333403,0.36618766666667096,1.2701185000000048,0.0011968333333332768,0.0,0.0,0.4598071666666689,0.0,1.130203833333326,0.0,0.0,0.0008796666666666121,0.0,0.0,0.24256216666666813,0.0,0.42038033333332697,0.3358580000000018,0.0,0.26495166666666614,0.0
650,2025-03-20T00:32:33.687432,2.527398166666672,0.0,0.0,1.7400641666667225,0.0,0.0,0.019703833333333403,0.0,1.2701185000000048,0.0,0.6141586666666778,0.4881010000000099,0.0,0.0,1.130203833333326,0.0,0.0,0.0008796666666666121,0.42335033333334127,0.0,0.0,0.0,0.42038033333332697,0.0,0.0,0.0,0.0
650,2025-03-20T00:32:36.689353,2.527398166666672,0.0,0.437045666666658,1.7400641666667225,0.0006104999999999954,0.0,0.0,0.0,0.0,0.0,0.6141586666666778,0.4881010000000099,0.29389233333333215,0.1960743333333331,0.0,0.0,0.38970633333333166,0.0,0.42335033333334127,0.0,0.0,1.1033061666666604,0.0,0.0,4.315059666666685,0.0,1.1870615000000082
650,2025-03-20T00:32:39.692271,0.0,0.0,0.437045666666658,0.0,0.0006104999999999954,0.000878833333333384,0.0,0.0,0.0,0.0,0.0,0.0,0.29389233333333215,0.19607433333333305,0.0,0.0,0.38970633333333166,0.0,0.0,0.0,0.0,1.1033061666666604,0.0,0.28965416666666977,4.315059666666683,0.0,1.1870615000000078
650,2025-03-20T00:32:42.695161,0.0,0.008209833333333213,0.0,0.0,0.0,0.0008788333333333843,0.0,0.35294566666667043,1.2016246666666652,0.001148000000000001,0.0,0.5134139999999927,0.0,0.0,0.8161533333333372,1.3670448333333147,0.0,0.0,0.0,0.0,0.4201336666666673,0.0,0.0,0.28965416666666977,0.0,0.22208466666666504,0.0
650,2025-03-20T00:32:45.698058,0.0,0.008209833333333213,0.41677750000000446,3.4466199999999394,0.0,0.0,0.014660833333334013,0.35294566666667043,1.2016246666666652,0.001148000000000001,0.0,0.5134139999999927,0.0,0.0,0.8161533333333372,1.3670448333333147,0.266192666666664,0.0011376666666667037,0.0,0.5540375000000022,0.4201336666666673,0.0,0.0,0.0,0.0,0.22208466666666504,0.0
650,2025-03-20T00:32:48.700513,2.3335186666666536,0.0,0.41677750000000446,3.4466199999999394,0.0004915000000000151,0.0,0.014660833333334013,0.0,0.0,0.0,0.526679333333334,0.0,0.32915233333333543,0.13879583333333304,0.0,0.0,0.266192666666664,0.0011376666666667037,0.0,0.5540375000000022,0.0,0.7825631666666671,0.49330833333333624,0.0,3.2021163333333034,0.0,0.8227998333333252
650,2025-03-20T00:32:51.703443,2.3335186666666536,0.0,0.0,0.0,0.0004915000000000151,0.0,0.0,0.0,0.0,0.0,0.526679333333334,0.0,0.32915233333333543,0.13879583333333304,0.7070408333333377,0.0,0.0,0.0,0.0,0.0,0.0,0.7825631666666671,0.49330833333333624,0.2753118333333286,3.2021163333333034,0.0,0.8227998333333252
650,2025-03-20T00:32:54.704549,0.0,0.0,0.0,1.759546500000018,0.0,0.0012098333333333175,0.0,0.0,0.0,0.0,0.0,0.0,0.0,0.0,0.7070408333333377,0.9349830000000263,0.0,0.0,0.7559571666666709,0.32051383333333666,0.0,0.0,0.0,0.2753118333333286,0.0,0.0,0.0
650,2025-03-20T00:32:57.707383,0.0,0.00548783333333347,0.0,1.759546500000018,0.0,0.0012098333333333175,0.0,0.0,1.3171288333333375,0.00104083333333338,0.0,0.6924929999999943,0.0,0.0,0.0,0.9349830000000263,0.0,0.0,0.7559571666666709,0.32051383333333666,0.0,0.0,0.0,0.0,0.0,0.0,0.0
650,2025-03-20T00:33:00.708506,0.0,0.00548783333333347,0.5379083333333294,0.0,0.0,0.0,0.01564283333333331,0.0,1.3171288333333375,0.00104083333333338,0.0,0.6924929999999943,0.0,0.0,0.0,0.0,0.0,0.0,0.0,0.0,0.0,0.0,0.0,0.0,0.0,0.21461066666666778,0.9103205000000117
650,2025-03-20T00:33:03.711361,0.0,0.0,0.5379083333333294,0.0,0.0,0.0,0.01564283333333331,0.43565899999999647,0.0,0.0,0.0,0.0,0.0,0.0,0.0,0.0,0.46195099999999917,0.0014023333333333574,0.0,0.0,0.5284321666666661,1.2155723333333224,0.3698241666666699,0.0,0.0,0.21461066666666778,0.9103205000000117
650,2025-03-20T00:33:06.712497,2.4224141666666132,0.0,0.0,0.0,0.0007615000000000076,0.0008223333333333325,0.0,0.43565899999999647,0.0,0.0,0.6661908333333221,0.0,0.4510408333333279,0.18502433333333576,0.0,0.0,0.46195099999999917,0.0014023333333333574,0.5299034999999891,0.30877650000000284,0.5284321666666661,1.2155723333333224,0.3698241666666699,0.0,4.23556283333331,0.0,0.0
650,2025-03-20T00:33:09.714377,2.4224141666666132,0.0,0.0,2.1787601666666587,0.0007615000000000076,0.0008223333333333325,0.0,0.0,1.262314833333335,0.0009556666666666511,0.6661908333333221,0.0,0.4510408333333279,0.18502433333333576,1.0777241666666746,0.0,0.0,0.0,0.5299034999999891,0.30877650000000284,0.0,0.0,0.0,0.0,4.23556283333331,0.1423934999999972,0.0
650,2025-03-20T00:33:12.716506,0.0,0.00684766666666666,0.5634446666666691,2.1787601666666587,0.0,0.0,0.014010500000000075,0.0,1.262314833333335,0.0009556666666666511,0.0,0.0,0.0,0.0,1.0777241666666746,1.2288096666666586,0.0,0.0,0.0,0.0,0.3066051666666662,0.0,0.0,0.4366400000000018,0.0,0.1423934999999972,0.7461384999999913
650,2025-03-20T00:33:15.719411,0.0,0.00684766666666666,0.5634446666666691,0.0,0.0,0.000892166666666657,0.014010500000000075,0.28302383333333603,0.0,0.0,0.0,0.8157630000000041,0.0,0.0,0.0,1.2288096666666586,0.0,0.0,0.0,0.0,0.3066051666666662,0.0,0.0,0.4366400000000018,0.0,0.0,0.7461384999999913
650,2025-03-20T00:33:18.722304,0.0,0.0,0.0,0.0,0.0005353333333333322,0.000892166666666657,0.0,0.28302383333333603,0.0,0.0,0.0,0.8157630000000041,0.0,0.0,0.0,0.0,0.36524533333333886,0.0,0.0,0.0,0.0,1.0716030000000198,0.43465449999999356,0.0,3.726746166666696,0.0,0.0
650,2025-03-20T00:33:21.725178,2.2317236666666913,0.0,0.0,0.0,0.0005353333333333322,0.0,0.0,0.0,1.2143893333333533,0.0,0.0,0.0,0.4467966666666712,0.1574209999999994,0.0,0.7867973333333491,0.36524533333333886,0.0014371666666666747,0.0,0.45939949999999885,0.0,1.0716030000000198,0.43465449999999356,0.0,3.726746166666696,0.0,0.0
650,2025-03-20T00:33:24.725843,2.2317236666666913,0.005317333333333175,0.5260165000000068,3.922277166666694,0.0,0.0,0.0,0.0,1.2143893333333533,0.0,0.6522673333333274,0.0,0.4467966666666712,0.1574209999999994,0.0,0.7867973333333491,0.0,0.0014371666666666747,0.6282635000000029,0.45939949999999885,0.29083633333332654,0.0,0.0,0.0,0.0,0.3326728333333336,0.0
650,2025-03-20T00:33:27.727404,0.0,0.005317333333333175,0.5260165000000068,3.922277166666694,0.0,0.0,0.0,0.0,0.0,0.001179833333333343,0.6522673333333274,0.0,0.0,0.0,1.2439808333333342,0.0,0.0,0.0,0.6282635000000029,0.0,0.29083633333332654,0.0,0.0,0.4031411666666714,0.0,0.3326728333333336,0.0
650,2025-03-20T00:33:30.730296,0.0,0.0,0.0,0.0,0.0005288333333333118,0.001039833333333314,0.022143499999999726,0.0,0.0,0.001179833333333343,0.0,0.0,0.0,0.0,1.2439808333333342,0.0,0.0,0.0,0.0,0.0,0.0,0.0,0.0,0.4031411666666714,0.0,0.0,1.1844934999999928
650,2025-03-20T00:33:33.732520,0.0,0.004481666666666643,0.0,1.7065829999999855,0.0005288333333333118,0.001039833333333314,0.022143499999999726,0.0,0.0,0.0,0.0,0.923076999999997,0.0,0.12566383333333422,0.0,0.0,0.3714558333333287,0.0,0.0,0.0,0.0,0.7614309999999781,0.41046433333334187,0.0,0.0,0.0,1.1844934999999928
650,2025-03-20T00:33:36.733202,0.0,0.004481666666666643,0.5197365000000029,1.7065829999999855,0.0,0.0,0.0,0.4338608333333317,1.3011473333333092,0.0,0.0,0.923076999999997,0.0,0.12566383333333422,0.0,0.0,0.3714558333333287,0.0,0.0,0.3942143333333282,0.0,0.7614309999999781,0.41046433333334187,0.0,4.673898166666656,0.13463316666666952,0.0
650,2025-03-20T00:33:39.736092,2.4484710000000027,0.0,0.5197365000000029,0.0,0.0,0.0,0.0,0.4338608333333317,1.3011473333333092,0.0010196666666666412,0.6486221666666742,0.0,0.0,0.0,0.0,1.2045311666666598,0.0,0.0,0.0,0.3942143333333282,0.418226500000003,0.0,0.0,0.2776508333333349,4.673898166666656,0.13463316666666952,0.0
650,2025-03-20T00:33:42.738974,2.4484710000000027,0.0,0.0,0.0,0.0005204999999999979,0.0,0.0,0.0,0.0,0.0010196666666666412,0.6486221666666742,0.0,0.5135640000000025,0.0,1.136842166666668,1.2045311666666598,0.0,0.0013426666666666402,0.6731299999999958,0.0,0.418226500000003,0.0,0.0,0.2776508333333349,0.0,0.0,0.6772401666666686
650,2025-03-20T00:33:45.740517,0.0,0.005831666666666754,0.0,2.011779666666674,0.0005204999999999979,0.0,0.017107333333332995,0.0,0.0,0.0,0.0,0.0,0.5135640000000025,0.0,1.136842166666668,0.0,0.0,0.0013426666666666402,0.6731299999999958,0.0,0.0,0.0,0.0,0.0,0.0,0.0,0.6772401666666686
650,2025-03-20T00:33:48.742689,0.0,0.005831666666666754,0.0,2.011779666666674,0.0,0.0012735000000000016,0.017107333333332995,0.2543591666666695,0.0,0.0,0.0,0.6763045000000149,0.0,0.0,0.0,0.0,0.41322166666666743,0.0,0.0,0.0,0.0,0.0,0.0,0.0,0.0,0.0,0.0
650,2025-03-20T00:33:51.745566,0.0,0.0,0.536873499999994,0.0,0.0004404999999999919,0.0012735000000000016,0.0,0.2543591666666695,1.1394315000000008,0.0,0.3966766666666596,0.6763045000000149,0.0,0.18374599999999933,0.0,0.0,0.41322166666666743,0.0,0.0,0.3546841666666675,0.0,1.112003166666682,0.4854273333333292,0.2576046666666609,4.179065333333332,0.18710816666666594,0.0
650,2025-03-20T00:33:54.748477,1.8486053333333532,0.0,0.536873499999994,0.0,0.0004404999999999919,0.0,0.0,0.0,1.1394315000000008,0.0,0.3966766666666596,0.0,0.0,0.18374599999999933,0.0,0.0,0.0,0.0,0.0,0.3546841666666675,0.3774321666666652,1.112003166666682,0.4854273333333292,0.2576046666666609,4.179065333333332,0.18710816666666594,0.0
650,2025-03-20T00:33:57.751346,1.8486053333333532,0.0,0.0,3.131340333333356,0.0,0.0,0.0,0.0,0.0,0.0,0.0,0.0,0.0,0.0,0.9172533333333301,1.2522940000000065,0.0,0.0,0.0,0.0,0.3774321666666652,0.0,0.0,0.0,0.0,0.0,0.0
675,2025-03-20T00:35:19.204815,0.22935311111112042,0.0,0.13994977777777726,0.13376900000002934,0.0004545555555555877,0.0,0.01362233333333407,0.0,0.0,0.0,0.0,0.0,0.0,0.004846833333331802,0.0,0.0873108333333524,0.0,0.0008258888888889161,0.0,0.0,0.04225366666666888,0.0,0.07984955555555316,0.0,0.0,0.004961833333335146,0.0015508333333400517
675,2025-03-20T00:35:22.207782,0.22935311111112042,0.0,0.13994977777777726,0.13376900000002934,0.0,0.0010146666666666824,0.01362233333333407,0.1095468888888844,0.0,0.0,0.20842899999998588,0.15270950000001451,0.0,0.0,0.27321566666665836,0.0873108333333524,0.08761166666666517,0.0008258888888889161,0.0,0.10289566666667346,0.04225366666666888,0.3183976666666695,0.07984955555555316,0.07559311111111179,0.0,0.0,0.0
675,2025-03-20T00:35:25.208502,0.0,0.0,0.13994977777777726,0.0,0.0003528888888888718,0.0010146666666666824,0.0,0.1095468888888844,0.0,0.0007769999999999537,0.20842899999998588,0.15270950000001451,0.0,0.0,0.27321566666665836,0.0,0.08761166666666517,0.0,0.0,0.10289566666667346,0.04225366666666888,0.3183976666666695,0.07984955555555316,0.07559311111111179,0.0,0.0,0.0
675,2025-03-20T00:35:28.211450,0.0,0.0,0.0,0.0,0.0003528888888888718,0.0,0.0,0.1095468888888844,0.0,0.0007769999999999537,0.0,0.0,0.2575971666666704,0.0,0.0,0.0,0.0,0.0,0.3832895555555575,0.0,0.18689011111110987,0.0,0.0,0.07559311111111179,3.186226333333328,0.0,0.9112963333333256
675,2025-03-20T00:35:31.214385,1.3029564444444381,0.0,0.0,0.0,0.0003528888888888718,0.0,0.0,0.0,1.2515284999999874,0.0,0.0,0.0,0.2575971666666704,0.14439116666666982,0.0,0.0,0.0,0.0007656666666666645,0.3832895555555575,0.0,0.18689011111110987,0.0,0.2072220000000016,0.0,3.186226333333328,0.16467333333333065,0.9112963333333256
675,2025-03-20T00:35:34.217313,1.3029564444444381,0.008852666666666547,0.45831766666666834,1.9524834444444221,0.0,0.00084783333333327,0.0,0.20986766666667084,1.2515284999999874,0.0,0.40133750000001106,0.5050259999999868,0.0,0.14439116666666982,0.0,1.0726665000000064,0.0,0.0007656666666666645,0.3832895555555575,0.0,0.18689011111110987,0.0,0.2072220000000016,0.22868288888889135,0.0,0.16467333333333065,0.0
675,2025-03-20T00:35:37.220099,1.3029564444444381,0.008852666666666547,0.45831766666666834,1.9524834444444221,0.0,0.00084783333333327,0.018672499999999797,0.20986766666667084,0.0,0.0,0.40133750000001106,0.5050259999999868,0.0,0.0,0.0,1.0726665000000064,0.41510366666666226,0.0007656666666666645,0.0,0.46991783333333126,0.0,0.0,0.2072220000000016,0.22868288888889135,0.0,0.0,0.0
675,2025-03-20T00:35:40.220503,0.0,0.0,0.45831766666666834,1.9524834444444221,0.00047444444444444406,0.0,0.018672499999999797,0.20986766666667084,0.0,0.0,0.0,0.0,0.0,0.0,1.2663831666666663,0.0,0.41510366666666226,0.0,0.0,0.46991783333333126,0.20674577777777536,1.0584818333333412,0.0,0.22868288888889135,0.0,0.0,0.0
675,2025-03-20T00:35:43.223406,0.0,0.0,0.0,0.0,0.00047444444444444406,0.0007768333333333378,0.0,0.0,0.0,0.0012986666666667073,0.0,0.0,0.0,0.0,1.2663831666666663,0.0,0.0,0.0,0.4197037777777774,0.0,0.20674577777777536,1.0584818333333412,0.0,0.0,0.0,0.0,0.0
675,2025-03-20T00:35:46.224537,1.8153641111111434,0.006596833333333349,0.30257277777776737,0.0,0.00047444444444444406,0.0007768333333333378,0.0,0.0,1.3140163333333326,0.0012986666666667073,0.0,0.0,0.5387158333333276,0.18102766666666528,0.0,0.0,0.0,0.0008045555555555122,0.4197037777777774,0.0,0.20674577777777536,0.0,0.0,0.0,4.57470966666665,0.0,1.023583166666678
675,2025-03-20T00:35:49.227415,1.8153641111111434,0.006596833333333349,0.30257277777776737,0.0,0.0,0.0,0.0,0.23370244444444352,1.3140163333333326,0.0,0.6071049999999901,0.7322860000000068,0.5387158333333276,0.18102766666666528,0.0,0.0,0.0,0.0008045555555555122,0.4197037777777774,0.0,0.0,0.0,0.3558884444444428,0.19168244444444504,4.57470966666665,0.39393050000000096,1.023583166666678
675,2025-03-20T00:35:52.228508,1.8153641111111434,0.0,0.30257277777776737,0.0,0.0,0.0,0.014946035976015147,0.23370244444444352,0.0,0.0,0.6071049999999901,0.7317981345769555,0.0,0.0,0.9264420000000088,1.459894237175204,0.0,0.0008045555555555122,0.0,0.0,0.0,0.0,0.3558884444444428,0.19168244444444504,0.0,0.39366805463024745,0.0
675,2025-03-20T00:35:55.231425,0.0,0.0,0.0,3.3077202222222395,0.00044899999999999573,0.0,0.014955999999999157,0.23370244444444352,0.0,0.0,0.0,0.0,0.0,0.0,0.9264420000000088,1.4608674999999873,0.0,0.0,0.0,0.5684193333333288,0.0,0.0,0.3558884444444428,0.19168244444444504,0.0,0.0,0.0
675,2025-03-20T00:35:58.234342,1.1473138888888774,0.0,0.0,3.3077202222222395,0.00044899999999999573,0.0011348333333333442,0.0,0.0,0.0,0.0012388333333333004,0.0,0.0,0.0,0.0,0.0,0.0,0.476850900600399,0.0,0.3275865555555508,0.5684193333333288,0.3314488888888908,1.2052955303535662,0.0,0.0,0.0,0.0,0.7525494999999865
675,2025-03-20T00:36:01.237253,1.1473138888888774,0.0,0.0,3.3077202222222395,0.00044899999999999573,0.0011348333333333442,0.0,0.21702888888888894,1.4385751666666997,0.0012388333333333004,0.0,0.0,0.0,0.0,0.0,0.0,0.47653299999999876,0.0,0.3275865555555508,0.0,0.3314488888888908,1.2044919999999972,0.22238155555555753,0.0,3.94037933333334,0.0,0.7525494999999865
675,2025-03-20T00:36:04.240178,1.1473138888888774,0.007763333333333419,0.5326421111111207,0.0,0.0,0.0,0.0,0.21702888888888894,1.4385751666666997,0.0,0.0,0.0,0.5046726666666739,0.16995983333333226,0.0,0.9598586666666811,0.0,0.0,0.3275865555555508,0.0,0.3314488888888908,0.0,0.22238155555555753,0.0,3.94037933333334,0.22025299999999962,0.0
675,2025-03-20T00:36:07.240495,0.0,0.007763333333333419,0.5326421111111207,0.0,0.0,0.0,0.0,0.21702888888888894,0.0,0.0,0.9894773333333358,0.6958404999999933,0.5046726666666739,0.16995983333333226,0.0,0.9598586666666811,0.0,0.0009764444444444466,0.0,0.0,0.0,0.0,0.22238155555555753,0.3017131111111111,0.0,0.22025299999999962,0.0
675,2025-03-20T00:36:10.243413,0.0,0.0,0.5326421111111207,1.843175666666664,0.00040911111111110706,0.0,0.017512499999999896,0.0,0.0,0.0,0.9894773333333358,0.6958404999999933,0.0,0.0,1.2435816666666522,0.0,0.3270491666666734,0.0009764444444444466,0.0,0.0,0.0,0.0,0.0,0.3017131111111111,0.0,0.0,0.0
675,2025-03-20T00:36:13.244452,1.5091128888888712,0.0,0.0,1.843175666666664,0.00040911111111110706,0.0011816666666667106,0.017512499999999896,0.0,0.0,0.001087833333333362,0.0,0.0,0.0,0.0,1.2435816666666522,0.0,0.3270491666666734,0.0009764444444444466,0.4292491111111127,0.45412766666666476,0.0,1.0479109999999994,0.0,0.3017131111111111,3.3478348333333092,0.0,0.0
675,2025-03-20T00:36:16.247359,1.5091128888888712,0.0,0.0,1.843175666666664,0.00040911111111110706,0.0011816666666667106,0.0,0.19397544444444118,1.2287688333333338,0.001087833333333362,0.0,0.0,0.0,0.0,0.0,0.0,0.0,0.0,0.4292491111111127,0.45412766666666476,0.3291028888888895,1.0479109999999994,0.0,0.0,3.3478348333333092,0.0,0.9511295000000171
675,2025-03-20T00:36:19.248509,1.5091128888888712,0.005860166666666741,0.4466611111111105,0.0,0.0,0.0,0.0,0.19397544444444118,1.2287688333333338,0.0,0.5049013333333316,0.6296528333333338,0.0,0.0,0.0,0.0,0.0,0.0,0.4292491111111127,0.0,0.3291028888888895,0.0,0.0,0.0,0.0,0.18127950000000229,0.9511295000000171
675,2025-03-20T00:36:22.251444,0.0,0.005860166666666741,0.4466611111111105,2.608748555555546,0.00030522222222225304,0.0,0.0,0.19397544444444118,0.0,0.0,0.5049013333333316,0.6296528333333338,0.0,0.21927866666666776,0.0,1.2621373333333092,0.0,0.0,0.0,0.0,0.3291028888888895,0.0,0.35398255555555935,0.0,0.0,0.18127950000000229,0.0
675,2025-03-20T00:36:25.254383,0.9466434444444632,0.0,0.4466611111111105,2.608748555555546,0.00030522222222225304,0.0009796666666666751,0.0,0.0,0.0,0.0,0.0,0.0,0.5557929999999943,0.21927866666666776,0.0,1.2621373333333092,0.4331458333333274,0.0009926666666666664,0.0,0.0,0.0,0.5957398333333307,0.35398255555555935,0.2829004444444397,0.0,0.0,0.0
675,2025-03-20T00:36:28.257326,0.9466434444444632,0.0,0.0,2.608748555555546,0.00030522222222225304,0.0009796666666666751,0.01945766666666771,0.0,0.0,0.0012056666666666607,0.0,0.0,0.5557929999999943,0.0,1.3157653333333506,0.0,0.4331458333333274,0.0009926666666666664,0.0,0.0,0.0,0.5957398333333307,0.35398255555555935,0.2829004444444397,0.0,0.0,0.0
675,2025-03-20T00:36:31.260259,0.9466434444444632,0.006389500000000049,0.3575405555555512,0.0,0.0,0.0,0.01945766666666771,0.22221744444444388,0.0,0.0012056666666666607,0.0,0.0,0.0,0.0,1.3157653333333506,0.0,0.0,0.0009926666666666664,0.45129555555555123,0.5125071666666752,0.24439455555555395,0.0,0.0,0.2829004444444397,4.594708500000025,0.0,0.6979166666666667
675,2025-03-20T00:36:34.263180,0.911371999999978,0.006389500000000049,0.3575405555555512,0.0,0.00037122222222220184,0.0,0.0,0.22221744444444388,1.4788196666666333,0.0,0.6041441666666667,0.0,0.0,0.13675350000000228,0.0,0.0,0.0,0.0,0.45129555555555123,0.5125071666666752,0.24439455555555395,0.0,0.0,0.0,4.594708500000025,0.0,0.6979166666666667
675,2025-03-20T00:36:37.265214,0.911371999999978,0.0,0.3575405555555512,0.0,0.00037122222222220184,0.0008993333333332891,0.0,0.22221744444444388,1.4788196666666333,0.0,0.6041441666666667,0.7520975000000097,0.0,0.13675350000000228,0.0,0.0,0.3506398333333323,0.0,0.45129555555555123,0.0,0.24439455555555395,0.0,0.0,0.0,0.0,0.348291333333331,0.0
675,2025-03-20T00:36:40.265764,0.911371999999978,0.0,0.0,1.958855777777798,0.00037122222222220184,0.0008993333333332891,0.0,0.0,0.0,0.0,0.0,0.7520975000000097,0.0,0.0,0.0,1.2971485000000107,0.3506398333333323,0.0,0.0,0.0,0.18460099999999913,0.0,0.33835299999999635,0.0,0.0,0.348291333333331,0.0
675,2025-03-20T00:36:43.268463,0.0,0.0053608333333331855,0.3417382222222235,1.958855777777798,0.00033144444444443977,0.0,0.0171259999999999,0.0,0.0,0.001163666666666637,0.0,0.0,0.5322218333333335,0.0,0.0,1.2971485000000107,0.0,0.0,0.0,0.0,0.18460099999999913,0.0,0.33835299999999635,0.0,4.211727999999995,0.0,0.0
675,2025-03-20T00:36:46.269765,0.0,0.0053608333333331855,0.3417382222222235,1.958855777777798,0.00033144444444443977,0.0,0.0171259999999999,0.0,1.154349000000025,0.001163666666666637,0.0,0.0,0.5322218333333335,0.0,1.3971433333333418,0.0,0.0,0.0009703333333333694,0.3198096666666667,0.0,0.18460099999999913,1.1568105000000062,0.33835299999999635,0.31360200000000304,4.211727999999995,0.0,0.9312639999999799
675,2025-03-20T00:36:49.272621,0.0,0.0,0.3417382222222235,0.0,0.00033144444444443977,0.0,0.0,0.2844312222222243,1.154349000000025,0.0,0.6313598333333441,0.5080161666666642,0.0,0.14076199999999991,1.3971433333333418,0.0,0.0,0.0009703333333333694,0.3198096666666667,0.4747303333333264,0.0,1.1568105000000062,0.19275833333333342,0.31360200000000304,0.0,0.22582400000000294,0.9312639999999799
675,2025-03-20T00:36:52.275535,0.0,0.0,0.0,2.4733495555555645,0.0,0.001088166666666668,0.0,0.2844312222222243,0.0,0.0,0.6313598333333441,0.5080161666666642,0.0,0.14076199999999991,0.0,0.7293818333333396,0.39383233333333584,0.0009703333333333694,0.3198096666666667,0.4747303333333264,0.2013494444444493,0.0,0.19275833333333342,0.31360200000000304,0.0,0.22582400000000294,0.0
675,2025-03-20T00:36:55.277922,1.7132403333333366,0.0,0.0,2.4733495555555645,0.0,0.001088166666666668,0.0121929999999999,0.28443122222222433,0.0,0.0,0.0,0.0,0.0,0.0,0.0,0.7293818333333396,0.39383233333333584,0.0,0.0,0.0,0.20134944444444933,0.0,0.19275833333333345,0.0,3.3009649999999815,0.0,0.0
675,2025-03-20T00:36:58.280829,1.7132403333333366,0.0,0.42025677777777076,2.4733495555555645,0.00041944444444445383,0.0,0.0121929999999999,0.0,1.6820573333333189,0.0012285000000000028,0.0,0.0,0.0,0.0,0.0,0.0,0.0,0.0007036666666666335,0.0,0.0,0.20134944444444933,0.0,0.0,0.21423466666666657,3.3009649999999815,0.0,0.0
675,2025-03-20T00:37:01.283749,1.7132403333333364,0.007671500000000128,0.4202567777777707,1.2113862222221947,0.0004194444444444538,0.0,0.0,0.0,1.6820573333333189,0.0012285000000000028,0.0,0.0,0.511055666666664,0.0,0.0,0.0,0.0,0.0007036666666666334,0.39755377777777945,0.0,0.0,0.0,0.0,0.21423466666666655,0.0,0.0,0.0
675,2025-03-20T00:37:04.286685,0.9436383333333349,0.007671500000000128,0.4202567777777707,1.2113862222221947,0.0004194444444444538,0.0009064999999999954,0.0,0.27642044444444186,0.0,0.0,0.0,0.0,0.511055666666664,0.18345216666666414,1.30325099999997,0.0,0.2968714999999994,0.0007036666666666334,0.39755377777777945,0.0,0.0,1.1566905000000058,0.0,0.21423466666666655,0.0,0.17042966666666362,1.1076958333333475
675,2025-03-20T00:37:07.288493,0.9436383333333349,0.0,0.0,1.2113862222221943,0.0,0.0009064999999999954,0.010842833333332655,0.27642044444444186,0.0,0.0,0.627588666666668,0.8542833333333231,0.0,0.18345216666666414,1.30325099999997,1.2100341666666738,0.2968714999999994,0.0,0.39755377777777945,0.5241745000000056,0.303014555555554,1.1566905000000058,0.3209064444444481,0.0,0.0,0.17042966666666362,1.1076958333333475
675,2025-03-20T00:37:10.291431,0.9436383333333349,0.0,0.0,0.0,0.0,0.0,0.010842833333332655,0.27642044444444186,0.0,0.0,0.627588666666668,0.8542833333333231,0.0,0.0,0.0,1.2100341666666738,0.0,0.0,0.0,0.5241745000000056,0.303014555555554,0.0,0.3209064444444481,0.187411222222219,0.0,0.0,0.0
675,2025-03-20T00:37:13.292507,0.0,0.006173833333333138,0.0,0.0,0.0,0.0,0.0,0.0,0.0,0.0,0.0,0.0,0.0,0.0,0.0,0.0,0.28064666666666466,0.0,0.0,0.0,0.303014555555554,0.0,0.3209064444444481,0.187411222222219,4.6766000000000085,0.0,0.0
675,2025-03-20T00:37:16.293630,0.0,0.006173833333333138,0.5043683333333446,1.3762850000000275,0.0,0.0,0.011313833333333653,0.0,1.7839805000000224,0.0,0.0,0.0,0.43806433333333916,0.12029483333333248,0.8058095000000095,0.0,0.28064666666666466,0.0007861111111111542,0.0,0.0,0.0,0.7242736666666664,0.0,0.187411222222219,4.6766000000000085,0.0,0.0
675,2025-03-20T00:37:19.295738,1.29262455555555,0.0,0.5043683333333446,1.3762850000000275,0.0005358888888888913,0.001055666666666714,0.011313833333333653,0.2226890000000026,1.7839805000000224,0.0015541666666666714,0.5174748333333242,0.0,0.43806433333333916,0.12029483333333248,0.8058095000000095,0.0,0.0,0.0007861111111111542,0.4240494444444494,0.0,0.0,0.7242736666666664,0.24622822222222063,0.0,0.0,0.0,0.0
675,2025-03-20T00:37:22.296527,1.29262455555555,0.0,0.5043683333333446,1.3762850000000275,0.0005358888888888913,0.001055666666666714,0.0,0.2226890000000026,0.0,0.0015541666666666714,0.5174748333333242,0.0,0.0,0.0,0.0,0.0,0.0,0.0007861111111111542,0.4240494444444494,0.0,0.0,0.0,0.24622822222222063,0.0,0.0,0.2588625000000017,1.0547429999999927
675,2025-03-20T00:37:25.299435,1.29262455555555,0.0,0.0,0.0,0.0005358888888888913,0.0,0.0,0.2226890000000026,0.0,0.0,0.0,0.7747836666666786,0.0,0.0,0.0,1.1828613333333353,0.0,0.0,0.4240494444444494,0.5022276666666604,0.3245405555555547,0.0,0.24622822222222063,0.26924144444444664,0.0,0.2588625000000017,1.0547429999999927
675,2025-03-20T00:37:28.302361,0.0,0.005964166666666771,0.0,0.0,0.0,0.0,0.0,0.0,1.4753958333333232,0.0,0.0,0.7747836666666786,0.0,0.0,0.0,1.1828613333333353,0.0,0.0005825555555555184,0.0,0.5022276666666604,0.3245405555555547,0.0,0.0,0.26924144444444664,0.0,0.0,0.0
675,2025-03-20T00:37:31.304529,0.0,0.005964166666666771,0.0,2.7805795555555557,0.0,0.001016166666666596,0.0,0.0,1.4753958333333232,0.0,0.4912410000000023,0.0,0.4121201666666631,0.0,0.0,0.0,0.460284333333334,0.0005825555555555184,0.35104522222222084,0.0,0.3245405555555547,0.0,0.2237919999999968,0.26924144444444664,4.864950666666725,0.0,0.0
675,2025-03-20T00:37:34.307367,0.0,0.0,0.5294145555555537,2.7805795555555557,0.0,0.001016166666666596,0.020109833333333903,0.23905633333333123,0.0,0.0,0.4912410000000023,0.0,0.4121201666666631,0.20798350000000218,0.0,0.0,0.460284333333334,0.0005825555555555184,0.35104522222222084,0.0,0.0,0.9552738333333083,0.2237919999999968,0.0,4.864950666666725,0.1578831666666645,0.0
675,2025-03-20T00:37:37.310254,1.491924888888914,0.004760666666666562,0.5294145555555537,2.7805795555555557,0.0005628888888888659,0.0,0.020109833333333903,0.23905633333333123,0.0,0.0014183333333333734,0.0,0.5372458333333346,0.0,0.20798350000000218,1.4143555000000183,0.0,0.0,0.0,0.35104522222222084,0.0,0.0,0.9552738333333083,0.2237919999999968,0.0,0.0,0.1578831666666645,0.0
675,2025-03-20T00:37:40.312495,1.491924888888914,0.004760666666666562,0.5294145555555537,1.270294222222219,0.0005628888888888659,0.0,0.0,0.23905633333333123,0.0,0.0014183333333333734,0.0,0.5372458333333346,0.0,0.0,1.4143555000000183,0.0,0.0,0.0,0.0,0.43336450000000093,0.0,0.0,0.0,0.2205552222222246,0.0,0.0,0.8756296666666686
675,2025-03-20T00:37:43.315419,1.491924888888914,0.0,0.0,1.270294222222219,0.0005628888888888659,0.0,0.0,0.0,1.0691471666666532,0.0,0.0,0.0,0.0,0.0,0.0,1.158737666666639,0.0,0.0,0.0,0.43336450000000093,0.31045133333333297,0.0,0.0,0.2205552222222246,0.0,0.0,0.8756296666666686
675,2025-03-20T00:37:46.318295,0.0,0.0,0.0,1.270294222222219,0.0,0.0,0.0,0.22949588888889141,1.0691471666666532,0.0,0.4898760000000001,0.0,0.0,0.0,0.0,1.158737666666639,0.406969833333335,0.001020666666666682,0.3536806666666684,0.0,0.31045133333333297,0.0,0.0,0.2205552222222246,0.0,0.2904935000000014,0.0
675,2025-03-20T00:37:49.321204,0.0,0.0,0.40507433333333315,0.0,0.0,0.0,0.015302666666665726,0.22949588888889141,0.0,0.0,0.4898760000000001,0.0,0.4809163333333307,0.1691323333333325,0.8644859999999805,0.0,0.406969833333335,0.001020666666666682,0.3536806666666684,0.0,0.31045133333333297,1.2016856666667006,0.3281333333333376,0.17924011111111013,5.543193166666621,0.2904935000000014,0.0
675,2025-03-20T00:37:52.324085,1.2627606666666604,0.007362333333333323,0.40507433333333315,2.5204583333333077,0.0004588888888889346,0.0014531666666666907,0.015302666666665726,0.22949588888889141,1.034250000000005,0.0,0.0,0.6292458333333192,0.4809163333333307,0.1691323333333325,0.8644859999999805,0.7466014999999971,0.0,0.001020666666666682,0.3536806666666684,0.0,0.20825533333333449,1.2016856666667006,0.3281333333333376,0.17924011111111013,5.543193166666621,0.0,0.0
675,2025-03-20T00:37:55.326941,1.2627606666666604,0.007362333333333323,0.40507433333333315,2.5204583333333077,0.0004588888888889346,0.0014531666666666907,0.0,0.0,1.034250000000005,0.0014668333333332693,0.43748300000000506,0.6292458333333192,0.0,0.0,0.0,0.7466014999999971,0.0,0.0,0.0,0.0,0.20825533333333449,0.0,0.3281333333333376,0.17924011111111013,0.0,0.0,0.730956666666657
675,2025-03-20T00:37:58.328513,1.2627606666666604,0.0,0.0,2.5204583333333077,0.0004588888888889346,0.0,0.0,0.0,0.0,0.0014668333333332693,0.43748300000000506,0.0,0.0,0.0,0.0,0.0,0.0,0.0,0.0,0.0,0.20825533333333449,0.0,0.19582000000000083,0.0,0.0,0.0,0.730956666666657
675,2025-03-20T00:38:01.331399,0.0,0.0,0.4362094444444438,0.0,0.0,0.0,0.0,0.2277789999999982,0.0,0.0,0.0,0.0,0.0,0.14705016666666876,0.9159191666666782,0.0,0.42663233333333517,0.0,0.0,0.5318636666666711,0.0,0.0,0.19582000000000083,0.0,0.0,0.0,0.0
675,2025-03-20T00:38:04.332954,0.0,0.0,0.4362094444444438,1.1421715555555543,0.0,0.0,0.0,0.2277789999999982,0.0,0.0,0.0,0.0,0.39167483333333547,0.14705016666666876,0.9159191666666782,0.0,0.42663233333333517,0.0008033333333333165,0.45361866666665823,0.5318636666666711,0.0,0.0,0.19582000000000083,0.22433699999999768,0.0,0.25202383333333483,0.6284116666666554
675,2025-03-20T00:38:07.335885,0.0,0.005759666666666756,0.4362094444444438,1.1421715555555543,0.0,0.0,0.019487500000000327,0.2277789999999982,0.0,0.0,0.0,0.8252301666666806,0.39167483333333547,0.0,0.0,0.0,0.0,0.0008033333333333165,0.45361866666665823,0.0,0.28542988888888965,1.0892598333333203,0.0,0.22433699999999768,5.539354000000004,0.25202383333333483,0.6284116666666554
675,2025-03-20T00:38:10.336524,1.6751100000000305,0.005759666666666756,0.0,1.1421715555555543,0.0005367777777777565,0.0014431666666666991,0.019487500000000327,0.0,1.739412666666681,0.0010218333333333887,0.59682566666667,0.8252301666666806,0.0,0.0,0.0,1.1469265000000255,0.0,0.0008033333333333165,0.45361866666665823,0.0,0.28542988888888965,1.0892598333333203,0.0,0.22433699999999768,5.539354000000004,0.0,0.0
700,2025-03-20T00:39:30.860536,0.09122883333338906,0.0,0.0,0.00925133333331966,0.0,0.0,0.0,0.03323116666666693,0.2669994999999972,0.0,0.0,0.10133249999999332,0.0,0.01830266666666584,0.0,0.001025666666654009,0.0,0.0009894999999999767,0.0,0.0,0.0,0.012505333333327448,0.0,0.0,0.0,0.01969033333333433,0.03510933333332863
700,2025-03-20T00:39:33.863513,0.0,0.0,0.0,0.0,0.0006156666666667181,0.0,0.0,0.03323116666666693,0.2669994999999972,0.0,0.0,0.10133249999999332,0.11844116666666576,0.01830266666666584,0.0,0.0,0.14288399999999987,0.0009894999999999767,0.3346250000000169,0.0,0.0,0.0,0.15772583333333048,0.07390283333333515,0.0,0.0,0.0
700,2025-03-20T00:39:36.868465,0.0,0.0,0.2982514999999922,0.0,0.0006156666666667181,0.0007764999999999579,0.01712500000000006,0.0,0.0,0.0,0.3717393333333235,0.0,0.11844116666666576,0.0,0.5390213333333426,0.0,0.14288399999999987,0.0,0.3346250000000169,0.0,0.0,0.0,0.15772583333333048,0.07390283333333515,0.0,0.0,0.0
700,2025-03-20T00:39:39.871393,1.558879999999969,0.006483333333333323,0.2982514999999922,0.0,0.0,0.0007764999999999579,0.01712500000000006,0.23407649999999575,0.0,0.001499833333333367,0.3717393333333235,0.0,0.0,0.0,0.5390213333333426,0.9155536666666726,0.0,0.0,0.0,0.33500466666667233,0.0,0.0,0.0,0.0,3.295889833333377,0.0,0.733158499999983
700,2025-03-20T00:39:42.872472,1.558879999999969,0.006483333333333323,0.0,0.0,0.0,0.0,0.0,0.23407649999999575,0.0,0.001499833333333367,0.0,0.0,0.0,0.0,0.0,0.9155536666666726,0.0,0.0,0.0,0.33500466666667233,0.3668351666666657,0.0,0.0,0.0,3.295889833333377,0.17987683333333376,0.733158499999983
700,2025-03-20T00:39:45.875410,0.0,0.0,0.0,4.243963833333283,0.0,0.0,0.0,0.0,1.4784304999999829,0.0,0.0,0.6453403333333465,0.3055413333333377,0.15646399999999974,0.0,0.0,0.0,0.0012676666666666672,0.0,0.0,0.3668351666666657,1.1015634999999977,0.0,0.3062874999999963,0.0,0.17987683333333376,0.0
700,2025-03-20T00:39:48.878340,0.0,0.0,0.0,4.243963833333283,0.0,0.0,0.0,0.0,1.4784304999999829,0.0,0.5074205000000045,0.6453403333333465,0.3055413333333377,0.15646399999999974,0.848381166666665,0.0,0.3701468333333272,0.0012676666666666672,0.6548596666666527,0.0,0.0,1.1015634999999977,0.0,0.3062874999999963,0.0,0.0,0.0
700,2025-03-20T00:39:51.881269,0.0,0.006032166666666506,0.5969249999999989,0.0,0.0007398333333332731,0.0,0.015460499999999657,0.0,0.0,0.001079833333333354,0.5074205000000045,0.0,0.0,0.0,0.848381166666665,0.8871741666666823,0.3701468333333272,0.0,0.6548596666666527,0.33640566666666893,0.0,0.0,0.4465468333333339,0.0,0.0,0.0,0.8777544999999995
700,2025-03-20T00:39:54.884201,2.300872666666692,0.006032166666666506,0.5969249999999989,0.0,0.0007398333333332731,0.0013490000000000448,0.015460499999999657,0.2958663333333315,0.0,0.001079833333333354,0.0,0.4720773333333266,0.0,0.0,0.0,0.8871741666666823,0.0,0.0,0.0,0.33640566666666893,0.0,0.0,0.4465468333333339,0.0,5.138719666666627,0.30810866666666453,0.8777544999999995
700,2025-03-20T00:39:57.884504,2.300872666666692,0.0,0.0,0.0,0.0,0.0013490000000000448,0.0,0.2958663333333315,0.0,0.0,0.0,0.4720773333333266,0.3598459999999951,0.0,0.0,0.0,0.0,0.0,0.0,0.0,0.4090758333333327,0.8285756666666658,0.0,0.3237243333333311,5.138719666666627,0.30810866666666453,0.0
700,2025-03-20T00:40:00.887423,0.0,0.0,0.0,0.0,0.0,0.0,0.0,0.0,1.7308404999999996,0.0,0.0,0.0,0.3598459999999951,0.1896501666666666,0.0,0.0,0.0,0.0010866666666666804,0.0,0.0,0.4090758333333327,0.8285756666666658,0.0,0.3237243333333311,0.0,0.0,0.0
700,2025-03-20T00:40:03.890353,0.0,0.0,0.5746095000000083,3.1366906666667096,0.0,0.0,0.0,0.0,1.7308404999999996,0.0,0.0,0.0,0.0,0.1896501666666666,0.0,0.0,0.0,0.0010866666666666804,0.5852956666666767,0.0,0.0,0.0,0.0,0.0,0.0,0.0,0.695841000000011
700,2025-03-20T00:40:06.893263,1.6739606666666687,0.0,0.5746095000000083,3.1366906666667096,0.0,0.0,0.016306166666666403,0.0,0.0,0.0,0.7643893333333268,0.0,0.0,0.0,0.0,1.0959398333333186,0.5193823333333399,0.0,0.5852956666666767,0.0,0.28120666666666244,0.0,0.0,0.0,0.0,0.0,0.695841000000011
700,2025-03-20T00:40:09.896140,1.6739606666666687,0.0080823333333336,0.0,0.0,0.0008805000000000619,0.0,0.016306166666666403,0.39341416666667334,0.0,0.0012208333333333008,0.7643893333333268,0.0,0.0,0.0,1.4670521666666523,1.0959398333333186,0.5193823333333399,0.0,0.0,0.0,0.28120666666666244,0.0,0.5336590000000002,0.2891600000000002,0.0,0.2338700000000008,0.0
700,2025-03-20T00:40:12.898951,0.0,0.0080823333333336,0.0,0.0,0.0008805000000000619,0.0014601666666666329,0.0,0.39341416666667334,1.1824346666666847,0.0012208333333333008,0.0,0.7761478333333306,0.413163166666673,0.0,1.4670521666666523,0.0,0.0,0.0,0.0,0.5417619999999962,0.0,1.180557166666669,0.5336590000000002,0.2891600000000002,5.534687500000019,0.2338700000000008,0.0
700,2025-03-20T00:40:15.900487,0.0,0.0,0.0,3.638005999999981,0.0,0.0014601666666666329,0.0,0.0,1.1824346666666847,0.0,0.0,0.7761478333333306,0.413163166666673,0.15068366666667052,0.0,0.0,0.0,0.0011414999999999806,0.40105099999999544,0.5417619999999962,0.0,1.180557166666669,0.0,0.0,5.534687500000019,0.0,0.0
700,2025-03-20T00:40:18.903325,0.0,0.0,0.6586564999999875,3.638005999999981,0.0,0.0,0.0,0.0,0.0,0.0,0.0,0.0,0.0,0.15068366666667052,0.0,0.7261426666666846,0.0,0.0011414999999999806,0.40105099999999544,0.0,0.0,0.0,0.0,0.0,0.0,0.0,0.7989041666666784
700,2025-03-20T00:40:21.906211,1.9141111666666197,0.0,0.6586564999999875,0.0,0.0,0.0,0.0,0.0,0.0,0.0,0.8083881666666647,0.447245333333342,0.0,0.0,0.0,0.7261426666666846,0.43234766666666746,0.0,0.0,0.0,0.4245359999999987,0.0,0.0,0.2825948333333391,0.0,0.0,0.7989041666666784
700,2025-03-20T00:40:24.908539,1.9141111666666197,0.0,0.0,0.0,0.0006748333333332913,0.0,0.02064250000000101,0.36971583333332586,1.0307291666666745,0.001212166666666681,0.8083881666666647,0.447245333333342,0.0,0.0,0.0,0.0,0.43234766666666746,0.0,0.0,0.3717150000000042,0.4245359999999987,0.0,0.4948770000000025,0.2825948333333391,0.0,0.2016738333333308,0.0
700,2025-03-20T00:40:27.911417,0.0,0.0,0.0,0.0,0.0006748333333332913,0.0010533333333333508,0.02064250000000101,0.36971583333332586,1.0307291666666745,0.001212166666666681,0.0,0.0,0.0,0.16366966666666374,1.4033948333333608,0.0,0.0,0.0,0.5035175000000057,0.3717150000000042,0.0,0.7761543333333522,0.4948770000000025,0.0,0.0,0.2016738333333308,0.5717701666666624
700,2025-03-20T00:40:30.912523,0.0,0.008990999999999973,0.0,0.0,0.0,0.0010533333333333508,0.0,0.0,0.0,0.0,0.0,0.0,0.5361371666666629,0.16366966666666374,1.4033948333333608,0.7585961666666587,0.0,0.001119833333333394,0.5035175000000057,0.0,0.0,0.7761543333333522,0.0,0.0,5.20451083333334,0.0,0.5717701666666624
700,2025-03-20T00:40:33.915435,1.7548500000000333,0.008990999999999973,0.0,3.416159833333344,0.0,0.0,0.0,0.0,0.0,0.0,0.0,0.4990928333333311,0.5361371666666629,0.0,0.0,0.7585961666666587,0.30582533333333123,0.001119833333333394,0.0,0.0,0.0,0.0,0.0,0.32962649999999866,5.20451083333334,0.0,0.0
700,2025-03-20T00:40:36.918359,1.7548500000000333,0.0,0.0,3.416159833333344,0.0,0.0,0.0,0.0,0.0,0.0010184999999999593,0.0,0.4990928333333311,0.0,0.0,0.0,0.0,0.30582533333333123,0.0,0.0,0.0,0.39493350000000765,0.6392698333333253,0.3139808333333368,0.32962649999999866,0.0,0.0,0.0
700,2025-03-20T00:40:39.920462,0.0,0.0,0.8702611666666751,0.0,0.0005610000000000338,0.0,0.01330983333333317,0.0,0.0,0.0010184999999999593,0.8479198333333406,0.0,0.0,0.0,0.8397766666666562,0.7034186666666453,0.0,0.0,0.0,0.0,0.39493350000000765,0.6392698333333253,0.3139808333333368,0.0,0.0,0.0,0.0
700,2025-03-20T00:40:42.920671,0.0,0.0,0.8702611666666751,0.0,0.0005610000000000338,0.0011094999999999486,0.01330983333333317,0.47612833333334004,1.893991333333323,0.0,0.8479198333333406,0.0,0.0,0.15759100000000123,0.8397766666666562,0.7034186666666453,0.0,0.0,0.0,0.5042248333333343,0.0,0.0,0.0,0.0,0.0,0.21391266666666792,0.0
700,2025-03-20T00:40:45.923585,1.6485473333333025,0.0,0.0,0.0,0.0,0.0011094999999999486,0.0,0.47612833333334004,1.893991333333323,0.0,0.0,0.0,0.0,0.15759100000000123,0.0,0.0,0.2885468333333279,0.0,0.6025961666666718,0.5042248333333343,0.29005533333332784,0.0,0.0,0.0,0.0,0.21391266666666792,1.1871256666666645
700,2025-03-20T00:40:48.926465,1.6485473333333025,0.00890899999999976,0.0,4.083263833333301,0.0,0.0,0.0,0.0,0.0,0.0,0.0,0.6523325000000001,0.4767433333333316,0.0,0.7448621666666593,0.0,0.2885468333333279,0.0,0.6025961666666718,0.0,0.29005533333332784,0.0,0.32888250000000124,0.0,0.0,0.0,1.1871256666666645
700,2025-03-20T00:40:51.929359,0.0,0.00890899999999976,0.0,4.083263833333301,0.0005645000000000049,0.0,0.0,0.0,0.0,0.0,0.0,0.6523325000000001,0.4767433333333316,0.0,0.7448621666666593,0.0,0.0,0.0014854999999999545,0.0,0.0,0.0,0.0,0.32888250000000124,0.0,6.448408833333285,0.0,0.0
700,2025-03-20T00:40:54.932260,0.0,0.0,0.6919026666666734,0.0,0.0005645000000000049,0.0,0.0,0.28107816666666474,0.0,0.0,0.0,0.0,0.0,0.0,0.0,0.0,0.0,0.0014854999999999545,0.0,0.0,0.0,0.0,0.0,0.48731183333332717,6.448408833333285,0.0,0.0
700,2025-03-20T00:40:57.935169,0.0,0.0,0.6919026666666734,0.0,0.0,0.0,0.0,0.28107816666666474,0.0,0.0015295000000000356,0.0,0.0,0.0,0.0,0.0,1.3312613333333352,0.0,0.0,0.0,0.41530816666665754,0.0,1.0909621666666758,0.0,0.48731183333332717,0.0,0.38172716666666895,0.0
700,2025-03-20T00:41:00.936514,1.8007396666666866,0.0,0.0,0.0,0.0,0.0,0.021651333333333394,0.0,2.0307278333333447,0.0015295000000000356,0.7502078333333392,0.0,0.0,0.19041316666666813,0.0,1.3312613333333352,0.0,0.0,0.0,0.41530816666665754,0.4342331666666724,1.0909621666666758,0.3480744999999957,0.0,0.0,0.38172716666666895,0.0
700,2025-03-20T00:41:03.939387,1.8007396666666866,0.0,0.0,2.4908844999999933,0.0,0.0014981666666666895,0.021651333333333394,0.0,2.0307278333333447,0.0,0.7502078333333392,0.0,0.0,0.19041316666666813,0.0,0.0,0.49155533333333784,0.0,0.7370371666666719,0.0,0.4342331666666724,0.0,0.3480744999999957,0.0,0.0,0.0,1.0134503333333291
700,2025-03-20T00:41:06.940462,0.0,0.0,0.0,2.4908844999999933,0.0006619999999999405,0.0014981666666666895,0.0,0.3357828333333354,0.0,0.0,0.0,0.8193531666666635,0.0,0.0,0.0,0.0,0.49155533333333784,0.0011735000000000126,0.7370371666666719,0.0,0.0,0.0,0.0,0.3270993333333366,0.0,0.0,1.0134503333333291
700,2025-03-20T00:41:09.940554,0.0,0.009091500000000254,0.0,0.0,0.0006619999999999405,0.0,0.011898333333333493,0.3357828333333354,0.0,0.0,0.4839579999999918,0.8193531666666635,0.529134499999998,0.0,1.4261679999999994,0.0,0.0,0.0011735000000000126,0.0,0.0,0.0,0.7519486666666354,0.0,0.3270993333333366,5.2614233333333695,0.0,0.0
700,2025-03-20T00:41:12.943474,1.7040649999999764,0.009091500000000254,0.7738979999999932,0.0,0.0,0.0,0.011898333333333493,0.0,0.0,0.001219666666666693,0.4839579999999918,0.0,0.529134499999998,0.0,1.4261679999999994,0.0,0.0,0.0,0.39387383333333525,0.4248253333333405,0.0,0.7519486666666354,0.0,0.0,5.2614233333333695,0.2267301666666697,0.0
700,2025-03-20T00:41:15.946397,1.7040649999999764,0.0,0.7738979999999932,0.0,0.0,0.0,0.0,0.0,1.3208371666666685,0.001219666666666693,0.0,0.0,0.0,0.17848949999999777,0.0,0.0,0.0,0.0,0.39387383333333525,0.4248253333333405,0.0,0.0,0.4332106666666676,0.0,0.0,0.2267301666666697,0.0
700,2025-03-20T00:41:18.949273,0.0,0.0,0.0,2.1012433333333624,0.00046316666666671824,0.0011270000000000262,0.0,0.0,1.3208371666666685,0.0,0.0,0.5402166666666707,0.0,0.17848949999999777,0.0,1.4265856666666727,0.4382466666666669,0.0007603333333333259,0.0,0.0,0.0,0.0,0.4332106666666676,0.0,0.0,0.0,0.0
700,2025-03-20T00:41:21.952569,0.0,0.0,0.0,2.1012433333333624,0.00046316666666671824,0.0011270000000000262,0.0,0.0,0.0,0.0,0.0,0.5402166666666707,0.3414278333333414,0.0,0.9778779999999947,1.4265856666666727,0.4382466666666669,0.0007603333333333259,0.0,0.0,0.5455241666666667,0.0,0.0,0.37632099999999963,0.0,0.0,0.8773991666666917
700,2025-03-20T00:41:24.955340,0.0,0.0,0.0,0.0,0.0,0.0,0.016741999999999518,0.42064499999999805,1.0952051666666498,0.0,0.0,0.0,0.3414278333333414,0.0,0.9778779999999947,0.0,0.0,0.0,0.0,0.0,0.5455241666666667,0.0,0.0,0.37632099999999963,5.258019333333324,0.13752516666666756,0.8773991666666917
700,2025-03-20T00:41:27.958232,2.244312833333349,0.008447333333333104,0.5686474999999974,0.0,0.0004336666666666656,0.0,0.016741999999999518,0.42064499999999805,1.0952051666666498,0.0010143333333333024,0.7747134999999996,0.0,0.0,0.0,0.0,0.0,0.0,0.000807833333333378,0.5284093333333052,0.0,0.0,1.1798450000000005,0.0,0.0,5.258019333333324,0.13752516666666756,0.0
700,2025-03-20T00:41:30.961093,2.244312833333349,0.008447333333333104,0.5686474999999974,0.0,0.0004336666666666656,0.0007843333333333499,0.0,0.0,0.0,0.0010143333333333024,0.7747134999999996,0.6099918333333297,0.2921838333333256,0.15424849999999898,0.0,0.9508418333333567,0.0,0.000807833333333378,0.5284093333333052,0.43976683333333244,0.0,1.1798450000000005,0.0,0.0,0.0,0.0,0.0
700,2025-03-20T00:41:33.963940,0.0,0.0,0.0,2.917843000000024,0.0,0.0007843333333333499,0.0,0.0,0.0,0.0,0.0,0.6099918333333297,0.2921838333333256,0.15424849999999898,0.0,0.9508418333333567,0.372857666666666,0.0,0.0,0.43976683333333244,0.0,0.0,0.527162500000003,0.0,0.0,0.0,0.0
700,2025-03-20T00:41:36.966816,0.0,0.0,0.0,2.917843000000024,0.0,0.0,0.01246966666666675,0.0,0.8398543333333162,0.0008256666666666876,0.0,0.0,0.0,0.0,0.0,0.0,0.372857666666666,0.0,0.0,0.0,0.43791166666666004,0.0,0.527162500000003,0.0,0.0,0.14986066666666414,0.0
700,2025-03-20T00:41:39.968472,0.0,0.0,0.0,0.0,0.0,0.0,0.01246966666666675,0.0,0.8398543333333162,0.0008256666666666876,0.0,0.0,0.0,0.0,1.2413616666666865,0.0,0.0,0.0,0.0,0.0,0.43791166666666004,0.6348841666666659,0.0,0.4275593333333348,5.299886500000033,0.14986066666666414,1.1649914999999662
700,2025-03-20T00:41:42.968579,2.1249080000000053,0.007735666666666734,0.0,0.0,0.0,0.0,0.0,0.4376314999999996,0.0,0.0,0.5302575000000048,0.0,0.2527623333333414,0.11628850000000077,1.2413616666666865,0.0,0.0,0.0,0.5161966666666634,0.0,0.0,0.6348841666666659,0.0,0.4275593333333348,5.299886500000033,0.0,1.1649914999999662
700,2025-03-20T00:41:45.971480,2.1249080000000053,0.007735666666666734,0.7359703333333415,1.340757999999975,0.0,0.0,0.0,0.4376314999999996,0.0,0.0,0.5302575000000048,0.6593649999999988,0.2527623333333414,0.11628850000000077,0.0,0.0,0.36127149999999614,0.0,0.5161966666666634,0.37836433333332786,0.0,0.0,0.0,0.0,0.0,0.0,0.0
700,2025-03-20T00:41:48.972474,0.0,0.0,0.7359703333333415,1.340757999999975,0.0008696666666666206,0.0013551666666666111,0.011899833333333259,0.0,0.0,0.0,0.0,0.6593649999999988,0.0,0.0,0.0,0.0,0.36127149999999614,0.0014019999999999775,0.0,0.37836433333332786,0.0,0.0,0.0,0.0,0.0,0.0,0.0
700,2025-03-20T00:41:51.975388,0.0,0.0,0.0,1.340757999999975,0.0008696666666666206,0.0013551666666666111,0.011899833333333259,0.0,1.374455666666677,0.0,0.0,0.0,0.0,0.10374416666666757,0.0,1.346384166666667,0.0,0.0014019999999999775,0.0,0.0,0.0,0.0,0.46746299999999985,0.0,0.0,0.3640184999999955,0.0
700,2025-03-20T00:41:54.976476,0.0,0.0,0.0,0.0,0.0,0.0,0.0,0.0,1.374455666666677,0.0,0.0,0.0,0.0,0.10374416666666757,0.0,1.346384166666667,0.0,0.0,0.4402686666666872,0.0,0.47461566666666505,0.0,0.46746299999999985,0.0,4.520936333333339,0.3640184999999955,0.8800585000000184
700,2025-03-20T00:41:57.979356,0.0,0.006079166666666858,0.0,0.0,0.0,0.0,0.0,0.0,0.0,0.001431499999999956,0.0,0.5573435000000019,0.0,0.0,0.0,0.0,0.0,0.0,0.4402686666666872,0.0,0.47461566666666505,1.1080398333333508,0.0,0.0,4.520936333333339,0.0,0.8800585000000184
700,2025-03-20T00:42:00.982250,0.0,0.006079166666666858,0.6667913333333219,2.8632572222222232,0.0005606666666667278,0.0,0.0,0.4050191666666668,0.0,0.001431499999999956,0.7141761666666564,0.5573435000000019,0.5352233333333251,0.0,1.3792264999999968,0.0,0.0,0.0,0.0,0.0,0.0,1.1080398333333508,0.0,0.4616826666666612,0.0,0.0,0.0
700,2025-03-20T00:42:03.985153,2.499705000000025,0.0,0.6667913333333219,2.8632572222222232,0.0005606666666667278,0.0011348333333333442,0.0,0.4050191666666668,0.0,0.0,0.7141761666666564,0.0,0.5352233333333251,0.0,1.3792264999999968,0.7532899999999928,0.0,0.0,0.0,0.4803130000000049,0.2941850000000083,0.0,0.0,0.4616826666666612,0.0,0.16161016666667177,0.0
700,2025-03-20T00:42:06.988061,2.499705000000025,0.0,0.0,2.8632572222222232,0.0,0.0011348333333333442,0.019328500000000307,0.0,0.0,0.0,0.0,0.0,0.0,0.0,0.0,0.7532899999999928,0.5143033333333354,0.0013649999999999867,0.0,0.4803130000000049,0.2941850000000083,0.0,0.0,0.0,0.0,0.16161016666667177,0.0
700,2025-03-20T00:42:09.988471,0.0,0.0,0.0,0.0,0.0,0.0,0.019328500000000307,0.0,2.0233036666666826,0.001063500000000032,0.0,0.0,0.0,0.0,0.0,0.0,0.5143033333333354,0.0013649999999999867,0.6272330000000087,0.0,0.0,0.7804428333333439,0.5223366666666608,0.0,5.149021333333319,0.0,0.9692290000000034
700,2025-03-20T00:42:12.991354,0.0,0.0,0.0,1.2715028888888913,0.0,0.0008376666666666626,0.0,0.0,2.0233036666666826,0.001063500000000032,0.0,0.5984653333333275,0.0,0.18892833333333198,0.0,0.6256779999999936,0.0,0.0,0.6272330000000087,0.0,0.0,0.7804428333333439,0.5223366666666608,0.28095733333333334,5.149021333333319,0.0,0.9692290000000034
700,2025-03-20T00:42:15.992475,0.0,0.007446333333333222,0.40907733333333834,1.2715028888888913,0.000691666666666609,0.0008376666666666626,0.0,0.0,0.0,0.0,0.6065763333333318,0.5984653333333275,0.0,0.18892833333333198,0.9252371666666478,0.6256779999999936,0.0,0.0,0.0,0.2842500000000049,0.0,0.0,0.0,0.28095733333333334,0.0,0.0,0.0
700,2025-03-20T00:42:18.995368,0.0,0.007446333333333222,0.40907733333333834,1.2715028888888913,0.000691666666666609,0.0,0.0,0.0,0.0,0.0,0.6065763333333318,0.0,0.41047833333333494,0.0,0.9252371666666478,0.0,0.0,0.0,0.0,0.2842500000000049,0.0,0.0,0.0,0.0,0.0,0.1614859999999965,0.0
700,2025-03-20T00:42:21.998290,2.5718726666666503,0.0,0.0,0.0,0.0,0.0,0.0,0.4469041666666651,0.0,0.0008208333333333448,0.0,0.0,0.41047833333333494,0.0,0.0,0.0,0.37034983333333577,0.0,0.0,0.0,0.4477536666666614,0.6764556666666598,0.3643474999999986,0.0,0.0,0.1614859999999965,0.6321440000000015
